JKEdusphere — Test Submissions (Auto-filled by Apps Script),,,,,,,,,,,,,,
Submission_ID,Timestamp,Test_ID,Test_Name,Student_Name,Student_Email,Score,Total_Marks,Percentage,Time_Taken_Sec,Correct,Wrong,Skipped,Rank,Answers_JSON
⚠  Do NOT manually edit this sheet. It is written by the Apps Script backend when students submit tests.,,,,,,,,,,,,,,
SUB1779037628529,2026-05-17T17:07:08.529Z,T001,JKPSI_Telecom_Unit1,Test,test@test.com,1,10,10,60,1,0,9,52,
SUB1779037777673,2026-05-17T17:09:37.673Z,T001,JKPSI_Telecom_Unit1,Kamran Ali,alikamran0103@gmail.com,1.25,10,12.5,17,3,7,0,49,
SUB1779038123109,2026-05-17T17:15:23.109Z,T003A,JKPSC_History_JK,Vshshshs,kamuraza09@gmail.com,-1,4,-25,10,0,2,0,34,
SUB1779038430944,2026-05-17T17:20:30.944Z,T001,JKPSI_Telecom_Unit1,Himesh Reshammiya,himesh9@gmail.com,-2,10,-20,29,0,8,2,58,
SUB1779081244941,2026-05-18T05:14:04.941Z,T001,JKPSI_Telecom_Unit1,Ashish Salhotra,salhotraashish0900@gmail.com,1.25,10,12.5,49,3,7,0,50,
SUB1779092369361,2026-05-18T08:19:29.361Z,T001,JKPSI_Telecom_Unit1,Irfan Rashid,rashidirfan0909@gmail.com,6.25,10,62.5,89,7,3,0,44,
SUB1779095389217,2026-05-18T09:09:49.217Z,T001,JKPSI_Telecom_Unit1,RON,himanshusworld2@gmail.com,2.5,10,25,129,3,2,5,48,
SUB1779096162887,2026-05-18T09:22:42.887Z,T001,JKPSI_Telecom_Unit1,Aisha Shabbir,shabiraish099889@gmail.com,2.5,10,25,89,4,6,0,47,
SUB1779103100563,2026-05-18T11:18:20.563Z,T001,JKPSI_Telecom_Unit1,Faisal,peerzada604@gmail.com,3,10,30,113,3,0,7,46,
SUB1779103621650,2026-05-18T11:27:01.650Z,T001,JKPSI_Telecom_Unit1,Test,test@test.com,1,10,10,60,1,0,9,53,
SUB1779123878713,2026-05-18T17:04:38.713Z,T001,JKPSI_Telecom_Unit1,Test,test@test.com,0,0,0,60,0,0,0,56,
SUB1779128051790,2026-05-18T18:14:11.790Z,T001,JKPSI_Telecom_Unit1,isha,ishajj09@gmail.com,85,200,42.5,443,54,46,0,21,
SUB1779131715489,2026-05-18T19:15:15.489Z,T001,JKPSI_Telecom_Unit1,Test,test@test.com,0,200,0,60,0,0,100,57,
SUB1779174476848,2026-05-19T07:07:56.848Z,T001AA,JKPSI Telecom T01,Amit Udas,udasmmm09@gmail.com,0,200,0,20,0,0,100,14,
SUB1779186291851,2026-05-19T10:24:51.851Z,T001AA,JKPSI Telecom T01,Vikrant Sharma,vikrant182003@gmail.com,21.5,200,10.75,951,13,9,78,9,
SUB1779190781191,2026-05-19T11:39:41.191Z,T001,JKPSI_Telecom_Unit1,MOHAMMAD Asger Alie,alaieasger@gmail.com,123.5,200,61.75,2348,67,21,12,8,
SUB1779193690381,2026-05-19T12:28:10.381Z,T001,JKPSI_Telecom_Unit1,Meer,meermasroor321@gmail.com,22.5,200,11.25,322,14,11,75,38,
SUB1779195407126,2026-05-19T12:56:47.126Z,T001,JKPSI_Telecom_Unit1,Neymar jr,wajahat.23eez0005@iitrpr.ac.in,142.5,200,71.25,2607,74,11,15,1,
SUB1779196001057,2026-05-19T13:06:41.057Z,T001,JKPSI_Telecom_Unit1,Test,test@test.com,23,200,11.5,65,23,46,31,36,
SUB1779196679312,2026-05-19T13:17:59.312Z,T001,JKPSI_Telecom_Unit1,Mehr Ali,alimehr@gmail.com,12.5,200,6.25,19,8,7,85,40,
SUB1779202301762,2026-05-19T14:51:41.762Z,T001,JKPSI_Telecom_Unit1,Sourav Sharma,sharmasourav3636@gmail.com,92.5,200,46.25,1814,49,11,40,19,
SUB1779202529730,2026-05-19T14:55:29.730Z,T001AA,JKPSI Telecom T01,test1,test@gmail.com,0,200,0,10,0,0,100,13,
SUB1779205013874,2026-05-19T15:36:53.874Z,T001,JKPSI_Telecom_Unit1,Kamran Rafiq,kamranrafiq145@gmail.com,25.5,200,12.75,923,16,13,71,34,
SUB1779255528537,2026-05-20T05:38:48.537Z,T001,JKPSI_Telecom_Unit1,Aqeel NAZIR,aqeelnazir450@gmail.com,102,200,51,2971,55,16,29,15,
SUB1779262181249,2026-05-20T07:29:41.249Z,T001,JKPSI_Telecom_Unit1,MUZZAFER AHMAD BHAT,syedmuzafar1998@gmail.com,75,200,37.5,2679,42,18,40,27,
SUB1779263810661,2026-05-20T07:56:50.661Z,T001AA,JKPSI Telecom T01,Kay4M,0201ite208@niet.co.in,110.5,200,55.25,3343,59,15,26,4,
SUB1779270437728,2026-05-20T09:47:17.728Z,T001,JKPSI_Telecom_Unit1,Baba tillu,pyscobaba101@gmial.com,112.5,200,56.25,4238,63,27,10,12,
SUB1779276329512,2026-05-20T11:25:29.512Z,T001AA,JKPSI Telecom T01,Baba tillu,babatillu143@gmail.com,135,200,67.5,3634,72,18,10,2,
SUB1779278599650,2026-05-20T12:03:19.650Z,T001,JKPSI_Telecom_Unit1,Sam,2024eem1098@iitrpr.ac.in,82,200,41,1772,46,20,34,22,
SUB1779280916992,2026-05-20T12:41:56.992Z,T001,JKPSI_Telecom_Unit1,irfan,irfanpir14@gmail.com,13.5,200,6.75,266,9,9,82,39,
SUB1779332948474,2026-05-21T03:09:08.474Z,T001,JKPSI_Telecom_Unit1,Mm,ggg@gmail.com,27,200,13.5,226,15,6,79,33,
SUB1779342723521,2026-05-21T05:52:03.521Z,T001,JKPSI_Telecom_Unit1,Dada Ji,dadaji@gmail.com,90.5,200,45.25,877,51,23,26,20,
SUB1779359774244,2026-05-21T10:36:14.244Z,T001AA,JKPSI Telecom T01,Aqeel NAZIR,aqeelnazir450@gmail.com,88.5,200,44.25,2957,48,15,37,6,
SUB1779369394136,2026-05-21T13:16:34.136Z,T001AA,JKPSI Telecom T01,MOHAMMAD Asger Alie,alaieasger@gmail.com,107,200,53.5,3329,60,26,14,5,
SUB1779692034297,2026-05-25T06:53:54.297Z,T001A,JKPSI_Telecom_T001A,Kay4M,alikamran0103@gmail.com,20,20,100,132,10,0,0,1,
SUB1779692257579,2026-05-25T06:57:37.579Z,T001A,JKPSI_Telecom_T001A,Faisal,faisal@gmail.com,3.5,20,17.5,215,3,5,2,23,
SUB1779692398252,2026-05-25T06:59:58.252Z,T001A,JKPSI_Telecom_T001A,Faisal,faisal@gmail.com,15,20,75,44,8,2,0,2,
SUB1779692572710,2026-05-25T07:02:52.710Z,T001A,JKPSI_Telecom_T001A,Test,test@test.com,0,20,0,18,2,8,0,28,
SUB1779692762295,2026-05-25T07:06:02.295Z,T001A,JKPSI_Telecom_T001A,Klaus,aqeelnazir450@gmail.com,5.5,20,27.5,191,4,5,1,19,
SUB1779692821496,2026-05-25T07:07:01.496Z,T001A,JKPSI_Telecom_T001A,Rehman,khan535@gmail.com,2,20,10,148,2,4,4,25,
SUB1779693314306,2026-05-25T07:15:14.306Z,T001A,JKPSI_Telecom_T001A,Be A Genius,mirkupwara910@gmail.com,7.5,20,37.5,282,5,5,0,15,
SUB1779696182523,2026-05-25T08:03:02.523Z,T001A,JKPSI_Telecom_T001A,Sourav sharm,sharmasourab3636@gmail.com,8,20,40,99,4,0,6,10,
SUB1779717225413,2026-05-25T13:53:45.413Z,T001B,JKPSI_Telecom_T001B,Be A Genius,mirkupwara910@gmail.com,7,40,17.5,629,5,6,9,28,
SUB1779719415593,2026-05-25T14:30:15.593Z,T001B,JKPSI_Telecom_T001B,Be A Genius,mirkupwara910@gmail.com,0,40,0,7,0,0,20,33,
SUB1779719759677,2026-05-25T14:35:59.677Z,T001A,JKPSI_Telecom_T001A,Neymar jr,wajahat.23eez0005@iitrpr.ac.in,6,20,30,453,4,4,2,17,
SUB1779720490350,2026-05-25T14:48:10.350Z,T001B,JKPSI_Telecom_T001B,Wasim hassan,wasimd0482@gmail.com,30,40,75,968,16,4,0,8,
SUB1779722961944,2026-05-25T15:29:21.944Z,T001B,JKPSI_Telecom_T001B,Sourav sharma,sharamsourav3636@gmail.com,17.5,40,43.75,548,9,1,10,21,
SUB1779724631287,2026-05-25T15:57:11.287Z,T001B,JKPSI_Telecom_T001B,Sourav sharma,sharmasourav3636@gmail.com,22,40,55,193,11,0,9,15,
SUB1779774057533,2026-05-26T05:40:57.533Z,T001B,JKPSI_Telecom_T001B,Kay4M,alikamran0103@gmail.com,28.5,40,71.25,418,15,3,2,9,
SUB1779783655364,2026-05-26T08:20:55.364Z,T001A,JKPSI_Telecom_T001A,Mandeep,mandeep@gmail.com,5.5,20,27.5,258,4,5,1,20,
SUB1779791823073,2026-05-26T10:37:03.073Z,T001B,JKPSI_Telecom_T001B,Neymar jr,wajahat.23eez0005@iitrpr.ac.in,23,40,57.5,986,12,2,6,14,
SUB1779812118057,2026-05-26T16:15:18.057Z,T001B,JKPSI_Telecom_T001B,Roshini,itrenusharma21@gmail.com,9.5,40,23.75,881,6,5,9,27,
SUB1779858559551,2026-05-27T05:09:19.551Z,T001,JKPSI_Telecom_Unit1,Test,test@test.com,0,200,0,21,0,0,100,55,
SUB1779859164575,2026-05-27T05:19:24.575Z,T001B,JKPSI_Telecom_T001B,Kamran Ali,alikamran0103@gmail.com,17.5,40,43.75,112,11,9,0,20,
SUB1779902710811,2026-05-27T17:25:10.811Z,T001A,JKPSI_Telecom_T001A,Navjot singh,pingdave95@gmail.com,15,20,75,430,8,2,0,3,
SUB1779974294900,2026-05-28T13:18:14.900Z,T001C,JKPSI Telecom T001C,Be A Genius,mirkupwara910@gmail.com,21,40,52.5,515,12,6,2,23,
SUB1779982857138,2026-05-28T15:40:57.138Z,T001C,JKPSI Telecom T001C,Sourav Sharma,sharmasourav3636@gmsil.com,15.5,40,38.75,560,8,1,11,32,
SUB1779992358780,2026-05-28T18:19:18.780Z,T001C,JKPSI Telecom T001C,Kay4M,alikamran0103@gmail.com,25.5,40,63.75,455,14,5,1,20,
SUB1780008782122,2026-05-28T22:53:02.122Z,T001,JKPSI_Telecom_Unit1,iamsupe,iamsupe@protonmail.com,61.5,200,30.75,952,32,5,63,30,
SUB1780030011170,2026-05-29T04:46:51.170Z,T001A,JKPSI_Telecom_T001A,Babatillu,babatillu143@gmail.com,0,20,0,607,2,8,0,30,
SUB1780030986027,2026-05-29T05:03:06.027Z,T001C,JKPSI Telecom T001C,Babatillu,babatillu143@gmail.com,23,40,57.5,826,13,6,1,21,
SUB1780204654914,2026-05-31T05:17:34.914Z,T001B,JKPSI_Telecom_T001B,Itehad Ali,itehad123@gmail.com,-4.5,40,-11.25,24,2,17,1,35,
SUB1780205437906,2026-05-31T05:30:37.906Z,T001,JKPSI_Telecom_Unit1,Ronak Sharma,himanshusworld2@gmail.com,3.5,200,1.75,9,2,1,97,45,
SUB1780206982474,2026-05-31T05:56:22.474Z,T001AA,JKPSI Telecom T01,Rishav,rishav2897@gmail.com,23,200,11.5,527,13,6,81,8,
SUB1780227594069,2026-05-31T11:39:54.069Z,T001B,JKPSI_Telecom_T001B,Faisal,peerzada604@gmail.com,19.5,40,48.75,364,11,5,4,18,
SUB1780288987422,2026-06-01T04:43:07.422Z,T003A,Computer,Kamran,kamuraza09@gmail.com,5.5,10,55,345,6,2,2,15,
SUB1780296619964,2026-06-01T06:50:19.964Z,T001B,JKPSI_Telecom_T001B,Itehad Ali,itehad123@gmail.com,40,40,100,1554,20,0,0,1,
SUB1780301493289,2026-06-01T08:11:33.289Z,T003A,Computer,Amir,loneamir897@gmail.com,0,10,0,211,2,8,0,33,
SUB1780307282334,2026-06-01T09:48:02.334Z,T003A,Computer,faiz,lonefaisal409@gmail.com,5.75,10,57.5,414,6,1,3,14,
SUB1780324767852,2026-06-01T14:39:27.852Z,T001,JKPSI_Telecom_Unit1,Manjeet,anmolbandral7@gmail.com,79,200,39.5,1843,45,22,33,23,
SUB1780325772462,2026-06-01T14:56:12.462Z,T001,JKPSI_Telecom_Unit1,Manjeet,anmolbandral7@gmail.com,139,200,69.5,300,70,2,28,2,
SUB1780326680344,2026-06-01T15:11:20.344Z,T001,JKPSI_Telecom_Unit1,aspirant,yilepin579@googxs.com,10,200,5,394,6,4,90,42,
SUB1780375869392,2026-06-02T04:51:09.392Z,T001C,JKPSI Telecom T001C,Test,test1@gmail.com,0,40,0,5,0,0,20,42,
SUB1780377363037,2026-06-02T05:16:03.037Z,T003A,Computer,Itehad Ali,itehad123@gmail.com,0,10,0,11,0,0,10,32,
SUB1780414661988,2026-06-02T15:37:41.988Z,T001AA,JKPSI Telecom T01,Manjeet,anmolbandral7@gmail.com,69,200,34.5,1795,40,22,38,7,
SUB1780415348217,2026-06-02T15:49:08.217Z,T001C,JKPSI Telecom T001C,Manjeet,anmolbandral7@gmail.com,10,40,25,236,8,12,0,37,
SUB1780463253835,2026-06-03T05:07:33.835Z,T003A,Computer,AVINASH SHARMA,avinashsharma091998@gmail.com,1.5,10,15,292,3,6,1,29,
SUB1780469487124,2026-06-03T06:51:27.124Z,T001C,JKPSI Telecom T001C,Sanjay kumar,sanjaykumarskk.01@gmail.com,2.5,40,6.25,393,5,15,0,41,
SUB1780474926471,2026-06-03T08:22:06.471Z,T002F,Computer Proficiency,Mandeep,mandeepkummar05@gmail.com,3.5,60,5.83,265,3,5,22,11,
SUB1780481495980,2026-06-03T10:11:35.980Z,T001,JKPSI_Telecom_Unit1,Irshad ahmed Chopan,ia5320103@gmail.com,103.5,200,51.75,1812,56,17,27,13,
SUB1780493519122,2026-06-03T13:31:59.122Z,T003A,Computer,Itehad Ali,itehad123@gmail.com,9,10,90,311,9,0,1,4,
SUB1780507688417,2026-06-03T17:28:08.417Z,T002F,Computer Proficiency,Be A Genius,mirkupwara910@gmail.com,4,60,6.67,288,3,4,23,10,
SUB1780910325253,2026-06-08T09:18:45.253Z,T001C,JKPSI Telecom T001C,RENU Sharma,itrenusharma21@gmail.com,18.5,40,46.25,1077,10,3,7,30,
SUB1780940697019,2026-06-08T17:44:57.019Z,T002F,Computer Proficiency,Priya Choudhary,iampriya.ch444@gmail.com,48,60,80,990,25,4,1,4,
SUB1780942971300,2026-06-08T18:22:51.300Z,T001,JKPSI_Telecom_Unit1,Priya Choudhary,iampriya.ch444@gmail.com,95.5,200,47.75,1998,52,17,31,17,
SUB1781086792585,2026-06-10T10:19:52.585Z,T003B,Accountancy,Wani Inayat,inayathamid9205@gmail.com,23.75,60,39.58,303,25,5,0,8,
SUB1781095590634,2026-06-10T12:46:30.634Z,T003B,Accountancy,Itehad Ali,itehad123@gmail.com,15.25,60,25.42,576,18,11,1,20,
SUB1781107421640,2026-06-10T16:03:41.640Z,T003B,Accountancy,Umar Rashid,umir0721@gmail.com,18.75,30,62.5,479,21,9,0,15,
SUB1781153654093,2026-06-11T04:54:14.093Z,T001A,JKPSI_Telecom_T001A,Mohd Aslam,aqidnazir11@gmail.com,12.5,20,62.5,245,7,3,0,4,
SUB1781240530627,2026-06-12T05:02:10.627Z,T001C,JKPSI Telecom T001C,Faisal,peerzada604@gmail.com,17.5,40,43.75,1316,11,9,0,31,
SUB1781418569176,2026-06-14T06:29:29.177Z,T003B,Accountancy,Wani Inayat,inayathamid9205@gmail.com,28.75,30,95.83,160,29,1,0,2,
SUB1781418931264,2026-06-14T06:35:31.264Z,T003A,Computer,Wani Inayat,inayathamid9205@gmail.com,2.5,10,25,268,4,6,0,24,
SUB1781431939197,2026-06-14T10:12:19.197Z,TFAA01Full,FAA Full Length,Itehad Ali,itehad123@gmail.com,68,120,56.67,2767,74,24,22,8,
SUB1781446137954,2026-06-14T14:08:57.954Z,T003B,Accountancy,Sapna,sapnadevi1002@gmail.com,17.5,30,58.33,360,20,10,0,16,
SUB1781502780801,2026-06-15T05:53:00.801Z,TFAA01Full,FAA Full Length,Wani Inayat,inayathamid9205@gmail.com,78.75,120,65.63,3036,87,33,0,6,
SUB1781523682264,2026-06-15T11:41:22.264Z,TFAA01Full,FAA Full Length,Sahil Ahmad Khan,billu2298@gmail.com,83.75,120,69.79,3349,91,29,0,5,
SUB1781525401655,2026-06-15T12:10:01.655Z,T003A,Computer,Kay4M,alikamran0103@gmail.com,5.5,10,55,356,6,2,2,16,
SUB1781526170259,2026-06-15T12:22:50.259Z,T003A,Computer,Sahil Ahmad Khan,billu2298@gmail.com,6.25,10,62.5,307,7,3,0,12,
SUB1781526875042,2026-06-15T12:34:35.042Z,T003B,Accountancy,Sahil Ahmad Khan,billu2298@gmail.com,23.75,30,79.17,636,25,5,0,10,
SUB1781589508311,2026-06-16T05:58:28.311Z,TFAA01Full,FAA Full Length,Shokitdar,shokitdar124@gmail.com,91,120,75.83,1615,94,12,14,4,
SUB1781717709507,2026-06-17T17:35:09.507Z,T003A,Computer,Meer Junaid,junaidrasoolmir@gmail.com,5.5,10,55,689,6,2,2,17,
SUB1781806333454,2026-06-18T18:12:13.454Z,T001,JKPSI_Telecom_Unit1,Naam nhi batau ga,9086022050.rur@gmail.com,73.5,200,36.75,1204,41,17,42,28,
SUB1781839358301,2026-06-19T03:22:38.301Z,T001B,JKPSI_Telecom_T001B,Naam nhi batau ga,9086022050.rur@gmail.com,18.5,40,46.25,558,11,7,2,19,
SUB1781839778346,2026-06-19T03:29:38.346Z,T001A,JKPSI_Telecom_T001A,Naam nhi batau ga,9086022050.rur@gmail.com,5.5,20,27.5,116,3,1,6,18,
SUB1781868530105,2026-06-19T11:28:50.105Z,T001,JKPSI_Telecom_Unit1,Sahil,sahil21005@gmail.com,118,200,59,3149,67,32,1,10,
SUB1781890028187,2026-06-19T17:27:08.187Z,T001,JKPSI_Telecom_Unit1,Itehad Ali,itehad123@gmail.com,0,200,0,8,0,0,100,54,
SUB1781937192111,2026-06-20T06:33:12.111Z,GS1SIT,GK & CA Test-1 20th June,Itehad Ali,itehad123@gmail.com,0,60,0,44,0,0,28,3,
SUB1781941821227,2026-06-20T07:50:21.227Z,GS1SIT,GK & CA Test-1 20th June,Kay4M,alikamran0103@gmail.com,25.5,60,42.5,448,16,13,0,1,
SUB1781978879246,2026-06-20T18:07:59.246Z,GS2SIT,GK & CA Test-2 20th June,Kay4M,alikamran0103@gmail.com,47.5,60,79.17,658,25,5,0,1,
SUB1782104291369,2026-06-22T04:58:11.369Z,T001,JKPSI_Telecom_Unit1,Waqar,waqarmaqbool9143@gmail.com,75.5,198,38.13,1338,50,49,0,26,
SUB1782190999599,2026-06-23T05:03:19.599Z,T001AA,JKPSI Telecom T01,Manjeet,anmolbandral7@gmail.com,12.5,200,6.25,817,8,7,85,10,
SUB1782194520931,2026-06-23T06:02:00.931Z,T001A,JKPSI_Telecom_T001A,Sourav Sharma,sharmasourav3636@gmail.com,8,20,40,548,5,4,1,13,
SUB1782195449947,2026-06-23T06:17:29.947Z,T001,JKPSI_Telecom_Unit1,Sourav Sharma,sharmasourav3636@gmail.com,99.5,198,50.25,805,52,9,38,16,
SUB1782239611296,2026-06-23T18:33:31.296Z,T001B,JKPSI_Telecom_T001B,Pratham Sharma,pratham.palotra@gmail.com,13.5,40,33.75,708,8,5,7,25,
SUB1782282355837,2026-06-24T06:25:55.837Z,T001,JKPSI_Telecom_Unit1,Creator,creatorboy881@gmail.com,1,198,0.51,51,1,2,96,51,
SUB1782283479503,2026-06-24T06:44:39.503Z,T001,JKPSI_Telecom_Unit1,BASIT WAKEEL,basitwani377@gmail.com,9.5,198,4.8,272,7,9,83,43,
SUB1782316328549,2026-06-24T15:52:08.549Z,JKGK1SIT,UT Specific GK Test-1 23 June,Manjeet,anmolbandral7@gmail.com,12.5,60,20.83,499,9,11,10,7,
SUB1782493111557,2026-06-26T16:58:31.557Z,GECS1SIT,General English Test-1 25 June,Radha_Kri,rishb0831@gmail.com,38,60,63.33,2400,20,4,5,5,
SUB1782544390487,2026-06-27T07:13:10.487Z,GECS1SIT,General English Test-1 25 June,Itehad Ali,itehad123@gmail.com,47.5,60,79.17,1739,25,5,0,1,
SUB1782575932900,2026-06-27T15:58:52.900Z,T001C,JKPSI Telecom T001C,Sourav Sharma,sharmasourav3636@gmail.com,18.5,40,46.25,324,10,3,7,29,
SUB1782639004695,2026-06-28T09:30:04.695Z,T001B,JKPSI_Telecom_T001B,Reshav menia,reshavmenia342@gmail.com,35,40,87.5,338,18,2,0,5,
SUB1782740615099,2026-06-29T13:43:35.099Z,EM4SITFree,Engineering Mathematics,Sourav Sharma,sharmasourav3636@gmail.com,2,20,10,113,1,0,9,6,
SUB1782749173605,2026-06-29T16:06:13.605Z,T001C,JKPSI Telecom T001C,Reshav menia,reshavmenia342@gmail.com,21,40,52.5,1128,12,6,2,24,
SUB1782758032831,2026-06-29T18:33:52.831Z,EM4SITFree,Engineering Mathematics,Sourav Sharma,sharmasourav3636@gmail.com,0,20,0,119,0,0,10,12,
SUB1782796248723,2026-06-30T05:10:48.723Z,T001A,JKPSI_Telecom_T001A,Faisal,peerzada604@gmail.com,2.5,20,12.5,271,3,7,0,24,
SUB1782801133773,2026-06-30T06:32:13.773Z,T001C,JKPSI Telecom T001C,Naam nhi batau ga,9086022050.rur@gmail.com,27.5,40,68.75,643,15,5,0,14,
SUB1782801928634,2026-06-30T06:45:28.634Z,T001B,JKPSI_Telecom_T001B,Naam nhi batau ga,9086022050.rur@gmail.com,15,40,37.5,473,10,10,0,23,
SUB1782922478638,2026-07-01T16:14:38.638Z,EM4SITFree,Engineering Mathematics,Sahil Nirdosh,sahilnirdosh8@gmail.com,1,20,5,59,2,6,2,7,
SUB1782970278922,2026-07-02T05:31:18.922Z,T001C,JKPSI Telecom T001C,Sharma Sharma,sukanya1901295@gmail.com,31.5,40,78.75,806,16,1,3,10,
SUB1782971282809,2026-07-02T05:48:02.809Z,T001C,JKPSI Telecom T001C,Sharma Sharma,sukanya1901295@gmail.com,40,40,100,311,20,0,0,3,
SUB1783010450308,2026-07-02T16:40:50.308Z,EM4SITFree,Engineering Mathematics,Itehad Ali,itehad123@gmail.com,15,20,75,88,8,2,0,2,
SUB1783061901400,2026-07-03T06:58:21.400Z,T003A,Computer,Itehad Ali,itehad123@gmail.com,6.25,10,62.5,132,7,3,0,10,
SUB1783069714627,2026-07-03T09:08:34.627Z,T001C,JKPSI Telecom T001C,Sharma Sharma,sukanya1901295@gmail.com,35,40,87.5,347,18,2,0,6,
SUB1783069939583,2026-07-03T09:12:19.583Z,T001C,JKPSI Telecom T001C,Sharma Sharma,sukanya1901295@gmail.com,40,40,100,173,20,0,0,1,
SUB1783113069968,2026-07-03T21:11:09.968Z,GECS1SIT,General English Test-1 25 June,Itehad Ali,itehad123@gmail.com,33.5,60,55.83,746,19,9,2,8,
SUB1783143951640,2026-07-04T05:45:51.640Z,EM2SIT,Engineering Mathematics Test 2 3 July,Sourav Sharma,sharmasourav3636@gmail.com,8,60,13.33,1181,4,0,26,2,
SUB1783146830434,2026-07-04T06:33:50.434Z,EM2SIT,Engineering Mathematics Test 2 3 July,Sourav Sharma,sharmasourav3636@gmail.com,19,60,31.67,1636,10,2,18,1,
SUB1783147946101,2026-07-04T06:52:26.101Z,EM3SIT,Engineering Mathematics Test 3 4 July,Sourav Sharma,sharmasourav3636@gmail.com,-1,60,-1.67,386,0,2,28,1,
SUB1783163534687,2026-07-04T11:12:14.687Z,T002F,Computer Proficiency,Sahil Nirdosh,sahilnirdosh8@gmail.com,15,60,25,217,12,18,0,9,
SUB1783330250039,2026-07-06T09:30:50.039Z,CSNS1SIT,CS & Networking Systems Test 1,Naam nhi batau ga,9086022050.rur@gmail.com,15.5,60,25.83,945,10,9,11,8,
SUB1783425807540,2026-07-07T12:03:27.540Z,GIR3SIT,GI & Reasoning Test 3 29 June,Prachi Rajput,prachirajput0189@gmail.com,22.5,60,37.5,2100,13,7,10,6,
SUB1783494734609,2026-07-08T07:12:14.609Z,GECS1SIT,General English Test-1 25 June,Abishek Choudhary,abishekchoudharyak@gmail.com,38,60,63.33,1454,21,8,1,4,
SUB1783496723820,2026-07-08T07:45:23.820Z,CSNS2SIT,CS & Networking Systems Test 2,Sourav Sharma,sharmasourav3636@gmail.com,-0.5,60,-0.83,515,0,1,29,4,
SUB1783502285366,2026-07-08T09:18:05.366Z,CSNS3SIT,CS & Networking Systems Test 3,Sourav Sharma,sharmasourav3636@gmail.com,38.5,60,64.17,748,20,3,7,1,
SUB1783527602477,2026-07-08T16:20:02.477Z,CSNS3SIT,CS & Networking Systems Test 3,Sourav Sharma,sharmasourav3636@gmail.com,34,60,56.67,636,18,4,8,2,
SUB1783567137788,2026-07-09T03:18:57.788Z,T001A,JKPSI_Telecom_T001A,Faisal,itoofaisal41@gmail.com,3.5,20,17.5,76,2,1,7,21,
SUB1783573765331,2026-07-09T05:09:25.331Z,EM4SITFree,Engineering Mathematics,Novjot Singh,uthkarshthakur95491@gmail.com,0,20,0,25,0,0,10,11,
SUB1783574180997,2026-07-09T05:16:20.997Z,T001C,JKPSI Telecom T001C,Umer Nisar,loneumar166@gmail.com,2.5,40,6.25,77,2,3,15,40,
SUB1783577628814,2026-07-09T06:13:48.814Z,T001,JKPSI_Telecom_Unit1,Max05,vishaldotcom55@gmail.com,79,198,39.9,2786,42,10,47,24,
SUB1783603104051,2026-07-09T13:18:24.051Z,CSLF1SIT,Cyber Security & Legal Framework Test 1,Sourav Sharma,sharmasourav3636@gmail.com,39.5,60,65.83,960,21,5,4,9,
SUB1783688839765,2026-07-10T13:07:19.765Z,T001C,JKPSI Telecom T001C,Umar Rashid,umir0721@gmail.com,20,40,50,865,12,8,0,26,
SUB1783756488126,2026-07-11T07:54:48.126Z,CSLF1SIT,Cyber Security & Legal Framework Test 1,Rohit,lau512311@gmail.com,25,60,41.67,925,13,2,15,15,
SUB1783758723806,2026-07-11T08:32:03.806Z,CSLF3SIT,Cyber Security & Legal Framework Test 3 22,Itehad Ali,itehad123@gmail.com,27.5,60,45.83,1572,16,9,5,2,
SUB1783765496393,2026-07-11T10:24:56.393Z,GECS3SIT,General English Test-3 26 June,Faisal,peerzada604@gmail.com,26.5,60,44.17,934,16,11,3,3,
SUB1783765726804,2026-07-11T10:28:46.804Z,T002F,Computer Proficiency,User01,arjunsingh.dev10@gmail.com,46,60,76.67,1074,24,4,2,5,
SUB1783855840478,2026-07-12T11:30:40.478Z,T001C,JKPSI Telecom T001C,wasim hassan,mirwasim.h@gmail.com,27.5,40,68.75,11979,15,5,0,15,
SUB1783863538461,2026-07-12T13:38:58.461Z,T001A,JKPSI_Telecom_T001A,Umer Nisar,loneumar166@gmail.com,8.5,20,42.5,125,5,3,2,7,
SUB1783864253251,2026-07-12T13:50:53.251Z,T001,JKPSI_Telecom_Unit1,Umer Nisar,loneumar166@gmail.com,115,198,58.08,552,62,18,19,11,
SUB1783865312936,2026-07-12T14:08:32.936Z,T002F,Computer Proficiency,Umer Nisar,loneumar166@gmail.com,38,60,63.33,450,21,8,1,7,
SUB1783868300348,2026-07-12T14:58:20.348Z,T001A,JKPSI_Telecom_T001A,MAJID NAZIR,majidnazir1200@gmail.com,8.5,20,42.5,965,5,3,2,9,
SUB1783917001334,2026-07-13T04:30:01.334Z,T001C,JKPSI Telecom T001C,wasim hassan,mirwasim.h@gmail.com,35,40,87.5,504,18,2,0,7,
SUB1783943491892,2026-07-13T11:51:31.892Z,CSLF1SIT,Cyber Security & Legal Framework Test 1,Murtaza,murtazaaziz519@gmail.com,47.5,60,79.17,1241,24,1,5,6,
SUB1783944304750,2026-07-13T12:05:04.750Z,CSLF1SIT,Cyber Security & Legal Framework Test 1,Mohim Mahmood khan,mohimk565@gmail.com,48,60,80,1673,24,0,6,5,
SUB1784004718771,2026-07-14T04:51:58.771Z,T001A,JKPSI_Telecom_T001A,Rayees Ahmad Bhat,rayees820@gmail.com,3.5,20,17.5,151,2,1,7,22,
SUB1784005441896,2026-07-14T05:04:01.896Z,T001,JKPSI_Telecom_Unit1,Rayees Ahmad Bhat,rayees820@gmail.com,27.5,198,13.89,528,15,5,79,32,
SUB1784026915744,2026-07-14T11:01:55.744Z,GIR1SIT,GI & Reasoning Test 1 27 June,Max05,vishaldotcom55@gmail.com,20.5,60,34.17,2100,12,7,11,7,
SUB1784027933375,2026-07-14T11:18:53.375Z,JKGK1SIT,UT Specific GK Test-1 23 June,Max05,vishaldotcom55@gmail.com,11,60,18.33,821,7,6,17,8,
SUB1784031226994,2026-07-14T12:13:46.994Z,T003A,Computer,Umer Nisar,loneumar166@gmail.com,4,10,40,267,5,4,1,23,
SUB1784129675791,2026-07-15T15:34:35.791Z,His1,Sources Of History,Kay4M,alikamran0103@gmail.com,7,30,23.33,383,7,0,23,1,
SUB1784202388066,2026-07-16T11:46:28.066Z,T001C,JKPSI Telecom T001C,User01,arjunsingh.dev10@gmail.com,38,40,95,320,19,0,1,5,
SUB1784217069164,2026-07-16T15:51:09.164Z,T003A,Computer,Mahajan,sandeeps46173@gmail.com,4.5,10,45,299,5,2,3,21,
SUB1784217123990,2026-07-16T15:52:03.990Z,T003A,Computer,Mahajan,sandeeps46173@gmail.com,1,10,10,11,1,0,9,31,
SUB1784265895954,2026-07-17T05:24:55.954Z,T001C,JKPSI Telecom T001C,MK,gfsfyoebjiijgigjch@onldm.net,19,40,47.5,391,11,6,3,27,
SUB1784266298017,2026-07-17T05:31:38.017Z,T001B,JKPSI_Telecom_T001B,MK,gfsfyoebjiijgigjch@onldm.net,9.5,40,23.75,243,5,1,14,26,
SUB1784272628997,2026-07-17T07:17:08.997Z,TFAA01Full,FAA Full Length,Mahajan,sandeeps46173@gmail.com,28,120,23.33,676,30,8,82,9,
SUB1784279304787,2026-07-17T09:08:24.787Z,GECS1SIT,General English Test-1 25 June,sameer Choudhary,choudharysameer287@gmail.com,29.5,60,49.17,1479,17,9,4,10,
SUB1784283924079,2026-07-17T10:25:24.079Z,GECS1SIT,General English Test-1 25 June,sameer Choudhary,choudharysameer287@gmail.com,0,60,0,5,0,0,30,16,
SUB1784313146663,2026-07-17T18:32:26.663Z,EM4SITFree,Engineering Mathematics,Kay4M,alikamran0103@gmail.com,15,20,75,61,8,2,0,1,
SUB1784313993978,2026-07-17T18:46:33.978Z,T003A,Computer,Kay4M,alikamran0103@gmail.com,8.75,10,87.5,89,9,1,0,5,
SUB1784314113657,2026-07-17T18:48:33.657Z,T003A,Computer,Kay4M,alikamran0103@gmail.com,10,10,100,40,10,0,0,2,
SUB1784314259416,2026-07-17T18:50:59.416Z,T003A,Computer,Kay4M,alikamran0103@gmail.com,10,10,100,37,10,0,0,1,
SUB1784314814180,2026-07-17T19:00:14.180Z,T003A,Computer,Kay4M,alikamran0103@gmail.com,7.5,10,75,23,8,2,0,6,"{""Q252"":""D"",""Q253"":""B"",""Q254"":""A"",""Q255"":""C"",""Q256"":""C"",""Q257"":""B"",""Q258"":""B"",""Q259"":""C"",""Q260"":""A"",""Q261"":""D""}"
SUB1784357319114,2026-07-18T06:48:39.114Z,T001B,JKPSI_Telecom_T001B,Jalid Ashraf Magray,jalidashraf75@gmail.com,5,40,12.5,311,6,14,0,29,"{""Q212"":""A"",""Q213"":""C"",""Q214"":""D"",""Q215"":""B"",""Q216"":""C"",""Q217"":""B"",""Q218"":""B"",""Q219"":""B"",""Q220"":""D"",""Q221"":""C"",""Q222"":""B"",""Q223"":""C"",""Q224"":""B"",""Q225"":""A"",""Q226"":""C"",""Q227"":""C"",""Q228"":""B"",""Q229"":""A"",""Q230"":""C"",""Q231"":""C""}"
SUB1784367166821,2026-07-18T09:32:46.821Z,T001B,JKPSI_Telecom_T001B,Danish,dannu7051@gmail.com,23,40,57.5,728,13,6,1,13,"{""Q212"":""D"",""Q213"":""D"",""Q214"":""D"",""Q215"":""C"",""Q216"":""C"",""Q218"":""D"",""Q219"":""B"",""Q220"":""D"",""Q221"":""C"",""Q222"":""B"",""Q223"":""B"",""Q224"":""B"",""Q225"":""C"",""Q226"":""B"",""Q227"":""B"",""Q228"":""A"",""Q229"":""C"",""Q230"":""B"",""Q231"":""B""}"
SUB1784371655636,2026-07-18T10:47:35.636Z,EM4SITFree,Engineering Mathematics,Kamran,kamuraza09@gmail.com,0,20,0,3,0,0,10,8,{}
SUB1784371699157,2026-07-18T10:48:19.157Z,EM4SITFree,Engineering Mathematics,Kamran,kamuraza09@gmail.com,0,20,0,17,0,0,10,10,{}
SUB1784389089148,2026-07-18T15:38:09.148Z,His2,Pre History,Kay4M,alikamran0103@gmail.com,17.5,30,58.33,1132,19,6,5,1,"{""Q1961"":""A"",""Q1962"":""A"",""Q1963"":""D"",""Q1964"":""C"",""Q1965"":""A"",""Q1966"":""A"",""Q1967"":""A"",""Q1969"":""D"",""Q1970"":""A"",""Q1971"":""A"",""Q1972"":""A"",""Q1974"":""C"",""Q1975"":""A"",""Q1977"":""B"",""Q1978"":""D"",""Q1979"":""C"",""Q1981"":""A"",""Q1982"":""A"",""Q1983"":""A"",""Q1984"":""A"",""Q1985"":""A"",""Q1986"":""A"",""Q1987"":""C"",""Q1988"":""B"",""Q1989"":""A""}"
SUB1784389897211,2026-07-18T15:51:37.211Z,T003A,Computer,Kay4M,alikamran0103@gmail.com,6.25,10,62.5,293,7,3,0,11,"{""Q252"":""D"",""Q253"":""A"",""Q254"":""A"",""Q255"":""C"",""Q256"":""C"",""Q257"":""B"",""Q258"":""C"",""Q259"":""C"",""Q260"":""A"",""Q261"":""C""}"
SUB1784392591262,2026-07-18T16:36:31.262Z,T003A,Computer,Ahmed A,ahmedkhangujj@gmail.com,10,10,100,54,10,0,0,3,"{""Q252"":""D"",""Q253"":""B"",""Q254"":""A"",""Q255"":""C"",""Q256"":""C"",""Q257"":""B"",""Q258"":""D"",""Q259"":""C"",""Q260"":""A"",""Q261"":""A""}"
SUB1784537139471,2026-07-20T08:45:39.471Z,T001B,JKPSI_Telecom_T001B,Muneeb,ahmedbalimuneeb@gmail.com,16.5,40,41.25,582,10,7,3,22,"{""Q212"":""D"",""Q213"":""D"",""Q214"":""D"",""Q215"":""D"",""Q216"":""D"",""Q217"":""D"",""Q219"":""D"",""Q220"":""B"",""Q221"":""B"",""Q222"":""B"",""Q224"":""B"",""Q225"":""B"",""Q226"":""A"",""Q227"":""B"",""Q228"":""C"",""Q229"":""C"",""Q230"":""A""}"
SUB1784538848081,2026-07-20T09:14:08.081Z,T001B,JKPSI_Telecom_T001B,Danish,dannu7051@gmail.com,20,40,50,392,11,4,5,17,"{""Q212"":""D"",""Q213"":""D"",""Q214"":""D"",""Q215"":""C"",""Q216"":""A"",""Q218"":""C"",""Q220"":""C"",""Q221"":""B"",""Q222"":""B"",""Q223"":""A"",""Q224"":""C"",""Q226"":""B"",""Q227"":""B"",""Q228"":""B"",""Q231"":""B""}"
SUB1784540909619,2026-07-20T09:48:29.619Z,ED1SITFree,Electronic Devices,Umer Nisar,loneumar166@gmail.com,5,20,25,94,2,2,6,13,"{""Q2176"":""A"",""Q2177"":""B"",""Q2178"":""D"",""Q2179"":""A""}"
SUB1784543178295,2026-07-20T10:26:18.295Z,T001C,JKPSI Telecom T001C,Radha_Kri,rishb0831@gmail.com,28,40,70,966,15,4,1,12,"{""Q232"":""B"",""Q233"":""A"",""Q234"":""C"",""Q235"":""A"",""Q236"":""A"",""Q237"":""B"",""Q238"":""A"",""Q239"":""B"",""Q240"":""A"",""Q241"":""C"",""Q242"":""C"",""Q243"":""B"",""Q244"":""A"",""Q246"":""B"",""Q247"":""A"",""Q248"":""A"",""Q249"":""A"",""Q250"":""B"",""Q251"":""B""}"
SUB1784543432683,2026-07-20T10:30:32.683Z,ED1SITFree,Electronic Devices,Mv,shmehv@gmail.com,0,20,0,600,0,0,10,22,{}
SUB1784562172569,2026-07-20T15:42:52.569Z,BN1SIT,Basic Numeracy Test 1 30 June,Kay4M,alikamran0103@gmail.com,13,60,21.67,2100,7,2,21,7,"{""Q788"":""C"",""Q790"":""B"",""Q791"":""B"",""Q792"":""C"",""Q796"":""B"",""Q797"":""B"",""Q799"":""A"",""Q803"":""A"",""Q815"":""B""}"
SUB1784563876128,2026-07-20T16:11:16.128Z,GECS1SIT,General English Test-1 25 June,Kay4M,alikamran0103@gmail.com,29.5,60,49.17,1496,17,9,4,11,"{""Q598"":""B"",""Q599"":""A"",""Q601"":""C"",""Q602"":""C"",""Q603"":""A"",""Q604"":""C"",""Q605"":""A"",""Q606"":""D"",""Q607"":""C"",""Q608"":""D"",""Q609"":""A"",""Q610"":""D"",""Q611"":""A"",""Q613"":""D"",""Q616"":""D"",""Q617"":""D"",""Q618"":""D"",""Q619"":""B"",""Q620"":""C"",""Q621"":""A"",""Q623"":""B"",""Q624"":""D"",""Q625"":""A"",""Q689"":""A"",""Q696"":""B"",""Q697"":""A""}"
SUB1784572714059,2026-07-20T18:38:34.059Z,T001AA,JKPSI Telecom T01,Danish,dannu7051@gmail.com,0.5,200,0.25,243,1,3,96,12,"{""Q102"":""D"",""Q103"":""B"",""Q104"":""B"",""Q105"":""B""}"
SUB1784611032086,2026-07-21T05:17:12.086Z,JKGK1SIT,UT Specific GK Test-1 23 June,Max05,vishaldotcom55@gmail.com,14,60,23.33,1104,9,8,13,6,"{""Q514"":""C"",""Q516"":""B"",""Q517"":""B"",""Q518"":""C"",""Q519"":""C"",""Q522"":""B"",""Q525"":""C"",""Q526"":""A"",""Q527"":""D"",""Q528"":""C"",""Q529"":""C"",""Q532"":""D"",""Q533"":""D"",""Q534"":""D"",""Q535"":""C"",""Q687"":""A"",""Q688"":""A""}"
SUB1784636173679,2026-07-21T12:16:13.679Z,ITG3SIT,IT Systems & e-Governance Test 3,Umar Rashid,umir0721@gmail.com,26,60,43.33,1684,16,12,2,2,"{""Q1532"":""B"",""Q1533"":""A"",""Q1534"":""B"",""Q1535"":""C"",""Q1536"":""C"",""Q1537"":""A"",""Q1538"":""C"",""Q1539"":""A"",""Q1540"":""B"",""Q1541"":""B"",""Q1542"":""B"",""Q1543"":""B"",""Q1545"":""A"",""Q1547"":""B"",""Q1548"":""B"",""Q1549"":""D"",""Q1550"":""A"",""Q1551"":""B"",""Q1553"":""D"",""Q1554"":""D"",""Q1555"":""A"",""Q1556"":""D"",""Q1557"":""B"",""Q1558"":""D"",""Q1559"":""A"",""Q1560"":""D"",""Q1544"":""D"",""Q1552"":""A""}"
SUB1784656233719,2026-07-21T17:50:33.719Z,T001B,JKPSI_Telecom_T001B,Danish,dannu7051@gmail.com,20.5,40,51.25,429,11,3,6,16,"{""Q212"":""D"",""Q213"":""D"",""Q214"":""D"",""Q215"":""B"",""Q216"":""A"",""Q231"":""B"",""Q230"":""B"",""Q218"":""C"",""Q222"":""B"",""Q223"":""A"",""Q225"":""C"",""Q226"":""B"",""Q227"":""B"",""Q228"":""B""}"
SUB1784698354748,2026-07-22T05:32:34.748Z,T001C,JKPSI Telecom T001C,Muneeb,ahmedbalimuneeb@gmail.com,19,40,47.5,439,11,6,3,28,"{""Q232"":""B"",""Q233"":""B"",""Q234"":""A"",""Q235"":""A"",""Q236"":""C"",""Q237"":""B"",""Q238"":""A"",""Q239"":""B"",""Q240"":""A"",""Q241"":""C"",""Q242"":""A"",""Q243"":""B"",""Q244"":""B"",""Q246"":""B"",""Q247"":""A"",""Q250"":""B"",""Q251"":""B""}"
SUB1784721932296,2026-07-22T12:05:32.296Z,ED1SITFree,Electronic Devices,Furkan Farooq,furkanfarooq04@gmail.com,2,20,10,79,1,0,9,16,"{""Q2176"":""A""}"
SUB1784792993474,2026-07-23T07:49:53.474Z,MP1SIT,Microprocessors Test 1,Sourav Sharma,sharmasourav3636@gmail.com,33,40,82.5,255,16,2,2,5,"{""Q2201"":""B"",""Q2202"":""B"",""Q2203"":""C"",""Q2205"":""C"",""Q2206"":""B"",""Q2207"":""A"",""Q2208"":""B"",""Q2209"":""B"",""Q2211"":""C"",""Q2212"":""B"",""Q2213"":""B"",""Q2214"":""B"",""Q2215"":""C"",""Q2216"":""A"",""Q2217"":""A"",""Q2218"":""A"",""Q2219"":""A"",""Q2220"":""B""}"
SUB1784865865092,2026-07-24T04:04:25.092Z,ED1SITFree,Electronic Devices,Umer Nisar,loneumar166@gmail.com,16.5,20,82.5,55,8,1,1,2,"{""Q2171"":""A"",""Q2172"":""B"",""Q2173"":""A"",""Q2174"":""B"",""Q2176"":""A"",""Q2177"":""B"",""Q2178"":""B"",""Q2179"":""B"",""Q2180"":""D""}"
SUB1784871557095,2026-07-24T05:39:17.095Z,CSNS1SIT,CS & Networking Systems Test 1,Max05,vishaldotcom55@gmail.com,18.5,60,30.83,1199,10,3,17,7,"{""Q1293"":""C"",""Q1296"":""C"",""Q1299"":""B"",""Q1300"":""B"",""Q1303"":""B"",""Q1306"":""B"",""Q1311"":""A"",""Q1312"":""A"",""Q1313"":""A"",""Q1291"":""B"",""Q1292"":""A"",""Q1301"":""D"",""Q1302"":""B""}"
SUB1784896008170,2026-07-24T12:26:48.170Z,T001B,JKPSI_Telecom_T001B,Mv,shmehv@gmail.com,25,40,62.5,426,14,6,0,11,"{""Q212"":""D"",""Q213"":""C"",""Q214"":""D"",""Q215"":""C"",""Q216"":""A"",""Q217"":""B"",""Q218"":""A"",""Q219"":""C"",""Q220"":""D"",""Q221"":""C"",""Q222"":""B"",""Q223"":""A"",""Q224"":""C"",""Q225"":""C"",""Q226"":""C"",""Q227"":""B"",""Q228"":""B"",""Q229"":""C"",""Q230"":""B"",""Q231"":""B""}"
SUB1785065098867,2026-07-26T11:24:58.867Z,CSNS1SIT,CS & Networking Systems Test 1,Manjeet,anmolbandral7@gmail.com,11.5,60,19.17,1615,10,17,3,10,"{""Q1291"":""A"",""Q1292"":""C"",""Q1293"":""D"",""Q1294"":""A"",""Q1295"":""B"",""Q1297"":""B"",""Q1298"":""C"",""Q1299"":""B"",""Q1300"":""B"",""Q1301"":""B"",""Q1302"":""C"",""Q1303"":""A"",""Q1304"":""C"",""Q1305"":""C"",""Q1306"":""A"",""Q1307"":""A"",""Q1308"":""B"",""Q1309"":""D"",""Q1310"":""D"",""Q1311"":""B"",""Q1312"":""C"",""Q1315"":""B"",""Q1316"":""A"",""Q1317"":""D"",""Q1318"":""C"",""Q1319"":""A"",""Q1320"":""D""}"
SUB1785086466337,2026-07-26T17:21:06.337Z,CSLF1SIT,Cyber Security & Legal Framework Test 1,Manjeet,anmolbandral7@gmail.com,12.5,60,20.83,1356,9,11,10,16,"{""Q1381"":""B"",""Q1382"":""C"",""Q1383"":""B"",""Q1384"":""D"",""Q1385"":""A"",""Q1388"":""D"",""Q1389"":""B"",""Q1390"":""B"",""Q1391"":""B"",""Q1393"":""C"",""Q1394"":""B"",""Q1395"":""D"",""Q1396"":""B"",""Q1397"":""B"",""Q1400"":""C"",""Q1402"":""D"",""Q1404"":""B"",""Q1407"":""D"",""Q1409"":""C"",""Q1410"":""C""}"
SUB1785087806835,2026-07-26T17:43:26.835Z,DE01SIT,Digital Electronics Test 1,Manjeet,anmolbandral7@gmail.com,28,40,70,1280,12,8,0,4,"{""Q2181"":""B"",""Q2182"":""B"",""Q2183"":""B"",""Q2184"":""D"",""Q2185"":""B"",""Q2186"":""A"",""Q2187"":""D"",""Q2188"":""B"",""Q2189"":""D"",""Q2190"":""B"",""Q2191"":""C"",""Q2192"":""A"",""Q2193"":""C"",""Q2194"":""A"",""Q2195"":""A"",""Q2196"":""A"",""Q2197"":""B"",""Q2199"":""B"",""Q2198"":""C"",""Q2200"":""A""}"
SUB1785088654738,2026-07-26T17:57:34.738Z,MP1SIT,Microprocessors Test 1,Manjeet,anmolbandral7@gmail.com,18.5,40,46.25,509,7,9,4,10,"{""Q2201"":""C"",""Q2202"":""B"",""Q2203"":""B"",""Q2204"":""C"",""Q2205"":""D"",""Q2206"":""B"",""Q2207"":""A"",""Q2208"":""B"",""Q2209"":""A"",""Q2210"":""A"",""Q2211"":""D"",""Q2212"":""A"",""Q2217"":""C"",""Q2218"":""C"",""Q2219"":""C"",""Q2220"":""A""}"
SUB1785088911742,2026-07-26T18:01:51.742Z,JKGK2SIT,UT Specific GK Test-2 23 June,Manjeet,anmolbandral7@gmail.com,5.5,60,9.17,114,3,1,26,6,"{""Q542"":""D"",""Q543"":""B"",""Q544"":""A"",""Q545"":""D""}"
SUB1785093750116,2026-07-26T19:22:30.116Z,DE01SIT,Digital Electronics Test 1,Manjeet,anmolbandral7@gmail.com,0,40,0,14,0,0,20,9,{}
SUB1785094376522,2026-07-26T19:32:56.522Z,ED1SITFree,Electronic Devices,Manjeet,anmolbandral7@gmail.com,0,20,0,601,0,0,10,23,{}
SUB1785098591895,2026-07-26T20:43:11.895Z,CSNS2SIT,CS & Networking Systems Test 2,Manjeet,anmolbandral7@gmail.com,10,60,16.67,1128,7,8,15,1,"{""Q1322"":""C"",""Q1326"":""A"",""Q1327"":""B"",""Q1328"":""C"",""Q1329"":""A"",""Q1330"":""C"",""Q1332"":""B"",""Q1333"":""A"",""Q1338"":""D"",""Q1339"":""B"",""Q1340"":""D"",""Q1346"":""D"",""Q1348"":""A"",""Q1349"":""A"",""Q1350"":""B""}"
SUB1785229396043,2026-07-28T09:03:16.043Z,AI1SIT,"AI, DS and Automation Test 1",Rohit,lau512311@gmail.com,37,60,61.67,1236,20,6,4,14,"{""Q1741"":""A"",""Q1742"":""C"",""Q1743"":""A"",""Q1744"":""A"",""Q1745"":""C"",""Q1747"":""C"",""Q1748"":""B"",""Q1749"":""D"",""Q1750"":""B"",""Q1751"":""A"",""Q1752"":""A"",""Q1753"":""B"",""Q1754"":""B"",""Q1755"":""B"",""Q1757"":""B"",""Q1758"":""A"",""Q1759"":""B"",""Q1760"":""D"",""Q1761"":""A"",""Q1763"":""B"",""Q1764"":""C"",""Q1765"":""B"",""Q1766"":""A"",""Q1767"":""C"",""Q1768"":""B"",""Q1769"":""C""}"
SUB1785238757169,2026-07-28T11:39:17.169Z,ITEgovUltimate1,IT Systems & e-Governance Ultimate Test,Murtaza,murtazaaziz519@gmail.com,8.5,40,21.25,176,4,1,0,4,"{""Q2226"":""D"",""Q2227"":""D"",""Q2228"":""B"",""Q2229"":""B"",""Q2230"":""B""}"
SUB1785240328780,2026-07-28T12:05:28.780Z,ITG1SIT,IT Systems & e-Governance Test 1,Murtaza,murtazaaziz519@gmail.com,40,60,66.67,1280,22,8,0,2,"{""Q1471"":""A"",""Q1472"":""B"",""Q1473"":""B"",""Q1474"":""B"",""Q1475"":""B"",""Q1476"":""B"",""Q1477"":""B"",""Q1478"":""B"",""Q1479"":""B"",""Q1480"":""D"",""Q1481"":""D"",""Q1482"":""B"",""Q1483"":""B"",""Q1484"":""C"",""Q1485"":""D"",""Q1486"":""A"",""Q1487"":""C"",""Q1488"":""A"",""Q1489"":""D"",""Q1490"":""D"",""Q1491"":""A"",""Q1492"":""A"",""Q1493"":""B"",""Q1494"":""C"",""Q1495"":""D"",""Q1496"":""C"",""Q1497"":""B"",""Q1498"":""A"",""Q1499"":""C"",""Q1500"":""B""}"
SUB1785313454832,2026-07-29T08:24:14.832Z,CSLF1SIT,Cyber Security & Legal Framework Test 1,Max05,vishaldotcom55@gmail.com,33,60,55,1713,17,2,11,11,"{""Q1381"":""B"",""Q1382"":""C"",""Q1383"":""B"",""Q1385"":""C"",""Q1386"":""B"",""Q1388"":""C"",""Q1390"":""B"",""Q1391"":""C"",""Q1392"":""B"",""Q1393"":""D"",""Q1395"":""C"",""Q1398"":""A"",""Q1400"":""C"",""Q1402"":""D"",""Q1405"":""C"",""Q1407"":""B"",""Q1409"":""B"",""Q1410"":""B"",""Q1404"":""B""}"
SUB1785314202817,2026-07-29T08:36:42.817Z,T001B,JKPSI_Telecom_T001B,Murtaza Mehraj,muzamilsyedmuzamil0@gmail.com,-0.5,40,-1.25,403,1,5,14,34,"{""Q212"":""B"",""Q215"":""A"",""Q217"":""A"",""Q218"":""C"",""Q222"":""C"",""Q227"":""B""}"
SUB1785424412441,2026-07-30T15:13:32.441Z,ITEgovUltimate1,IT Systems & e-Governance Ultimate Test,Manjeet,anmolbandral7@gmail.com,1.5,40,3.75,110,0,3,2,9,"{""Q2226"":""A"",""Q2227"":""A"",""Q2230"":""B""}"
SUB1785425302258,2026-07-30T15:28:22.259Z,ITG1SIT,IT Systems & e-Governance Test 1,Manjeet,anmolbandral7@gmail.com,8.5,60,14.17,820,6,7,17,14,"{""Q1471"":""C"",""Q1473"":""A"",""Q1474"":""B"",""Q1477"":""A"",""Q1478"":""B"",""Q1480"":""C"",""Q1481"":""D"",""Q1484"":""C"",""Q1485"":""D"",""Q1486"":""B"",""Q1487"":""D"",""Q1496"":""C"",""Q1499"":""A""}"
SUB1785476372294,2026-07-31T05:39:32.294Z,GS1SIT,GK & CA Test-1,Faisal,peerzada604@gmail.com,-1.5,60,-2.5,303,1,7,22,4,"{""Q442"":""D"",""Q444"":""D"",""Q445"":""D"",""Q446"":""D"",""Q447"":""B"",""Q448"":""D"",""Q449"":""D"",""Q450"":""D""}"
SUB1785480708657,2026-07-31T06:51:48.657Z,MP1SIT,Microprocessors Test 1,Faisal,peerzada604@gmail.com,19,40,47.5,562,7,10,3,9,"{""Q2201"":""C"",""Q2202"":""B"",""Q2203"":""A"",""Q2204"":""A"",""Q2205"":""A"",""Q2206"":""C"",""Q2207"":""A"",""Q2208"":""A"",""Q2209"":""B"",""Q2210"":""B"",""Q2211"":""C"",""Q2212"":""A"",""Q2213"":""B"",""Q2217"":""C"",""Q2218"":""A"",""Q2219"":""D"",""Q2220"":""B""}"
SUB1785519257708,2026-07-31T17:34:17.708Z,NT3007,Network Theory Test 1,Manjeet,anmolbandral7@gmail.com,4,40,10,369,2,0,18,7,"{""Q2352"":""B"",""Q2357"":""A""}"
SUB1785522699589,2026-07-31T18:31:39.589Z,GECS1SIT,General English Test-1,Manjeet,anmolbandral7@gmail.com,14.5,60,24.17,799,10,11,9,14,"{""Q598"":""B"",""Q599"":""A"",""Q601"":""D"",""Q602"":""B"",""Q603"":""D"",""Q604"":""B"",""Q606"":""A"",""Q607"":""C"",""Q608"":""D"",""Q609"":""A"",""Q610"":""A"",""Q613"":""B"",""Q614"":""A"",""Q617"":""A"",""Q619"":""A"",""Q622"":""A"",""Q623"":""A"",""Q624"":""A"",""Q689"":""B"",""Q696"":""B"",""Q697"":""B""}"
SUB1785580921208,2026-08-01T10:42:01.208Z,AI1SIT,"AI, DS and Automation Test 1",sameer Choudhary,choudharysameer287@gmail.com,41,60,68.33,1055,22,6,2,11,"{""Q1741"":""B"",""Q1743"":""A"",""Q1744"":""A"",""Q1745"":""C"",""Q1746"":""B"",""Q1748"":""B"",""Q1749"":""A"",""Q1750"":""B"",""Q1751"":""A"",""Q1753"":""C"",""Q1754"":""A"",""Q1755"":""B"",""Q1756"":""A"",""Q1758"":""A"",""Q1759"":""B"",""Q1760"":""C"",""Q1761"":""A"",""Q1762"":""B"",""Q1763"":""C"",""Q1764"":""C"",""Q1765"":""B"",""Q1766"":""A"",""Q1767"":""D"",""Q1768"":""C"",""Q1769"":""C"",""Q1770"":""B"",""Q1742"":""D"",""Q1757"":""B""}"
SUB1785646757131,2026-08-02T04:59:17.131Z,DBMS1SIT,Database Management Systems Test 1,Rafiya Anwar,rafiyaanwar1@gmail.com,22.5,60,37.5,1189,13,7,10,8,"{""Q1561"":""C"",""Q1562"":""A"",""Q1565"":""A"",""Q1566"":""B"",""Q1567"":""A"",""Q1568"":""A"",""Q1569"":""C"",""Q1570"":""B"",""Q1572"":""B"",""Q1573"":""A"",""Q1574"":""C"",""Q1580"":""A"",""Q1577"":""A"",""Q1583"":""B"",""Q1585"":""B"",""Q1586"":""D"",""Q1587"":""C"",""Q1588"":""A"",""Q1589"":""B"",""Q1590"":""B""}"
SUB1785652283193,2026-08-02T06:31:23.193Z,EM4SITFree,Engineering Mathematics,Danish,dannu7051@gmail.com,10.5,20,52.5,246,6,3,1,3,"{""Q981"":""A"",""Q982"":""B"",""Q983"":""B"",""Q984"":""C"",""Q985"":""B"",""Q986"":""C"",""Q988"":""B"",""Q989"":""C"",""Q990"":""C""}"
SUB1785665777662,2026-08-02T10:16:17.662Z,GIR1SIT,GI & Reasoning Test 1,sameer Choudhary,choudharysameer287@gmail.com,31,60,51.67,2094,18,10,2,5,"{""Q698"":""C"",""Q699"":""A"",""Q700"":""C"",""Q701"":""A"",""Q702"":""A"",""Q705"":""D"",""Q706"":""A"",""Q710"":""A"",""Q712"":""D"",""Q713"":""A"",""Q714"":""C"",""Q715"":""C"",""Q716"":""C"",""Q717"":""A"",""Q718"":""B"",""Q719"":""A"",""Q720"":""B"",""Q721"":""A"",""Q722"":""B"",""Q724"":""A"",""Q725"":""A"",""Q726"":""A"",""Q727"":""A"",""Q704"":""A"",""Q707"":""A"",""Q703"":""B"",""Q708"":""C"",""Q711"":""B""}"
SUB1785740493007,2026-08-03T07:01:33.007Z,ED1SITFree,Electronic Devices,Iqbal,iqbalmaqbool33@gmail.com,12.5,20,62.5,600,6,1,3,5,"{""Q2171"":""A"",""Q2172"":""B"",""Q2173"":""A"",""Q2174"":""B"",""Q2175"":""C"",""Q2176"":""A"",""Q2177"":""B""}"
SUB1785749904593,2026-08-03T09:38:24.593Z,T001,JKPSI_Telecom_Unit1,Sourav Sharma,sharmasourav3636@gmail.com,128.5,198,64.9,1104,67,11,21,5,"{""Q003"":""A"",""Q004"":""B"",""Q005"":""B"",""Q006"":""A"",""Q007"":""B"",""Q008"":""B"",""Q009"":""C"",""Q010"":""A"",""Q011"":""B"",""Q012"":""C"",""Q013"":""C"",""Q014"":""B"",""Q015"":""B"",""Q019"":""B"",""Q023"":""B"",""Q024"":""B"",""Q025"":""A"",""Q028"":""B"",""Q029"":""C"",""Q030"":""B"",""Q032"":""B"",""Q033"":""C"",""Q034"":""C"",""Q035"":""B"",""Q036"":""B"",""Q039"":""C"",""Q041"":""B"",""Q043"":""C"",""Q044"":""B"",""Q046"":""C"",""Q047"":""C"",""Q049"":""B"",""Q050"":""C"",""Q052"":""C"",""Q053"":""C"",""Q054"":""B"",""Q055"":""B"",""Q056"":""B"",""Q057"":""A"",""Q058"":""A"",""Q059"":""A"",""Q060"":""B"",""Q061"":""C"",""Q064"":""B"",""Q066"":""B"",""Q067"":""B"",""Q068"":""C"",""Q069"":""C"",""Q070"":""D"",""Q072"":""C"",""Q073"":""C"",""Q074"":""A"",""Q075"":""C"",""Q076"":""C"",""Q077"":""B"",""Q078"":""B"",""Q079"":""C"",""Q080"":""B"",""Q081"":""B"",""Q082"":""A"",""Q083"":""B"",""Q084"":""C"",""Q085"":""A"",""Q086"":""C"",""Q087"":""C"",""Q088"":""A"",""Q089"":""C"",""Q090"":""C"",""Q091"":""B"",""Q092"":""A"",""Q093"":""B"",""Q094"":""B"",""Q095"":""A"",""Q096"":""C"",""Q097"":""B"",""Q098"":""B"",""Q100"":""B"",""Q101"":""B""}"
SUB1785749924055,2026-08-03T09:38:44.055Z,T001,JKPSI_Telecom_Unit1,Sourav Sharma,sharmasourav3636@gmail.com,128.5,198,64.9,1104,67,11,21,6,"{""Q003"":""A"",""Q004"":""B"",""Q005"":""B"",""Q006"":""A"",""Q007"":""B"",""Q008"":""B"",""Q009"":""C"",""Q010"":""A"",""Q011"":""B"",""Q012"":""C"",""Q013"":""C"",""Q014"":""B"",""Q015"":""B"",""Q019"":""B"",""Q023"":""B"",""Q024"":""B"",""Q025"":""A"",""Q028"":""B"",""Q029"":""C"",""Q030"":""B"",""Q032"":""B"",""Q033"":""C"",""Q034"":""C"",""Q035"":""B"",""Q036"":""B"",""Q039"":""C"",""Q041"":""B"",""Q043"":""C"",""Q044"":""B"",""Q046"":""C"",""Q047"":""C"",""Q049"":""B"",""Q050"":""C"",""Q052"":""C"",""Q053"":""C"",""Q054"":""B"",""Q055"":""B"",""Q056"":""B"",""Q057"":""A"",""Q058"":""A"",""Q059"":""A"",""Q060"":""B"",""Q061"":""C"",""Q064"":""B"",""Q066"":""B"",""Q067"":""B"",""Q068"":""C"",""Q069"":""C"",""Q070"":""D"",""Q072"":""C"",""Q073"":""C"",""Q074"":""A"",""Q075"":""C"",""Q076"":""C"",""Q077"":""B"",""Q078"":""B"",""Q079"":""C"",""Q080"":""B"",""Q081"":""B"",""Q082"":""A"",""Q083"":""B"",""Q084"":""C"",""Q085"":""A"",""Q086"":""C"",""Q087"":""C"",""Q088"":""A"",""Q089"":""C"",""Q090"":""C"",""Q091"":""B"",""Q092"":""A"",""Q093"":""B"",""Q094"":""B"",""Q095"":""A"",""Q096"":""C"",""Q097"":""B"",""Q098"":""B"",""Q100"":""B"",""Q101"":""B""}"
SUB1785750005145,2026-08-03T09:40:05.145Z,T001,JKPSI_Telecom_Unit1,Sourav Sharma,sharmasourav3636@gmail.com,128.5,198,64.9,1104,67,11,21,7,"{""Q003"":""A"",""Q004"":""B"",""Q005"":""B"",""Q006"":""A"",""Q007"":""B"",""Q008"":""B"",""Q009"":""C"",""Q010"":""A"",""Q011"":""B"",""Q012"":""C"",""Q013"":""C"",""Q014"":""B"",""Q015"":""B"",""Q019"":""B"",""Q023"":""B"",""Q024"":""B"",""Q025"":""A"",""Q028"":""B"",""Q029"":""C"",""Q030"":""B"",""Q032"":""B"",""Q033"":""C"",""Q034"":""C"",""Q035"":""B"",""Q036"":""B"",""Q039"":""C"",""Q041"":""B"",""Q043"":""C"",""Q044"":""B"",""Q046"":""C"",""Q047"":""C"",""Q049"":""B"",""Q050"":""C"",""Q052"":""C"",""Q053"":""C"",""Q054"":""B"",""Q055"":""B"",""Q056"":""B"",""Q057"":""A"",""Q058"":""A"",""Q059"":""A"",""Q060"":""B"",""Q061"":""C"",""Q064"":""B"",""Q066"":""B"",""Q067"":""B"",""Q068"":""C"",""Q069"":""C"",""Q070"":""D"",""Q072"":""C"",""Q073"":""C"",""Q074"":""A"",""Q075"":""C"",""Q076"":""C"",""Q077"":""B"",""Q078"":""B"",""Q079"":""C"",""Q080"":""B"",""Q081"":""B"",""Q082"":""A"",""Q083"":""B"",""Q084"":""C"",""Q085"":""A"",""Q086"":""C"",""Q087"":""C"",""Q088"":""A"",""Q089"":""C"",""Q090"":""C"",""Q091"":""B"",""Q092"":""A"",""Q093"":""B"",""Q094"":""B"",""Q095"":""A"",""Q096"":""C"",""Q097"":""B"",""Q098"":""B"",""Q100"":""B"",""Q101"":""B""}"
SUB1785754296380,2026-08-03T10:51:36.380Z,T001B,JKPSI_Telecom_T001B,Aqeel Nazir,aqeelnazir450@gmail.com,4.5,40,11.25,208,3,3,14,30,"{""Q212"":""D"",""Q213"":""C"",""Q214"":""D"",""Q215"":""D"",""Q216"":""D"",""Q220"":""D""}"
SUB1785821311293,2026-08-04T05:28:31.293Z,GIR1SIT,GI & Reasoning Test 1,AHSAAN AHMAD AHANGER,ahsaanahmad2020@gmail.com,40.5,60,67.5,1957,22,7,1,2,"{""Q698"":""C"",""Q699"":""A"",""Q700"":""C"",""Q701"":""A"",""Q702"":""A"",""Q704"":""C"",""Q705"":""D"",""Q706"":""A"",""Q707"":""D"",""Q708"":""C"",""Q709"":""A"",""Q710"":""A"",""Q711"":""B"",""Q712"":""D"",""Q713"":""C"",""Q714"":""A"",""Q715"":""D"",""Q716"":""D"",""Q717"":""A"",""Q718"":""B"",""Q719"":""A"",""Q720"":""B"",""Q721"":""A"",""Q722"":""B"",""Q724"":""C"",""Q725"":""A"",""Q726"":""C"",""Q727"":""C"",""Q703"":""A""}"
SUB1785821913225,2026-08-04T05:38:33.225Z,T001C,JKPSI Telecom T001C,Engineer-28,sa496625@gmail.com,40,40,100,189,20,0,0,2,"{""Q232"":""B"",""Q233"":""A"",""Q234"":""C"",""Q235"":""C"",""Q236"":""C"",""Q237"":""B"",""Q238"":""D"",""Q239"":""B"",""Q240"":""A"",""Q241"":""C"",""Q242"":""C"",""Q243"":""B"",""Q244"":""A"",""Q245"":""A"",""Q246"":""B"",""Q247"":""A"",""Q248"":""C"",""Q249"":""A"",""Q250"":""B"",""Q251"":""B""}"
SUB1785823863148,2026-08-04T06:11:03.148Z,GIR2SIT,GI & Reasoning Test 2,AHSAAN AHMAD AHANGER,ahsaanahmad2020@gmail.com,55,60,91.67,1447,28,2,0,2,"{""Q728"":""D"",""Q729"":""C"",""Q730"":""A"",""Q731"":""A"",""Q732"":""B"",""Q733"":""A"",""Q734"":""A"",""Q735"":""A"",""Q736"":""A"",""Q737"":""C"",""Q738"":""A"",""Q739"":""A"",""Q740"":""C"",""Q741"":""B"",""Q742"":""A"",""Q743"":""B"",""Q744"":""A"",""Q745"":""A"",""Q746"":""A"",""Q747"":""A"",""Q748"":""A"",""Q749"":""A"",""Q750"":""B"",""Q751"":""B"",""Q752"":""B"",""Q753"":""A"",""Q754"":""B"",""Q755"":""A"",""Q756"":""A"",""Q757"":""A""}"
SUB1785839246148,2026-08-04T10:27:26.148Z,BN1SIT,Basic Numeracy Test 1,AHSAAN AHMAD AHANGER,ahsaanahmad2020@gmail.com,39.5,60,65.83,2100,21,5,4,4,"{""Q788"":""D"",""Q790"":""B"",""Q791"":""B"",""Q792"":""C"",""Q793"":""A"",""Q794"":""C"",""Q795"":""C"",""Q796"":""B"",""Q797"":""B"",""Q798"":""A"",""Q799"":""B"",""Q800"":""B"",""Q801"":""B"",""Q802"":""C"",""Q803"":""C"",""Q804"":""A"",""Q805"":""B"",""Q806"":""B"",""Q807"":""B"",""Q808"":""C"",""Q809"":""C"",""Q810"":""A"",""Q811"":""C"",""Q812"":""A"",""Q813"":""B"",""Q814"":""C""}"
SUB1785839969191,2026-08-04T10:39:29.191Z,BN1SIT,Basic Numeracy Test 1,AHSAAN AHMAD AHANGER,ahsaanahmad2020@gmail.com,0,60,0,6,0,0,30,8,{}
SUB1785841042980,2026-08-04T10:57:22.980Z,T001B,JKPSI_Telecom_T001B,Waqar,waqarmaqbool9143@gmail.com,15,40,37.5,714,10,10,0,24,"{""Q212"":""B"",""Q213"":""A"",""Q214"":""D"",""Q215"":""C"",""Q216"":""D"",""Q217"":""D"",""Q218"":""D"",""Q219"":""A"",""Q220"":""D"",""Q221"":""A"",""Q222"":""B"",""Q223"":""A"",""Q224"":""C"",""Q225"":""C"",""Q226"":""C"",""Q227"":""B"",""Q228"":""D"",""Q229"":""C"",""Q230"":""A"",""Q231"":""C""}"
SUB1785848968430,2026-08-04T13:09:28.430Z,EM4SITFree,Engineering Mathematics,Suhail Ah,suhailganaie201819@gmail.com,0,20,0,326,2,8,0,13,"{""Q981"":""A"",""Q982"":""C"",""Q983"":""D"",""Q984"":""D"",""Q985"":""C"",""Q986"":""C"",""Q987"":""A"",""Q988"":""B"",""Q989"":""B"",""Q990"":""D""}"
SUB1785857005723,2026-08-04T15:23:25.723Z,T003A,Computer,Vishal Singh,vlk611205@gmail.com,7.5,10,75,739,8,2,0,8,"{""Q252"":""A"",""Q253"":""A"",""Q254"":""A"",""Q255"":""C"",""Q256"":""C"",""Q258"":""D"",""Q259"":""C"",""Q260"":""A"",""Q261"":""A"",""Q257"":""B""}"
SUB1785867495150,2026-08-04T18:18:15.150Z,T001,JKPSI_Telecom_Unit1,Jalid Ashraf Magray,jalidashraf75@gmail.com,24.5,198,12.37,558,13,3,83,35,"{""Q004"":""B"",""Q006"":""B"",""Q007"":""B"",""Q010"":""A"",""Q011"":""B"",""Q012"":""B"",""Q013"":""C"",""Q014"":""B"",""Q015"":""B"",""Q017"":""B"",""Q018"":""B"",""Q019"":""B"",""Q020"":""C"",""Q023"":""B"",""Q024"":""B"",""Q025"":""A""}"
SUB1785941606027,2026-08-05T14:53:26.027Z,T002F,Computer Proficiency,Karun,pckd1030@gmail.com,50,60,83.33,449,26,4,0,2,"{""Q262"":""A"",""Q263"":""A"",""Q264"":""B"",""Q265"":""B"",""Q266"":""A"",""Q267"":""B"",""Q268"":""B"",""Q269"":""B"",""Q270"":""C"",""Q271"":""C"",""Q272"":""D"",""Q273"":""A"",""Q274"":""A"",""Q275"":""A"",""Q276"":""A"",""Q277"":""A"",""Q278"":""A"",""Q279"":""B"",""Q280"":""B"",""Q281"":""A"",""Q282"":""B"",""Q283"":""B"",""Q284"":""A"",""Q285"":""A"",""Q286"":""A"",""Q287"":""D"",""Q288"":""A"",""Q289"":""A"",""Q290"":""B"",""Q291"":""A""}"
SUB1785941723435,2026-08-05T14:55:23.435Z,T003B,Accountancy,Naveen Dubey,naveenhardy941@gmail.com,25,30,83.33,538,26,4,0,5,"{""Q293"":""A"",""Q292"":""B"",""Q294"":""C"",""Q295"":""B"",""Q296"":""B"",""Q297"":""C"",""Q298"":""D"",""Q299"":""D"",""Q300"":""A"",""Q301"":""D"",""Q302"":""A"",""Q303"":""B"",""Q304"":""A"",""Q305"":""B"",""Q306"":""D"",""Q307"":""B"",""Q308"":""B"",""Q309"":""B"",""Q310"":""C"",""Q312"":""B"",""Q313"":""D"",""Q314"":""B"",""Q315"":""B"",""Q316"":""B"",""Q317"":""B"",""Q318"":""B"",""Q319"":""C"",""Q320"":""B"",""Q321"":""B"",""Q311"":""A""}"
SUB1785985611672,2026-08-06T03:06:51.672Z,T003A,Computer,Sarhil,karmabad961@gmail.com,2.25,10,22.5,368,3,3,4,26,"{""Q252"":""A"",""Q256"":""A"",""Q257"":""B"",""Q258"":""A"",""Q259"":""C"",""Q261"":""A""}"
SUB1785991260666,2026-08-06T04:41:00.666Z,AI1SIT,"AI, DS and Automation Test 1",Engineer-28,sa496625@gmail.com,57.5,60,95.83,649,29,1,0,2,"{""Q1741"":""B"",""Q1742"":""A"",""Q1743"":""A"",""Q1744"":""A"",""Q1745"":""C"",""Q1746"":""B"",""Q1747"":""C"",""Q1748"":""B"",""Q1749"":""A"",""Q1750"":""B"",""Q1751"":""A"",""Q1752"":""A"",""Q1753"":""B"",""Q1754"":""C"",""Q1755"":""B"",""Q1756"":""B"",""Q1757"":""B"",""Q1758"":""A"",""Q1759"":""B"",""Q1760"":""B"",""Q1762"":""B"",""Q1763"":""C"",""Q1764"":""C"",""Q1765"":""B"",""Q1766"":""A"",""Q1767"":""C"",""Q1768"":""C"",""Q1769"":""C"",""Q1770"":""B"",""Q1761"":""A""}"
SUB1785999615332,2026-08-06T07:00:15.332Z,ED1SITFree,Electronic Devices,Mshsshhw,behrhehe@gmail.com,7.5,20,37.5,33,2,7,1,11,"{""Q2172"":""B"",""Q2173"":""B"",""Q2174"":""C"",""Q2175"":""B"",""Q2176"":""C"",""Q2177"":""C"",""Q2178"":""B"",""Q2179"":""B"",""Q2180"":""B""}"
SUB1786001524671,2026-08-06T07:32:04.671Z,T003B,Accountancy,Sana,muskan000027@gmail.com,8,30,26.67,462,9,4,17,23,"{""Q292"":""B"",""Q293"":""C"",""Q295"":""A"",""Q296"":""C"",""Q297"":""D"",""Q298"":""C"",""Q299"":""A"",""Q307"":""B"",""Q309"":""B"",""Q310"":""C"",""Q313"":""C"",""Q308"":""B"",""Q305"":""B""}"
SUB1786011055623,2026-08-06T10:10:55.623Z,MP1SIT,Microprocessors Test 1,Mohd Aslam,aqidnazir11@gmail.com,35.5,40,88.75,470,17,3,0,4,"{""Q2201"":""B"",""Q2202"":""A"",""Q2203"":""A"",""Q2205"":""C"",""Q2206"":""B"",""Q2207"":""A"",""Q2208"":""A"",""Q2209"":""B"",""Q2210"":""A"",""Q2211"":""C"",""Q2212"":""B"",""Q2213"":""B"",""Q2214"":""B"",""Q2215"":""C"",""Q2217"":""C"",""Q2218"":""B"",""Q2219"":""A"",""Q2220"":""B"",""Q2204"":""C"",""Q2216"":""A""}"
SUB1786017003768,2026-08-06T11:50:03.768Z,ED1SITFree,Electronic Devices,Priya Sharma,priyasharmajk123@gmail.com,0,20,0,1549,0,0,10,24,{}
SUB1786073383357,2026-08-07T03:29:43.357Z,T003B,Accountancy,Avinash charak,avinash.charak434@gmail.com,20.5,30,68.33,737,22,6,2,12,"{""Q292"":""B"",""Q293"":""C"",""Q294"":""C"",""Q295"":""A"",""Q296"":""B"",""Q297"":""D"",""Q298"":""C"",""Q299"":""B"",""Q300"":""B"",""Q301"":""C"",""Q302"":""A"",""Q303"":""A"",""Q304"":""A"",""Q305"":""B"",""Q306"":""C"",""Q307"":""B"",""Q308"":""B"",""Q309"":""B"",""Q310"":""C"",""Q313"":""C"",""Q314"":""B"",""Q315"":""B"",""Q316"":""B"",""Q317"":""B"",""Q318"":""B"",""Q319"":""C"",""Q320"":""B"",""Q321"":""B""}"
SUB1786080093872,2026-08-07T05:21:33.872Z,BN2SIT,Basic Numeracy Test 2,Max05,vishaldotcom55@gmail.com,8,60,13.33,2100,5,4,21,6,"{""Q826"":""B"",""Q835"":""A"",""Q836"":""B"",""Q840"":""B"",""Q850"":""B"",""Q854"":""A"",""Q855"":""B"",""Q828"":""B"",""Q831"":""B""}"
SUB1786083133959,2026-08-07T06:12:13.959Z,TFAA01Full,FAA Full Length,Nishant Sharma,nishantsharma3281@gmail.com,72,120,60,8200,79,28,13,7,"{""Q323"":""C"",""Q324"":""B"",""Q326"":""A"",""Q327"":""D"",""Q328"":""B"",""Q329"":""A"",""Q330"":""A"",""Q331"":""B"",""Q332"":""B"",""Q333"":""D"",""Q334"":""D"",""Q335"":""D"",""Q336"":""C"",""Q338"":""A"",""Q339"":""D"",""Q340"":""B"",""Q341"":""A"",""Q342"":""B"",""Q343"":""C"",""Q344"":""B"",""Q345"":""B"",""Q346"":""B"",""Q347"":""B"",""Q348"":""B"",""Q349"":""A"",""Q350"":""C"",""Q351"":""D"",""Q352"":""D"",""Q353"":""B"",""Q354"":""A"",""Q355"":""D"",""Q356"":""B"",""Q357"":""B"",""Q358"":""A"",""Q359"":""A"",""Q360"":""B"",""Q361"":""A"",""Q362"":""B"",""Q363"":""A"",""Q364"":""D"",""Q365"":""D"",""Q366"":""B"",""Q368"":""A"",""Q369"":""D"",""Q370"":""D"",""Q371"":""A"",""Q372"":""C"",""Q373"":""D"",""Q374"":""A"",""Q375"":""A"",""Q376"":""D"",""Q377"":""B"",""Q379"":""D"",""Q380"":""C"",""Q381"":""C"",""Q382"":""D"",""Q383"":""A"",""Q384"":""A"",""Q385"":""D"",""Q386"":""C"",""Q387"":""A"",""Q388"":""C"",""Q389"":""A"",""Q390"":""D"",""Q391"":""D"",""Q392"":""D"",""Q393"":""D"",""Q394"":""C"",""Q395"":""A"",""Q396"":""D"",""Q397"":""D"",""Q398"":""D"",""Q399"":""A"",""Q400"":""C"",""Q401"":""C"",""Q406"":""D"",""Q410"":""D"",""Q411"":""A"",""Q412"":""D"",""Q413"":""D"",""Q414"":""C"",""Q415"":""A"",""Q416"":""B"",""Q417"":""D"",""Q418"":""D"",""Q419"":""A"",""Q420"":""A"",""Q421"":""A"",""Q422"":""D"",""Q423"":""D"",""Q424"":""C"",""Q425"":""C"",""Q426"":""D"",""Q427"":""D"",""Q428"":""C"",""Q429"":""A"",""Q430"":""D"",""Q431"":""A"",""Q432"":""D"",""Q433"":""D"",""Q434"":""C"",""Q435"":""A"",""Q436"":""D"",""Q438"":""B"",""Q439"":""A"",""Q440"":""D"",""Q441"":""A""}"
SUB1786102061247,2026-08-07T11:27:41.247Z,AI1SIT,"AI, DS and Automation Test 1",Rafiya Anwar,rafiyaanwar1@gmail.com,29,60,48.33,1628,16,6,8,16,"{""Q1741"":""B"",""Q1742"":""D"",""Q1743"":""A"",""Q1744"":""A"",""Q1745"":""C"",""Q1747"":""D"",""Q1749"":""D"",""Q1750"":""B"",""Q1751"":""A"",""Q1752"":""A"",""Q1753"":""B"",""Q1754"":""C"",""Q1755"":""B"",""Q1758"":""A"",""Q1759"":""B"",""Q1763"":""A"",""Q1764"":""C"",""Q1765"":""B"",""Q1766"":""A"",""Q1768"":""B"",""Q1769"":""D"",""Q1770"":""B""}"
SUB1786102389898,2026-08-07T11:33:09.898Z,AI1SIT,"AI, DS and Automation Test 1",Rafiya Anwar,rafiyaanwar1@gmail.com,0,60,0,20,0,0,30,17,{}
SUB1786103013857,2026-08-07T11:43:33.857Z,T003B,Accountancy,Sana,muskan000027@gmail.com,0.75,30,2.5,74,1,1,28,26,"{""Q292"":""B"",""Q293"":""C""}"
SUB1786162174882,2026-08-08T04:09:34.882Z,T003B,Accountancy,Nishant Sharma,nishantsharma3281@gmail.com,17.5,30,58.33,604,20,10,0,17,"{""Q292"":""B"",""Q293"":""C"",""Q294"":""C"",""Q295"":""A"",""Q296"":""B"",""Q297"":""B"",""Q298"":""D"",""Q299"":""D"",""Q300"":""C"",""Q301"":""C"",""Q302"":""A"",""Q303"":""D"",""Q304"":""A"",""Q305"":""B"",""Q306"":""B"",""Q307"":""B"",""Q308"":""B"",""Q309"":""B"",""Q310"":""C"",""Q311"":""B"",""Q312"":""B"",""Q313"":""C"",""Q314"":""B"",""Q315"":""B"",""Q316"":""B"",""Q317"":""B"",""Q318"":""B"",""Q319"":""A"",""Q320"":""B"",""Q321"":""D""}"
SUB1786171749761,2026-08-08T06:49:09.761Z,T001C,JKPSI Telecom T001C,LUXI,abidwali14@gmail.com,31.5,40,78.75,714,16,1,3,9,"{""Q232"":""B"",""Q233"":""A"",""Q234"":""C"",""Q235"":""C"",""Q236"":""C"",""Q237"":""B"",""Q239"":""B"",""Q240"":""A"",""Q241"":""B"",""Q242"":""C"",""Q243"":""B"",""Q244"":""A"",""Q246"":""B"",""Q247"":""A"",""Q248"":""C"",""Q249"":""A"",""Q250"":""B""}"
SUB1786173533042,2026-08-08T07:18:53.042Z,T001AA,JKPSI Telecom T01,Danish,dannu7051@gmail.com,-0.5,200,-0.25,62,0,1,99,15,"{""Q132"":""D""}"
SUB1786183642679,2026-08-08T10:07:22.679Z,BN2SIT,Basic Numeracy Test 2,RENU Sharma,itrenusharma21@gmail.com,3,60,5,2110,4,10,16,8,"{""Q826"":""D"",""Q859"":""A"",""Q851"":""B"",""Q853"":""A"",""Q855"":""A"",""Q828"":""A"",""Q829"":""B"",""Q831"":""A"",""Q832"":""A"",""Q833"":""B"",""Q835"":""B"",""Q837"":""D"",""Q838"":""A"",""Q840"":""A""}"
SUB1786184966974,2026-08-08T10:29:26.974Z,ED1SITFree,Electronic Devices,Sam,shahidkkhan535@gmail.com,7,20,35,496,3,2,5,12,"{""Q2171"":""A"",""Q2172"":""B"",""Q2173"":""A"",""Q2176"":""B"",""Q2177"":""B""}"
SUB1786185917058,2026-08-08T10:45:17.058Z,AI2SIT,"AI, DS and Automation Test 2",Rafiya Anwar,rafiyaanwar1@gmail.com,17.5,60,29.17,1307,11,9,10,6,"{""Q1772"":""D"",""Q1773"":""A"",""Q1774"":""A"",""Q1775"":""D"",""Q1776"":""A"",""Q1777"":""B"",""Q1778"":""C"",""Q1780"":""D"",""Q1782"":""A"",""Q1784"":""D"",""Q1785"":""A"",""Q1786"":""D"",""Q1787"":""B"",""Q1788"":""B"",""Q1789"":""A"",""Q1792"":""D"",""Q1793"":""D"",""Q1794"":""A"",""Q1796"":""C"",""Q1798"":""D""}"
SUB1786186742984,2026-08-08T10:59:02.984Z,ED1SITFree,Electronic Devices,Syed haseeb,syedataulhaseeb@gmail.com,8,20,40,107,2,8,0,9,"{""Q2171"":""B"",""Q2172"":""B"",""Q2173"":""B"",""Q2174"":""C"",""Q2175"":""B"",""Q2176"":""B"",""Q2177"":""C"",""Q2178"":""B"",""Q2179"":""B"",""Q2180"":""B""}"
SUB1786187423799,2026-08-08T11:10:23.799Z,T001C,JKPSI Telecom T001C,LUXI,abidwali14@gmail.com,40,40,100,372,20,0,0,4,"{""Q232"":""B"",""Q233"":""A"",""Q234"":""C"",""Q235"":""C"",""Q236"":""C"",""Q237"":""B"",""Q238"":""D"",""Q239"":""B"",""Q240"":""A"",""Q241"":""C"",""Q242"":""C"",""Q243"":""B"",""Q244"":""A"",""Q245"":""A"",""Q246"":""B"",""Q247"":""A"",""Q248"":""C"",""Q249"":""A"",""Q250"":""B"",""Q251"":""B""}"
SUB1786188822260,2026-08-08T11:33:42.260Z,BN2807,Basic Numeracy Ultimate Test,AHSAAN AHMAD AHANGER,ahsaanahmad2020@gmail.com,10,40,25,526,5,0,0,1,"{""Q2236"":""B"",""Q2237"":""A"",""Q2239"":""A"",""Q2240"":""B"",""Q2238"":""B""}"
SUB1786191983620,2026-08-08T12:26:23.620Z,T001B,JKPSI_Telecom_T001B,Rithik Barsal,rbtheone951@gmail.com,35.5,40,88.75,762,18,1,1,4,"{""Q212"":""D"",""Q213"":""D"",""Q214"":""D"",""Q215"":""C"",""Q216"":""A"",""Q217"":""D"",""Q218"":""A"",""Q219"":""D"",""Q220"":""D"",""Q221"":""C"",""Q222"":""B"",""Q223"":""A"",""Q225"":""C"",""Q227"":""B"",""Q228"":""B"",""Q229"":""C"",""Q230"":""A"",""Q231"":""B"",""Q224"":""D""}"
SUB1786194803890,2026-08-08T13:13:23.890Z,BN2SIT,Basic Numeracy Test 2,AHSAAN AHMAD AHANGER,ahsaanahmad2020@gmail.com,21.5,60,35.83,2100,12,5,13,5,"{""Q824"":""C"",""Q825"":""A"",""Q826"":""B"",""Q827"":""C"",""Q829"":""D"",""Q830"":""B"",""Q831"":""A"",""Q832"":""A"",""Q833"":""B"",""Q834"":""B"",""Q835"":""B"",""Q836"":""B"",""Q838"":""C"",""Q839"":""B"",""Q840"":""A"",""Q841"":""B"",""Q849"":""D""}"
SUB1786247691020,2026-08-09T03:54:51.020Z,BN2SIT,Basic Numeracy Test 2,AHSAAN AHMAD AHANGER,ahsaanahmad2020@gmail.com,48,60,80,962,25,4,1,1,"{""Q824"":""C"",""Q825"":""D"",""Q826"":""B"",""Q827"":""C"",""Q828"":""B"",""Q829"":""B"",""Q830"":""B"",""Q831"":""A"",""Q832"":""A"",""Q833"":""B"",""Q834"":""B"",""Q835"":""B"",""Q836"":""B"",""Q837"":""B"",""Q838"":""C"",""Q839"":""B"",""Q840"":""B"",""Q841"":""B"",""Q849"":""D"",""Q850"":""B"",""Q851"":""C"",""Q852"":""B"",""Q853"":""D"",""Q854"":""B"",""Q855"":""B"",""Q857"":""B"",""Q858"":""C"",""Q859"":""D"",""Q860"":""A""}"
SUB1786250000568,2026-08-09T04:33:20.568Z,GIR3SIT,GI & Reasoning Test 3,AHSAAN AHMAD AHANGER,ahsaanahmad2020@gmail.com,43,60,71.67,2100,22,2,6,4,"{""Q758"":""C"",""Q759"":""C"",""Q760"":""D"",""Q761"":""A"",""Q763"":""B"",""Q765"":""B"",""Q766"":""A"",""Q767"":""A"",""Q768"":""A"",""Q769"":""A"",""Q770"":""B"",""Q771"":""B"",""Q772"":""B"",""Q773"":""A"",""Q774"":""A"",""Q775"":""D"",""Q776"":""B"",""Q777"":""A"",""Q778"":""C"",""Q779"":""C"",""Q780"":""D"",""Q781"":""A"",""Q784"":""B"",""Q785"":""A""}"
SUB1786251806252,2026-08-09T05:03:26.252Z,GIRUT2907,GI & Reasoning Ultimate Test,AHSAAN AHMAD AHANGER,ahsaanahmad2020@gmail.com,10,10,100,326,5,0,0,1,"{""Q2341"":""A"",""Q2342"":""A"",""Q2343"":""A"",""Q2344"":""C"",""Q2345"":""A""}"
SUB1786259030729,2026-08-09T07:03:50.729Z,GECS1SIT,General English Test-1,AHSAAN AHMAD AHANGER,ahsaanahmad2020@gmail.com,23.5,60,39.17,1114,14,9,7,13,"{""Q598"":""B"",""Q599"":""A"",""Q600"":""A"",""Q601"":""D"",""Q602"":""D"",""Q605"":""A"",""Q606"":""A"",""Q607"":""A"",""Q608"":""A"",""Q609"":""A"",""Q610"":""C"",""Q611"":""A"",""Q612"":""D"",""Q613"":""A"",""Q617"":""D"",""Q620"":""A"",""Q621"":""A"",""Q622"":""C"",""Q623"":""B"",""Q624"":""A"",""Q625"":""A"",""Q689"":""A"",""Q696"":""B""}"
SUB1786267241888,2026-08-09T09:20:41.888Z,ITEgovUltimate1,IT Systems & e-Governance Ultimate Test,Engineer-28,sa496625@gmail.com,10,40,25,207,5,0,0,3,"{""Q2226"":""D"",""Q2227"":""D"",""Q2228"":""B"",""Q2229"":""B"",""Q2230"":""A""}"
SUB1786272864123,2026-08-09T10:54:24.123Z,JKPSI2907,JKPsi Telecom Full Length Test 1,RENU Sharma,itrenusharma21@gmail.com,99.5,200,49.75,4318,47,11,42,1,"{""Q2241"":""C"",""Q2242"":""C"",""Q2244"":""B"",""Q2245"":""C"",""Q2246"":""A"",""Q2247"":""C"",""Q2248"":""A"",""Q2249"":""C"",""Q2250"":""A"",""Q2251"":""B"",""Q2252"":""A"",""Q2253"":""C"",""Q2254"":""A"",""Q2256"":""B"",""Q2257"":""D"",""Q2258"":""A"",""Q2259"":""A"",""Q2261"":""A"",""Q2262"":""A"",""Q2265"":""A"",""Q2266"":""B"",""Q2267"":""B"",""Q2269"":""B"",""Q2270"":""B"",""Q2278"":""C"",""Q2287"":""A"",""Q2288"":""A"",""Q2291"":""C"",""Q2292"":""C"",""Q2295"":""B"",""Q2297"":""C"",""Q2303"":""C"",""Q2304"":""B"",""Q2305"":""A"",""Q2306"":""C"",""Q2307"":""C"",""Q2308"":""A"",""Q2309"":""C"",""Q2311"":""D"",""Q2312"":""B"",""Q2314"":""B"",""Q2315"":""A"",""Q2316"":""D"",""Q2317"":""B"",""Q2318"":""A"",""Q2319"":""C"",""Q2320"":""B"",""Q2322"":""C"",""Q2326"":""B"",""Q2328"":""B"",""Q2329"":""A"",""Q2331"":""A"",""Q2333"":""B"",""Q2334"":""C"",""Q2335"":""B"",""Q2336"":""A"",""Q2339"":""A"",""Q2340"":""B""}"
SUB1786273341321,2026-08-09T11:02:21.321Z,T003B,Accountancy,Vishal Singh,vlk611205@gmail.com,7.5,30,25,1500,12,18,0,24,"{""Q292"":""D"",""Q293"":""C"",""Q294"":""C"",""Q295"":""C"",""Q296"":""C"",""Q297"":""D"",""Q298"":""A"",""Q299"":""D"",""Q300"":""C"",""Q301"":""C"",""Q302"":""A"",""Q303"":""D"",""Q304"":""C"",""Q305"":""D"",""Q306"":""C"",""Q307"":""D"",""Q308"":""B"",""Q309"":""B"",""Q310"":""A"",""Q311"":""B"",""Q312"":""A"",""Q313"":""D"",""Q314"":""B"",""Q315"":""B"",""Q316"":""B"",""Q317"":""B"",""Q318"":""B"",""Q319"":""D"",""Q320"":""B"",""Q321"":""B""}"
SUB1786274749281,2026-08-09T11:25:49.281Z,T003B,Accountancy,Vishal Singh,vlk611205@gmail.com,30,30,100,380,30,0,0,1,"{""Q292"":""B"",""Q293"":""A"",""Q294"":""C"",""Q295"":""A"",""Q296"":""B"",""Q297"":""D"",""Q298"":""D"",""Q299"":""B"",""Q300"":""A"",""Q301"":""D"",""Q302"":""A"",""Q303"":""B"",""Q304"":""A"",""Q305"":""B"",""Q306"":""D"",""Q307"":""B"",""Q308"":""B"",""Q309"":""B"",""Q310"":""C"",""Q311"":""A"",""Q312"":""B"",""Q313"":""C"",""Q314"":""B"",""Q315"":""B"",""Q316"":""B"",""Q317"":""B"",""Q318"":""B"",""Q319"":""C"",""Q320"":""B"",""Q321"":""B""}"
SUB1786282420928,2026-08-09T13:33:40.928Z,DBMS1SIT,Database Management Systems Test 1,Manjeet,anmolbandral7@gmail.com,38.5,60,64.17,1760,21,7,2,4,"{""Q1561"":""C"",""Q1562"":""B"",""Q1563"":""C"",""Q1564"":""C"",""Q1565"":""A"",""Q1566"":""B"",""Q1567"":""C"",""Q1568"":""D"",""Q1569"":""C"",""Q1570"":""B"",""Q1571"":""A"",""Q1572"":""B"",""Q1573"":""A"",""Q1574"":""C"",""Q1577"":""A"",""Q1578"":""C"",""Q1579"":""D"",""Q1580"":""A"",""Q1581"":""D"",""Q1582"":""B"",""Q1583"":""B"",""Q1584"":""B"",""Q1585"":""B"",""Q1586"":""A"",""Q1587"":""B"",""Q1588"":""C"",""Q1589"":""B"",""Q1590"":""B""}"
SUB1786286936651,2026-08-09T14:48:56.651Z,T003B,Accountancy,Nishant Sharma,nishantsharma3281@gmail.com,23.75,30,79.17,377,25,5,0,9,"{""Q292"":""B"",""Q293"":""A"",""Q294"":""A"",""Q295"":""A"",""Q296"":""B"",""Q297"":""D"",""Q298"":""D"",""Q299"":""B"",""Q300"":""A"",""Q301"":""B"",""Q302"":""A"",""Q303"":""B"",""Q304"":""B"",""Q305"":""B"",""Q306"":""D"",""Q307"":""B"",""Q308"":""B"",""Q309"":""B"",""Q310"":""C"",""Q311"":""A"",""Q312"":""B"",""Q313"":""B"",""Q314"":""B"",""Q315"":""B"",""Q316"":""B"",""Q317"":""B"",""Q318"":""B"",""Q319"":""A"",""Q320"":""B"",""Q321"":""B""}"
SUB1786288544038,2026-08-09T15:15:44.038Z,CSNS1SIT,CS & Networking Systems Test 1,Priya Sharma,priyasharmajk123@gmail.com,25,60,41.67,2278,13,2,15,6,"{""Q1293"":""B"",""Q1296"":""C"",""Q1297"":""B"",""Q1299"":""B"",""Q1301"":""B"",""Q1302"":""B"",""Q1303"":""B"",""Q1306"":""B"",""Q1307"":""D"",""Q1308"":""C"",""Q1309"":""C"",""Q1310"":""B"",""Q1311"":""D"",""Q1313"":""A"",""Q1314"":""B""}"
SUB1786290932842,2026-08-09T15:55:32.842Z,IPSIT0708,Indian Polity,Priya Sharma,priyasharmajk123@gmail.com,4,40,10,970,2,0,18,8,"{""Q2541"":""B"",""Q2547"":""C""}"
SUB1786293266294,2026-08-09T16:34:26.294Z,AI3SIT,"AI, DS and Automation Test 3",Rafiya Anwar,rafiyaanwar1@gmail.com,17,60,28.33,1472,10,6,14,6,"{""Q1801"":""B"",""Q1802"":""B"",""Q1803"":""A"",""Q1804"":""A"",""Q1805"":""A"",""Q1806"":""C"",""Q1807"":""D"",""Q1811"":""D"",""Q1812"":""A"",""Q1814"":""A"",""Q1815"":""B"",""Q1816"":""A"",""Q1817"":""D"",""Q1820"":""A"",""Q1823"":""B"",""Q1825"":""C""}"
SUB1786344607243,2026-08-10T06:50:07.243Z,T003A,Computer,Dayim Zaffar,dayimzaffar97@gmail.com,2.5,10,25,319,3,2,5,25,"{""Q252"":""A"",""Q254"":""A"",""Q257"":""B"",""Q258"":""A"",""Q260"":""A""}"
SUB1786355190791,2026-08-10T09:46:30.791Z,AB1008,Accounting Equation & Journal Entry,Shoaib,gameoverindian@gmail.com,7,10,70,550,6,4,0,6,"{""Q2676"":""B"",""Q2677"":""A"",""Q2678"":""A"",""Q2679"":""C"",""Q2680"":""A"",""Q2681"":""A"",""Q2682"":""D"",""Q2683"":""C"",""Q2684"":""A"",""Q2685"":""A""}"
SUB1786355857226,2026-08-10T09:57:37.226Z,AB1008,Accounting Equation & Journal Entry,Vishal Singh,vlk611205@gmail.com,5.25,10,52.5,600,4,5,1,8,"{""Q2676"":""B"",""Q2677"":""A"",""Q2678"":""C"",""Q2679"":""A"",""Q2680"":""D"",""Q2681"":""A"",""Q2682"":""D"",""Q2683"":""C"",""Q2684"":""A""}"
SUB1786356920479,2026-08-10T10:15:20.479Z,AB1008,Accounting Equation & Journal Entry,Vishal Singh,vlk611205@gmail.com,10,10,100,281,10,0,0,1,"{""Q2676"":""C"",""Q2677"":""A"",""Q2678"":""A"",""Q2679"":""B"",""Q2680"":""C"",""Q2681"":""A"",""Q2682"":""A"",""Q2683"":""C"",""Q2684"":""A"",""Q2685"":""A""}"
SUB1786370863036,2026-08-10T14:07:43.036Z,DBMS1SIT,Database Management Systems Test 1,Rafiya Anwar,rafiyaanwar1@gmail.com,28,60,46.67,1058,16,8,6,6,"{""Q1561"":""C"",""Q1562"":""A"",""Q1563"":""C"",""Q1565"":""B"",""Q1566"":""A"",""Q1567"":""C"",""Q1568"":""A"",""Q1569"":""C"",""Q1570"":""B"",""Q1572"":""B"",""Q1573"":""A"",""Q1574"":""C"",""Q1575"":""D"",""Q1576"":""D"",""Q1577"":""A"",""Q1578"":""D"",""Q1580"":""D"",""Q1582"":""B"",""Q1584"":""D"",""Q1586"":""A"",""Q1587"":""B"",""Q1588"":""B"",""Q1589"":""B"",""Q1590"":""B""}"
SUB1786424684769,2026-08-11T05:04:44.769Z,DBMS1SIT,Database Management Systems Test 1,Engineer-28,sa496625@gmail.com,53.5,60,89.17,815,27,1,2,1,"{""Q1561"":""B"",""Q1562"":""A"",""Q1563"":""C"",""Q1564"":""C"",""Q1565"":""B"",""Q1566"":""A"",""Q1567"":""C"",""Q1568"":""B"",""Q1569"":""C"",""Q1570"":""B"",""Q1571"":""A"",""Q1572"":""B"",""Q1573"":""A"",""Q1574"":""C"",""Q1576"":""A"",""Q1577"":""A"",""Q1578"":""C"",""Q1579"":""A"",""Q1580"":""A"",""Q1582"":""B"",""Q1583"":""B"",""Q1584"":""B"",""Q1585"":""B"",""Q1586"":""B"",""Q1587"":""B"",""Q1588"":""C"",""Q1590"":""B"",""Q1589"":""B""}"
SUB1786425668646,2026-08-11T05:21:08.646Z,T001A,JKPSI_Telecom_T001A,IMRAN AHMAD NAIKOO,koonai32@gmail.com,7,20,35,297,4,2,4,16,"{""Q202"":""B"",""Q203"":""B"",""Q204"":""C"",""Q205"":""A"",""Q207"":""A"",""Q210"":""B""}"
SUB1786427811799,2026-08-11T05:56:51.799Z,AI1SIT,"AI, DS and Automation Test 1",Engineer-28,sa496625@gmail.com,53,60,88.33,626,27,2,1,3,"{""Q1741"":""B"",""Q1742"":""C"",""Q1743"":""A"",""Q1744"":""A"",""Q1745"":""C"",""Q1746"":""B"",""Q1747"":""C"",""Q1748"":""B"",""Q1749"":""D"",""Q1750"":""B"",""Q1751"":""A"",""Q1752"":""B"",""Q1753"":""B"",""Q1754"":""C"",""Q1755"":""B"",""Q1756"":""B"",""Q1757"":""B"",""Q1758"":""A"",""Q1759"":""B"",""Q1760"":""B"",""Q1762"":""B"",""Q1763"":""C"",""Q1764"":""C"",""Q1765"":""B"",""Q1766"":""A"",""Q1767"":""C"",""Q1768"":""C"",""Q1769"":""C"",""Q1770"":""B""}"
SUB1786429142644,2026-08-11T06:19:02.644Z,CSLF1SIT,Cyber Security & Legal Framework Test 1,Engineer-28,sa496625@gmail.com,55,60,91.67,1069,28,2,0,1,"{""Q1381"":""B"",""Q1382"":""C"",""Q1383"":""B"",""Q1384"":""C"",""Q1385"":""C"",""Q1386"":""B"",""Q1387"":""B"",""Q1388"":""C"",""Q1389"":""B"",""Q1390"":""B"",""Q1391"":""C"",""Q1392"":""A"",""Q1393"":""D"",""Q1394"":""B"",""Q1395"":""A"",""Q1396"":""C"",""Q1397"":""C"",""Q1398"":""A"",""Q1399"":""C"",""Q1400"":""C"",""Q1401"":""B"",""Q1402"":""D"",""Q1403"":""D"",""Q1404"":""C"",""Q1405"":""C"",""Q1406"":""C"",""Q1407"":""B"",""Q1408"":""C"",""Q1409"":""B"",""Q1410"":""B""}"
SUB1786429580858,2026-08-11T06:26:20.858Z,AB1008,Accounting Equation & Journal Entry,Bilal,bilal9596303059@gmail.com,7,10,70,514,6,4,0,5,"{""Q2676"":""B"",""Q2677"":""A"",""Q2678"":""A"",""Q2679"":""A"",""Q2680"":""C"",""Q2681"":""A"",""Q2682"":""D"",""Q2683"":""C"",""Q2684"":""B"",""Q2685"":""A""}"
SUB1786430627231,2026-08-11T06:43:47.231Z,GIRUT2907,GI & Reasoning Ultimate Test,Engineer-28,sa496625@gmail.com,8.5,10,85,426,4,1,0,2,"{""Q2341"":""A"",""Q2342"":""A"",""Q2343"":""C"",""Q2344"":""C"",""Q2345"":""A""}"
SUB1786431555647,2026-08-11T06:59:15.647Z,LE1108,Linear Equation in two variables,Bilal,bilal9596303059@gmail.com,4,10,40,407,3,4,3,4,"{""Q2686"":""A"",""Q2687"":""D"",""Q2688"":""B"",""Q2689"":""B"",""Q2690"":""B"",""Q2692"":""A"",""Q2693"":""B""}"
SUB1786433786572,2026-08-11T07:36:26.572Z,GIR3SIT,GI & Reasoning Test 3,Engineer-28,sa496625@gmail.com,47.5,60,79.17,2070,25,5,0,2,"{""Q758"":""B"",""Q759"":""C"",""Q760"":""C"",""Q761"":""A"",""Q763"":""B"",""Q765"":""B"",""Q766"":""A"",""Q767"":""A"",""Q768"":""A"",""Q769"":""A"",""Q770"":""B"",""Q771"":""B"",""Q772"":""C"",""Q773"":""A"",""Q774"":""C"",""Q775"":""A"",""Q776"":""B"",""Q778"":""C"",""Q779"":""C"",""Q780"":""D"",""Q781"":""B"",""Q782"":""B"",""Q783"":""C"",""Q784"":""B"",""Q785"":""A"",""Q786"":""D"",""Q787"":""C"",""Q777"":""A"",""Q764"":""B"",""Q762"":""A""}"
SUB1786434286087,2026-08-11T07:44:46.088Z,AI1SIT,"AI, DS and Automation Test 1",Manjeet,anmolbandral7@gmail.com,44,60,73.33,1510,23,4,3,10,"{""Q1741"":""B"",""Q1742"":""C"",""Q1743"":""B"",""Q1744"":""A"",""Q1745"":""C"",""Q1746"":""B"",""Q1747"":""C"",""Q1748"":""B"",""Q1749"":""A"",""Q1750"":""B"",""Q1751"":""A"",""Q1753"":""B"",""Q1754"":""C"",""Q1755"":""B"",""Q1756"":""D"",""Q1757"":""B"",""Q1758"":""A"",""Q1759"":""B"",""Q1760"":""B"",""Q1762"":""B"",""Q1763"":""A"",""Q1764"":""C"",""Q1765"":""B"",""Q1766"":""A"",""Q1767"":""A"",""Q1768"":""C"",""Q1770"":""B""}"
SUB1786438473896,2026-08-11T08:54:33.896Z,ED1SITFree,Electronic Devices,Aditya Sharma,adityasharma91104@gmail.com,3,20,15,330,1,2,7,15,"{""Q2171"":""B"",""Q2172"":""A"",""Q2176"":""A""}"
SUB1786439941954,2026-08-11T09:19:01.954Z,LE1108,Linear Equation in two variables,Nishant Sharma,nishantsharma3281@gmail.com,0,10,0,600,0,0,10,7,{}
SUB1786441135569,2026-08-11T09:38:55.569Z,LE1108,Linear Equation in two variables,Vishal Singh,vlk611205@gmail.com,1.75,10,17.5,561,1,3,6,6,"{""Q2686"":""A"",""Q2687"":""D"",""Q2688"":""C"",""Q2689"":""D""}"
SUB1786442798577,2026-08-11T10:06:38.577Z,LE1108,Linear Equation in two variables,Vishal Singh,vlk611205@gmail.com,8.5,10,85,597,8,2,0,3,"{""Q2686"":""A"",""Q2687"":""C"",""Q2688"":""A"",""Q2689"":""B"",""Q2690"":""B"",""Q2691"":""A"",""Q2692"":""D"",""Q2693"":""A"",""Q2694"":""D"",""Q2695"":""D""}"
SUB1786443023942,2026-08-11T10:10:23.942Z,IOT1SIT,"IoT, Embedded Systems Test 1",Engineer-28,sa496625@gmail.com,55,60,91.67,791,28,2,0,1,"{""Q1651"":""B"",""Q1652"":""B"",""Q1653"":""C"",""Q1654"":""A"",""Q1655"":""C"",""Q1656"":""B"",""Q1657"":""C"",""Q1658"":""B"",""Q1659"":""A"",""Q1660"":""D"",""Q1661"":""A"",""Q1662"":""A"",""Q1663"":""B"",""Q1664"":""A"",""Q1665"":""D"",""Q1666"":""C"",""Q1667"":""A"",""Q1668"":""A"",""Q1669"":""C"",""Q1670"":""B"",""Q1671"":""A"",""Q1673"":""A"",""Q1674"":""C"",""Q1675"":""A"",""Q1676"":""C"",""Q1677"":""C"",""Q1678"":""B"",""Q1679"":""C"",""Q1680"":""B"",""Q1672"":""C""}"
SUB1786443274715,2026-08-11T10:14:34.715Z,LE1108,Linear Equation in two variables,Vishal Singh,vlk611205@gmail.com,10,10,100,60,10,0,0,1,"{""Q2686"":""A"",""Q2687"":""C"",""Q2688"":""A"",""Q2689"":""B"",""Q2690"":""B"",""Q2691"":""A"",""Q2692"":""D"",""Q2693"":""A"",""Q2694"":""B"",""Q2695"":""A""}"
SUB1786443953124,2026-08-11T10:25:53.124Z,LE1108,Linear Equation in two variables,Shoaib,gameoverindian@gmail.com,4,10,40,603,4,0,6,5,"{""Q2688"":""A"",""Q2689"":""B"",""Q2693"":""A"",""Q2694"":""B""}"
SUB1786445444521,2026-08-11T10:50:44.521Z,LE1108,Linear Equation in two variables,Shoaib,gameoverindian@gmail.com,9,10,90,41,9,0,1,2,"{""Q2686"":""A"",""Q2687"":""C"",""Q2688"":""A"",""Q2689"":""B"",""Q2690"":""B"",""Q2692"":""D"",""Q2693"":""A"",""Q2694"":""B"",""Q2695"":""A""}"
SUB1786467596947,2026-08-11T16:59:56.947Z,MPSIT1208,Microprocessor Test 3,Sourav Sharma,sharmasourav3636@gmail.com,12.5,20,62.5,140,6,1,3,2,"{""Q2667"":""A"",""Q2668"":""A"",""Q2670"":""B"",""Q2671"":""C"",""Q2673"":""D"",""Q2672"":""C"",""Q2675"":""C""}"
SUB1786523370365,2026-08-12T08:29:30.365Z,T001A,JKPSI_Telecom_T001A,Umer Nisar,loneumar166@gmail.com,8,20,40,112,5,4,1,11,"{""Q202"":""B"",""Q203"":""B"",""Q204"":""C"",""Q205"":""A"",""Q206"":""A"",""Q207"":""C"",""Q208"":""B"",""Q209"":""B"",""Q210"":""B""}"
SUB1786523423098,2026-08-12T08:30:23.098Z,T001A,JKPSI_Telecom_T001A,Umer Nisar,loneumar166@gmail.com,8,20,40,112,5,4,1,12,"{""Q202"":""B"",""Q203"":""B"",""Q204"":""C"",""Q205"":""A"",""Q206"":""A"",""Q207"":""C"",""Q208"":""B"",""Q209"":""B"",""Q210"":""B""}"
SUB1786524056162,2026-08-12T08:40:56.162Z,AB1008,Accounting Equation & Journal Entry,Kay4M,alikamran0103@gmail.com,7.75,10,77.5,503,7,3,0,4,"{""Q2676"":""C"",""Q2677"":""A"",""Q2678"":""A"",""Q2679"":""A"",""Q2680"":""C"",""Q2681"":""A"",""Q2682"":""D"",""Q2683"":""C"",""Q2684"":""B"",""Q2685"":""A""}"
SUB1786524420818,2026-08-12T08:47:00.818Z,TA1208,Tesnses And Articles,Vishal Singh,vlk611205@gmail.com,5.5,10,55,600,4,6,0,11,"{""Q2696"":""B"",""Q2697"":""A"",""Q2698"":""C"",""Q2699"":""A"",""Q2700"":""D"",""Q2701"":""C"",""Q2702"":""C"",""Q2703"":""B"",""Q2704"":""B"",""Q2705"":""B""}"
SUB1786524442597,2026-08-12T08:47:22.597Z,TA1208,Tesnses And Articles,Vishal Singh,vlk611205@gmail.com,5.5,10,55,600,4,6,0,12,"{""Q2696"":""B"",""Q2697"":""A"",""Q2698"":""C"",""Q2699"":""A"",""Q2700"":""D"",""Q2701"":""C"",""Q2702"":""C"",""Q2703"":""B"",""Q2704"":""B"",""Q2705"":""B""}"
SUB1786524463553,2026-08-12T08:47:43.553Z,TA1208,Tesnses And Articles,Vishal Singh,vlk611205@gmail.com,5.5,10,55,600,4,6,0,13,"{""Q2696"":""B"",""Q2697"":""A"",""Q2698"":""C"",""Q2699"":""A"",""Q2700"":""D"",""Q2701"":""C"",""Q2702"":""C"",""Q2703"":""B"",""Q2704"":""B"",""Q2705"":""B""}"
SUB1786524483959,2026-08-12T08:48:03.959Z,TA1208,Tesnses And Articles,Vishal Singh,vlk611205@gmail.com,5.5,10,55,600,4,6,0,14,"{""Q2696"":""B"",""Q2697"":""A"",""Q2698"":""C"",""Q2699"":""A"",""Q2700"":""D"",""Q2701"":""C"",""Q2702"":""C"",""Q2703"":""B"",""Q2704"":""B"",""Q2705"":""B""}"
SUB1786529223775,2026-08-12T10:07:03.775Z,ED1SITFree,Electronic Devices,Bassam Majid,bhattibassam425@gmail.com,11,20,55,140,4,6,0,6,"{""Q2171"":""C"",""Q2172"":""C"",""Q2173"":""C"",""Q2174"":""D"",""Q2175"":""B"",""Q2176"":""D"",""Q2177"":""B"",""Q2178"":""B"",""Q2179"":""B"",""Q2180"":""C""}"
SUB1786529256565,2026-08-12T10:07:36.565Z,ED1SITFree,Electronic Devices,Bassam Majid,bhattibassam425@gmail.com,11,20,55,140,4,6,0,7,"{""Q2171"":""C"",""Q2172"":""C"",""Q2173"":""C"",""Q2174"":""D"",""Q2175"":""B"",""Q2176"":""D"",""Q2177"":""B"",""Q2178"":""B"",""Q2179"":""B"",""Q2180"":""C""}"
SUB1786529868495,2026-08-12T10:17:48.495Z,T001C,JKPSI Telecom T001C,Bassam Majid,bhattibassam425@gmail.com,14.5,40,36.25,496,9,7,4,34,"{""Q232"":""A"",""Q233"":""A"",""Q234"":""C"",""Q235"":""C"",""Q237"":""B"",""Q238"":""C"",""Q239"":""B"",""Q240"":""C"",""Q242"":""D"",""Q243"":""B"",""Q245"":""B"",""Q246"":""B"",""Q247"":""B"",""Q249"":""B"",""Q250"":""B"",""Q251"":""B""}"
SUB1786529907350,2026-08-12T10:18:27.350Z,T001C,JKPSI Telecom T001C,Bassam Majid,bhattibassam425@gmail.com,14.5,40,36.25,496,9,7,4,35,"{""Q232"":""A"",""Q233"":""A"",""Q234"":""C"",""Q235"":""C"",""Q237"":""B"",""Q238"":""C"",""Q239"":""B"",""Q240"":""C"",""Q242"":""D"",""Q243"":""B"",""Q245"":""B"",""Q246"":""B"",""Q247"":""B"",""Q249"":""B"",""Q250"":""B"",""Q251"":""B""}"
SUB1786529937322,2026-08-12T10:18:57.322Z,T001C,JKPSI Telecom T001C,Bassam Majid,bhattibassam425@gmail.com,14.5,40,36.25,496,9,7,4,36,"{""Q232"":""A"",""Q233"":""A"",""Q234"":""C"",""Q235"":""C"",""Q237"":""B"",""Q238"":""C"",""Q239"":""B"",""Q240"":""C"",""Q242"":""D"",""Q243"":""B"",""Q245"":""B"",""Q246"":""B"",""Q247"":""B"",""Q249"":""B"",""Q250"":""B"",""Q251"":""B""}"
SUB1786530916533,2026-08-12T10:35:16.533Z,TA1208,Tesnses And Articles,Vishal Singh,vlk611205@gmail.com,10,10,100,154,10,0,0,1,"{""Q2696"":""A"",""Q2697"":""B"",""Q2698"":""C"",""Q2699"":""B"",""Q2700"":""B"",""Q2701"":""A"",""Q2702"":""C"",""Q2703"":""B"",""Q2704"":""B"",""Q2705"":""C""}"
SUB1786537588006,2026-08-12T12:26:28.006Z,IOT1SIT,"IoT, Embedded Systems Test 1",Rafiya Anwar,rafiyaanwar1@gmail.com,34.5,60,57.5,1259,19,7,4,6,"{""Q1651"":""C"",""Q1652"":""D"",""Q1653"":""D"",""Q1654"":""A"",""Q1655"":""C"",""Q1656"":""D"",""Q1657"":""C"",""Q1658"":""B"",""Q1659"":""A"",""Q1660"":""D"",""Q1661"":""A"",""Q1662"":""B"",""Q1663"":""B"",""Q1664"":""D"",""Q1666"":""C"",""Q1667"":""B"",""Q1670"":""B"",""Q1671"":""A"",""Q1672"":""D"",""Q1673"":""A"",""Q1674"":""C"",""Q1675"":""A"",""Q1676"":""C"",""Q1677"":""A"",""Q1678"":""B"",""Q1679"":""C""}"
SUB1786541186778,2026-08-12T13:26:26.778Z,TA1208,Tesnses And Articles,Shoaib,gameoverindian@gmail.com,9,10,90,561,9,0,1,2,"{""Q2696"":""A"",""Q2697"":""B"",""Q2698"":""C"",""Q2699"":""B"",""Q2700"":""B"",""Q2702"":""C"",""Q2703"":""B"",""Q2704"":""B"",""Q2705"":""C""}"
SUB1786541370987,2026-08-12T13:29:30.987Z,IOT1SIT,"IoT, Embedded Systems Test 1",Manjeet,anmolbandral7@gmail.com,53.5,60,89.17,1723,27,1,2,2,"{""Q1651"":""B"",""Q1652"":""B"",""Q1653"":""C"",""Q1654"":""A"",""Q1655"":""C"",""Q1656"":""B"",""Q1657"":""C"",""Q1658"":""B"",""Q1659"":""A"",""Q1660"":""D"",""Q1661"":""A"",""Q1662"":""B"",""Q1663"":""B"",""Q1664"":""A"",""Q1665"":""D"",""Q1666"":""C"",""Q1667"":""A"",""Q1670"":""B"",""Q1671"":""A"",""Q1672"":""D"",""Q1673"":""A"",""Q1674"":""C"",""Q1675"":""A"",""Q1676"":""C"",""Q1677"":""C"",""Q1678"":""B"",""Q1679"":""A"",""Q1680"":""B""}"
SUB1786546915379,2026-08-12T15:01:55.379Z,AB1008,Accounting Equation & Journal Entry,Sarhil,karmabad961@gmail.com,3.75,10,37.5,917,3,3,4,9,"{""Q2676"":""C"",""Q2677"":""A"",""Q2678"":""B"",""Q2679"":""A"",""Q2680"":""C"",""Q2681"":""D""}"
SUB1786590187546,2026-08-13T03:03:07.546Z,AB1008,Accounting Equation & Journal Entry,Sarhil,karmabad961@gmail.com,9.25,10,92.5,109,9,1,0,2,"{""Q2676"":""C"",""Q2677"":""A"",""Q2678"":""A"",""Q2679"":""B"",""Q2680"":""C"",""Q2681"":""A"",""Q2682"":""A"",""Q2683"":""C"",""Q2684"":""C"",""Q2685"":""A""}"
SUB1786593867643,2026-08-13T04:04:27.643Z,CSUltimate1,Cyber Security & Legal Framework Ultimate Final Test,Sourav Sharma,sharmasourav3636@gmail.com,4,40,10,81,1,4,0,2,"{""Q2221"":""A"",""Q2222"":""A"",""Q2223"":""A"",""Q2224"":""D"",""Q2225"":""D""}"
SUB1786594033707,2026-08-13T04:07:13.707Z,CSUltimate1,Cyber Security & Legal Framework Ultimate Final Test,Sourav Sharma,sharmasourav3636@gmail.com,8.5,40,21.25,72,4,1,0,1,"{""Q2221"":""A"",""Q2222"":""B"",""Q2223"":""C"",""Q2224"":""C"",""Q2225"":""A""}"
SUB1786595397247,2026-08-13T04:29:57.247Z,CSNS3SIT,CS & Networking Systems Test 3,Sourav Sharma,sharmasourav3636@gmail.com,29.5,60,49.17,603,16,5,9,3,"{""Q1351"":""B"",""Q1353"":""B"",""Q1354"":""B"",""Q1357"":""C"",""Q1358"":""C"",""Q1359"":""C"",""Q1361"":""C"",""Q1364"":""B"",""Q1365"":""D"",""Q1366"":""C"",""Q1368"":""B"",""Q1369"":""B"",""Q1370"":""B"",""Q1372"":""C"",""Q1373"":""B"",""Q1374"":""A"",""Q1375"":""B"",""Q1377"":""B"",""Q1378"":""B"",""Q1379"":""B"",""Q1380"":""A""}"
SUB1786596088241,2026-08-13T04:41:28.241Z,AI1SIT,"AI, DS and Automation Test 1",Sourav Sharma,sharmasourav3636@gmail.com,48,60,80,555,25,4,1,7,"{""Q1741"":""B"",""Q1742"":""D"",""Q1743"":""A"",""Q1744"":""A"",""Q1745"":""C"",""Q1746"":""B"",""Q1747"":""C"",""Q1748"":""B"",""Q1749"":""A"",""Q1750"":""B"",""Q1751"":""A"",""Q1752"":""A"",""Q1753"":""B"",""Q1754"":""C"",""Q1755"":""B"",""Q1756"":""D"",""Q1757"":""B"",""Q1758"":""A"",""Q1759"":""B"",""Q1760"":""C"",""Q1761"":""A"",""Q1762"":""B"",""Q1763"":""C"",""Q1764"":""C"",""Q1765"":""B"",""Q1766"":""A"",""Q1767"":""A"",""Q1769"":""C"",""Q1770"":""B""}"
SUB1786603590382,2026-08-13T06:46:30.382Z,JKR1408SIT,J&K Reorganisation Act,Kay4M,alikamran0103@gmail.com,14,20,70,159,6,4,0,5,"{""Q2766"":""C"",""Q2767"":""C"",""Q2768"":""D"",""Q2769"":""C"",""Q2770"":""C"",""Q2771"":""C"",""Q2772"":""C"",""Q2773"":""C"",""Q2774"":""C"",""Q2775"":""A""}"
SUB1786614687526,2026-08-13T09:51:27.526Z,HisJKFAA1308,Dogra Rule,Vishal Singh,vlk611205@gmail.com,11.75,10,117.5,454,9,11,0,5,"{""Q2746"":""A"",""Q2747"":""D"",""Q2748"":""C"",""Q2749"":""B"",""Q2750"":""A"",""Q2751"":""C"",""Q2752"":""D"",""Q2753"":""A"",""Q2754"":""C"",""Q2755"":""D"",""Q2756"":""A"",""Q2757"":""A"",""Q2758"":""C"",""Q2759"":""B"",""Q2760"":""A"",""Q2761"":""C"",""Q2762"":""C"",""Q2763"":""A"",""Q2764"":""C"",""Q2765"":""D""}"
SUB1786614924971,2026-08-13T09:55:24.971Z,HisJKFAA1308,Dogra Rule,Vishal Singh,vlk611205@gmail.com,20,10,200,52,20,0,0,1,"{""Q2746"":""B"",""Q2747"":""C"",""Q2748"":""C"",""Q2749"":""B"",""Q2750"":""A"",""Q2751"":""B"",""Q2752"":""C"",""Q2753"":""C"",""Q2754"":""A"",""Q2755"":""D"",""Q2756"":""B"",""Q2757"":""C"",""Q2758"":""C"",""Q2759"":""B"",""Q2760"":""A"",""Q2761"":""B"",""Q2762"":""C"",""Q2763"":""C"",""Q2764"":""A"",""Q2765"":""D""}"
SUB1786615565803,2026-08-13T10:06:05.803Z,TA1208,Tesnses And Articles,Nishant Sharma,nishantsharma3281@gmail.com,5.5,10,55,230,4,6,0,8,"{""Q2696"":""A"",""Q2697"":""D"",""Q2698"":""C"",""Q2699"":""A"",""Q2700"":""C"",""Q2701"":""D"",""Q2702"":""B"",""Q2703"":""A"",""Q2704"":""B"",""Q2705"":""C""}"
SUB1786642704476,2026-08-13T17:38:24.476Z,CSLF1SIT,Cyber Security & Legal Framework Test 1,Waqar,waqarmaqbool9143@gmail.com,27.5,60,45.83,1699,17,13,0,14,"{""Q1381"":""D"",""Q1382"":""C"",""Q1383"":""B"",""Q1384"":""A"",""Q1385"":""C"",""Q1386"":""B"",""Q1387"":""B"",""Q1388"":""C"",""Q1389"":""C"",""Q1390"":""B"",""Q1391"":""C"",""Q1392"":""A"",""Q1393"":""A"",""Q1394"":""B"",""Q1395"":""A"",""Q1396"":""C"",""Q1397"":""B"",""Q1398"":""D"",""Q1399"":""B"",""Q1400"":""A"",""Q1401"":""B"",""Q1402"":""D"",""Q1403"":""C"",""Q1404"":""B"",""Q1405"":""D"",""Q1406"":""C"",""Q1407"":""A"",""Q1408"":""D"",""Q1409"":""A"",""Q1410"":""B""}"
SUB1786686458237,2026-08-14T05:47:38.237Z,IOT1SIT,"IoT, Embedded Systems Test 1",Umar Rashid,umir0721@gmail.com,45.5,60,75.83,1545,24,5,1,5,"{""Q1651"":""B"",""Q1653"":""C"",""Q1652"":""B"",""Q1654"":""A"",""Q1655"":""C"",""Q1657"":""C"",""Q1658"":""B"",""Q1659"":""A"",""Q1660"":""D"",""Q1661"":""A"",""Q1662"":""B"",""Q1663"":""B"",""Q1664"":""D"",""Q1665"":""D"",""Q1666"":""C"",""Q1667"":""B"",""Q1669"":""D"",""Q1670"":""B"",""Q1671"":""A"",""Q1672"":""A"",""Q1673"":""A"",""Q1674"":""C"",""Q1675"":""A"",""Q1676"":""C"",""Q1677"":""C"",""Q1678"":""B"",""Q1679"":""D"",""Q1680"":""B"",""Q1656"":""B""}"
SUB1786689266330,2026-08-14T06:34:26.330Z,T001C,JKPSI Telecom T001C,BASIT WAKEEL,basitwani377@gmail.com,27.5,40,68.75,497,15,5,0,13,"{""Q232"":""B"",""Q233"":""A"",""Q234"":""C"",""Q235"":""A"",""Q236"":""C"",""Q237"":""A"",""Q238"":""C"",""Q239"":""B"",""Q240"":""A"",""Q241"":""D"",""Q242"":""A"",""Q243"":""B"",""Q244"":""A"",""Q245"":""A"",""Q246"":""B"",""Q247"":""A"",""Q248"":""C"",""Q249"":""A"",""Q250"":""B"",""Q251"":""B""}"
SUB1786698471780,2026-08-14T09:07:51.780Z,ITEgovUltimate1,IT Systems & e-Governance Ultimate Test,Manjeet,anmolbandral7@gmail.com,8.5,40,21.25,177,4,1,0,5,"{""Q2226"":""D"",""Q2227"":""D"",""Q2228"":""B"",""Q2229"":""B"",""Q2230"":""B""}"
SUB1786699786528,2026-08-14T09:29:46.528Z,ITG1SIT,IT Systems & e-Governance Test 1,Manjeet,anmolbandral7@gmail.com,35,60,58.33,1223,19,6,5,5,"{""Q1471"":""D"",""Q1472"":""B"",""Q1473"":""B"",""Q1474"":""B"",""Q1475"":""B"",""Q1476"":""B"",""Q1477"":""D"",""Q1478"":""C"",""Q1479"":""B"",""Q1481"":""D"",""Q1482"":""B"",""Q1483"":""B"",""Q1484"":""C"",""Q1485"":""D"",""Q1486"":""A"",""Q1487"":""C"",""Q1488"":""A"",""Q1489"":""A"",""Q1490"":""C"",""Q1491"":""A"",""Q1493"":""C"",""Q1496"":""A"",""Q1497"":""C"",""Q1499"":""C"",""Q1500"":""A""}"
SUB1786708260496,2026-08-14T11:51:00.496Z,TFAA01Full,FAA Full Length,Faizana Mushtaq,faizanabhatt@gmail.com,91.25,120,76.04,6125,97,23,0,3,"{""Q322"":""A"",""Q323"":""D"",""Q324"":""A"",""Q325"":""C"",""Q326"":""A"",""Q327"":""D"",""Q328"":""D"",""Q329"":""A"",""Q330"":""A"",""Q331"":""B"",""Q333"":""B"",""Q332"":""B"",""Q334"":""D"",""Q335"":""D"",""Q336"":""C"",""Q337"":""B"",""Q338"":""A"",""Q339"":""D"",""Q340"":""A"",""Q341"":""D"",""Q342"":""B"",""Q343"":""C"",""Q344"":""B"",""Q345"":""B"",""Q346"":""B"",""Q347"":""D"",""Q348"":""B"",""Q349"":""C"",""Q350"":""C"",""Q351"":""D"",""Q352"":""D"",""Q353"":""B"",""Q354"":""A"",""Q356"":""B"",""Q355"":""A"",""Q357"":""D"",""Q359"":""C"",""Q360"":""B"",""Q362"":""B"",""Q366"":""B"",""Q367"":""B"",""Q382"":""C"",""Q441"":""A"",""Q440"":""D"",""Q439"":""A"",""Q438"":""B"",""Q437"":""D"",""Q435"":""A"",""Q434"":""C"",""Q433"":""D"",""Q432"":""D"",""Q431"":""A"",""Q430"":""D"",""Q429"":""B"",""Q428"":""C"",""Q427"":""D"",""Q426"":""D"",""Q425"":""A"",""Q424"":""C"",""Q421"":""A"",""Q419"":""A"",""Q418"":""D"",""Q415"":""A"",""Q414"":""D"",""Q413"":""D"",""Q412"":""D"",""Q411"":""A"",""Q410"":""D"",""Q389"":""C"",""Q387"":""B"",""Q386"":""C"",""Q385"":""A"",""Q384"":""C"",""Q383"":""D"",""Q381"":""A"",""Q380"":""D"",""Q379"":""D"",""Q378"":""A"",""Q377"":""B"",""Q376"":""D"",""Q375"":""A"",""Q374"":""D"",""Q373"":""D"",""Q372"":""C"",""Q371"":""A"",""Q370"":""D"",""Q369"":""A"",""Q368"":""D"",""Q365"":""D"",""Q364"":""D"",""Q363"":""A"",""Q361"":""D"",""Q358"":""D"",""Q436"":""D"",""Q423"":""D"",""Q422"":""D"",""Q420"":""D"",""Q417"":""D"",""Q416"":""D"",""Q388"":""C"",""Q390"":""D"",""Q391"":""A"",""Q392"":""A"",""Q393"":""D"",""Q394"":""D"",""Q395"":""A"",""Q396"":""A"",""Q397"":""D"",""Q398"":""C"",""Q399"":""A"",""Q400"":""D"",""Q401"":""D"",""Q402"":""B"",""Q403"":""D"",""Q404"":""D"",""Q405"":""B"",""Q406"":""D"",""Q407"":""D"",""Q408"":""C"",""Q409"":""D""}"
SUB1786709713067,2026-08-14T12:15:13.067Z,TA1208,Tesnses And Articles,Faizana Mushtaq,faizanabhatt@gmail.com,5.5,10,55,562,4,6,0,10,"{""Q2696"":""A"",""Q2697"":""B"",""Q2698"":""C"",""Q2699"":""A"",""Q2700"":""D"",""Q2701"":""B"",""Q2702"":""D"",""Q2703"":""C"",""Q2704"":""B"",""Q2705"":""A""}"
SUB1786710215197,2026-08-14T12:23:35.197Z,DBMSUTSIT,DBMS Ultimate Test,Engineer-28,sa496625@gmail.com,8.5,10,85,233,4,1,0,1,"{""Q2572"":""C"",""Q2573"":""B"",""Q2574"":""C"",""Q2575"":""B"",""Q2571"":""A""}"
SUB1786715226088,2026-08-14T13:47:06.088Z,T001A,JKPSI_Telecom_T001A,Bassam Majid,bhattibassam425@gmail.com,1,20,5,114,2,6,2,26,"{""Q202"":""A"",""Q203"":""C"",""Q204"":""B"",""Q205"":""C"",""Q206"":""C"",""Q207"":""A"",""Q208"":""C"",""Q210"":""B""}"
SUB1786715416082,2026-08-14T13:50:16.082Z,T001C,JKPSI Telecom T001C,Bassam Majid,bhattibassam425@gmail.com,8,40,20,104,4,0,16,39,"{""Q232"":""B"",""Q233"":""A"",""Q234"":""C"",""Q235"":""C""}"
SUB1786715518044,2026-08-14T13:51:58.044Z,ITG1SIT,IT Systems & e-Governance Test 1,Rafiya Anwar,rafiyaanwar1@gmail.com,12.5,60,20.83,1628,8,7,15,13,"{""Q1473"":""B"",""Q1474"":""A"",""Q1476"":""B"",""Q1477"":""A"",""Q1480"":""D"",""Q1481"":""D"",""Q1483"":""B"",""Q1484"":""C"",""Q1485"":""A"",""Q1486"":""A"",""Q1487"":""C"",""Q1488"":""D"",""Q1489"":""D"",""Q1497"":""D"",""Q1499"":""B""}"
SUB1786720318489,2026-08-14T15:11:58.489Z,ENG1SIT,General English Ultimate Test,Manjeet,anmolbandral7@gmail.com,0,40,0,74,0,0,5,4,{}
SUB1786720458006,2026-08-14T15:14:18.006Z,GECS1SIT,General English Test-1,Manjeet,anmolbandral7@gmail.com,-0.5,60,-0.83,110,0,1,29,17,"{""Q598"":""A""}"
SUB1786721137748,2026-08-14T15:25:37.748Z,EM1SIT,Engineering Mathematics Test 1,Sam,shahidkkhan535@gmail.com,55,60,91.67,1833,28,2,0,1,"{""Q891"":""B"",""Q892"":""A"",""Q893"":""A"",""Q894"":""B"",""Q895"":""B"",""Q897"":""B"",""Q898"":""B"",""Q899"":""D"",""Q900"":""B"",""Q901"":""B"",""Q902"":""B"",""Q903"":""A"",""Q904"":""B"",""Q905"":""C"",""Q906"":""B"",""Q907"":""A"",""Q908"":""B"",""Q920"":""B"",""Q919"":""C"",""Q918"":""A"",""Q917"":""C"",""Q916"":""B"",""Q915"":""B"",""Q914"":""B"",""Q913"":""B"",""Q912"":""B"",""Q911"":""B"",""Q910"":""C"",""Q909"":""B"",""Q896"":""A""}"
SUB1786722972453,2026-08-14T15:56:12.453Z,DE01SIT,Digital Electronics Test 1,Sam,shahidkkhan535@gmail.com,40,40,100,984,20,0,0,1,"{""Q2182"":""B"",""Q2183"":""C"",""Q2184"":""A"",""Q2185"":""B"",""Q2186"":""B"",""Q2187"":""A"",""Q2188"":""A"",""Q2189"":""C"",""Q2190"":""B"",""Q2191"":""C"",""Q2192"":""A"",""Q2193"":""C"",""Q2194"":""C"",""Q2195"":""A"",""Q2196"":""A"",""Q2197"":""B"",""Q2198"":""B"",""Q2199"":""B"",""Q2181"":""B"",""Q2200"":""A""}"
SUB1786776989613,2026-08-15T06:56:29.613Z,MP1SIT,Microprocessors Test 1,Bassam Majid,bhattibassam425@gmail.com,14,40,35,398,5,8,7,11,"{""Q2201"":""D"",""Q2202"":""C"",""Q2203"":""D"",""Q2204"":""C"",""Q2205"":""A"",""Q2206"":""B"",""Q2207"":""A"",""Q2208"":""D"",""Q2209"":""B"",""Q2211"":""A"",""Q2212"":""B"",""Q2213"":""A"",""Q2214"":""D""}"
SUB1786796809441,2026-08-15T12:26:49.441Z,EM4SITFree,Engineering Mathematics,Rohit,lau512311@gmail.com,0,20,0,3,0,0,10,9,{}
SUB1786803840444,2026-08-15T14:24:00.444Z,AB1008,Accounting Equation & Journal Entry,Kay4M,alikamran0103@gmail.com,0,10,0,6,0,0,10,10,{}
SUB1786809315281,2026-08-15T15:55:15.281Z,CSLF1SIT,Cyber Security & Legal Framework Test 1,Manjeet,anmolbandral7@gmail.com,52,60,86.67,1521,26,0,4,3,"{""Q1381"":""B"",""Q1382"":""C"",""Q1383"":""B"",""Q1384"":""C"",""Q1385"":""C"",""Q1386"":""B"",""Q1387"":""B"",""Q1388"":""C"",""Q1389"":""B"",""Q1390"":""B"",""Q1391"":""C"",""Q1393"":""D"",""Q1395"":""A"",""Q1396"":""C"",""Q1397"":""A"",""Q1399"":""C"",""Q1400"":""C"",""Q1401"":""B"",""Q1402"":""D"",""Q1403"":""D"",""Q1404"":""B"",""Q1407"":""B"",""Q1408"":""C"",""Q1409"":""B"",""Q1410"":""B"",""Q1392"":""A""}"
SUB1786852931412,2026-08-16T04:02:11.412Z,ED1SITFree,Electronic Devices,Sam,shahidkkhan535@gmail.com,20,20,100,531,10,0,0,1,"{""Q2171"":""A"",""Q2172"":""C"",""Q2180"":""D"",""Q2179"":""B"",""Q2178"":""B"",""Q2177"":""B"",""Q2176"":""A"",""Q2175"":""C"",""Q2174"":""B"",""Q2173"":""A""}"
SUB1786875399076,2026-08-16T10:16:39.076Z,ITG1SIT,IT Systems & e-Governance Test 1,Manhas,manhasrahi164@gmail.com,29.5,60,49.17,1808,16,5,9,7,"{""Q1471"":""C"",""Q1472"":""B"",""Q1473"":""B"",""Q1474"":""B"",""Q1475"":""B"",""Q1476"":""C"",""Q1477"":""B"",""Q1479"":""B"",""Q1480"":""C"",""Q1481"":""D"",""Q1482"":""B"",""Q1483"":""B"",""Q1484"":""C"",""Q1485"":""D"",""Q1486"":""A"",""Q1491"":""A"",""Q1493"":""B"",""Q1496"":""C"",""Q1499"":""C"",""Q1487"":""B"",""Q1490"":""A""}"
SUB1786878325860,2026-08-16T11:05:25.860Z,T003A,Computer,Mehraj Lone,mehrajlone273@gmail.com,6.5,10,65,259,7,2,1,9,"{""Q252"":""D"",""Q253"":""A"",""Q254"":""A"",""Q256"":""C"",""Q257"":""B"",""Q258"":""C"",""Q259"":""C"",""Q260"":""A"",""Q261"":""A""}"
SUB1786879951945,2026-08-16T11:32:31.945Z,CSLF1SIT,Cyber Security & Legal Framework Test 1,Mohd Aslam,aqidnazir11@gmail.com,52.5,60,87.5,1303,27,3,0,2,"{""Q1381"":""B"",""Q1382"":""C"",""Q1383"":""B"",""Q1384"":""C"",""Q1385"":""C"",""Q1387"":""B"",""Q1388"":""C"",""Q1389"":""B"",""Q1390"":""B"",""Q1391"":""C"",""Q1393"":""B"",""Q1394"":""B"",""Q1395"":""C"",""Q1396"":""C"",""Q1397"":""D"",""Q1399"":""C"",""Q1400"":""C"",""Q1401"":""B"",""Q1402"":""D"",""Q1403"":""D"",""Q1404"":""B"",""Q1406"":""C"",""Q1407"":""B"",""Q1408"":""C"",""Q1409"":""B"",""Q1410"":""B"",""Q1386"":""B"",""Q1392"":""A"",""Q1398"":""A"",""Q1405"":""C""}"
SUB1786880570126,2026-08-16T11:42:50.126Z,TFAA01Full,FAA Full Length,Mehraj Lone,mehrajlone273@gmail.com,99,120,82.5,2036,102,12,6,1,"{""Q421"":""A"",""Q422"":""D"",""Q423"":""D"",""Q424"":""C"",""Q425"":""A"",""Q426"":""D"",""Q427"":""D"",""Q428"":""C"",""Q429"":""A"",""Q430"":""D"",""Q431"":""A"",""Q432"":""D"",""Q433"":""D"",""Q434"":""C"",""Q435"":""A"",""Q436"":""D"",""Q437"":""D"",""Q438"":""B"",""Q439"":""A"",""Q440"":""D"",""Q441"":""A"",""Q412"":""D"",""Q413"":""D"",""Q414"":""C"",""Q415"":""A"",""Q416"":""D"",""Q417"":""D"",""Q418"":""D"",""Q419"":""A"",""Q420"":""D"",""Q351"":""C"",""Q352"":""D"",""Q353"":""B"",""Q354"":""D"",""Q355"":""A"",""Q356"":""B"",""Q357"":""D"",""Q358"":""A"",""Q359"":""C"",""Q360"":""B"",""Q361"":""D"",""Q362"":""B"",""Q363"":""A"",""Q364"":""D"",""Q365"":""D"",""Q366"":""B"",""Q367"":""A"",""Q368"":""D"",""Q369"":""A"",""Q370"":""D"",""Q371"":""A"",""Q372"":""C"",""Q373"":""D"",""Q374"":""A"",""Q375"":""A"",""Q376"":""A"",""Q377"":""B"",""Q378"":""D"",""Q379"":""A"",""Q380"":""B"",""Q381"":""A"",""Q382"":""B"",""Q383"":""D"",""Q384"":""C"",""Q385"":""C"",""Q386"":""C"",""Q387"":""B"",""Q388"":""C"",""Q389"":""C"",""Q390"":""D"",""Q391"":""A"",""Q392"":""A"",""Q393"":""D"",""Q394"":""D"",""Q395"":""A"",""Q396"":""D"",""Q397"":""D"",""Q398"":""C"",""Q399"":""A"",""Q400"":""D"",""Q401"":""D"",""Q402"":""A"",""Q403"":""A"",""Q404"":""D"",""Q405"":""A"",""Q406"":""D"",""Q407"":""D"",""Q408"":""A"",""Q409"":""A"",""Q410"":""D"",""Q411"":""A"",""Q323"":""D"",""Q324"":""A"",""Q327"":""D"",""Q329"":""A"",""Q330"":""D"",""Q332"":""B"",""Q334"":""D"",""Q335"":""D"",""Q336"":""C"",""Q337"":""A"",""Q338"":""C"",""Q339"":""D"",""Q340"":""B"",""Q341"":""D"",""Q342"":""B"",""Q343"":""C"",""Q344"":""B"",""Q345"":""B"",""Q346"":""B"",""Q347"":""B"",""Q348"":""B"",""Q349"":""C"",""Q350"":""C""}"
SUB1786885439358,2026-08-16T13:03:59.358Z,T001,JKPSI_Telecom_Unit1,Arvinder Singh Bali,arvinderthakur232@gmail.com,95.5,198,48.23,2139,51,13,35,18,"{""Q003"":""C"",""Q004"":""B"",""Q005"":""D"",""Q006"":""C"",""Q007"":""C"",""Q008"":""C"",""Q009"":""C"",""Q011"":""B"",""Q012"":""C"",""Q013"":""C"",""Q014"":""B"",""Q015"":""B"",""Q016"":""B"",""Q017"":""B"",""Q018"":""C"",""Q019"":""B"",""Q020"":""B"",""Q023"":""B"",""Q024"":""B"",""Q025"":""A"",""Q027"":""B"",""Q028"":""B"",""Q029"":""C"",""Q033"":""C"",""Q043"":""C"",""Q047"":""B"",""Q048"":""B"",""Q049"":""B"",""Q050"":""B"",""Q053"":""B"",""Q055"":""B"",""Q056"":""B"",""Q057"":""A"",""Q058"":""B"",""Q061"":""C"",""Q064"":""B"",""Q065"":""C"",""Q066"":""A"",""Q067"":""B"",""Q068"":""A"",""Q069"":""C"",""Q070"":""D"",""Q071"":""C"",""Q073"":""C"",""Q074"":""A"",""Q076"":""C"",""Q077"":""B"",""Q078"":""B"",""Q079"":""B"",""Q080"":""B"",""Q081"":""B"",""Q082"":""A"",""Q083"":""B"",""Q084"":""B"",""Q087"":""C"",""Q088"":""A"",""Q089"":""C"",""Q091"":""A"",""Q093"":""B"",""Q094"":""B"",""Q096"":""C"",""Q097"":""B"",""Q099"":""B"",""Q100"":""B""}"
SUB1786898072713,2026-08-16T16:34:32.713Z,TA1208,Tesnses And Articles,Sarhil,karmabad961@gmail.com,7.5,10,75,424,7,2,1,4,"{""Q2696"":""D"",""Q2697"":""A"",""Q2698"":""C"",""Q2699"":""B"",""Q2700"":""B"",""Q2702"":""C"",""Q2703"":""B"",""Q2704"":""B"",""Q2705"":""C""}"
SUB1786898359239,2026-08-16T16:39:19.239Z,HisJKFAA1308,Dogra Rule,Sarhil,karmabad961@gmail.com,17.5,10,175,159,17,2,1,2,"{""Q2746"":""B"",""Q2747"":""C"",""Q2748"":""C"",""Q2749"":""B"",""Q2750"":""A"",""Q2751"":""B"",""Q2752"":""C"",""Q2753"":""B"",""Q2755"":""D"",""Q2756"":""B"",""Q2757"":""C"",""Q2758"":""C"",""Q2759"":""B"",""Q2760"":""A"",""Q2761"":""B"",""Q2762"":""C"",""Q2763"":""B"",""Q2764"":""A"",""Q2765"":""D""}"
SUB1786912801109,2026-08-16T20:40:01.109Z,T002F,Computer Proficiency,Mehraj Lone,mehrajlone273@gmail.com,52.5,60,87.5,791,27,3,0,1,"{""Q262"":""A"",""Q263"":""A"",""Q264"":""B"",""Q265"":""B"",""Q266"":""A"",""Q267"":""C"",""Q268"":""B"",""Q269"":""B"",""Q270"":""C"",""Q271"":""C"",""Q272"":""A"",""Q273"":""A"",""Q274"":""A"",""Q275"":""A"",""Q276"":""A"",""Q277"":""C"",""Q278"":""A"",""Q279"":""B"",""Q280"":""B"",""Q281"":""A"",""Q282"":""B"",""Q283"":""A"",""Q284"":""A"",""Q285"":""A"",""Q286"":""A"",""Q287"":""A"",""Q288"":""A"",""Q289"":""A"",""Q290"":""B"",""Q291"":""A""}"
SUB1786950907498,2026-08-17T07:15:07.498Z,T001,JKPSI_Telecom_Unit1,Santokh Bandral,bandralsantokh@gmail.com,69,198,34.85,1005,42,30,27,29,"{""Q003"":""A"",""Q004"":""B"",""Q005"":""C"",""Q006"":""B"",""Q007"":""A"",""Q008"":""A"",""Q009"":""C"",""Q010"":""A"",""Q011"":""A"",""Q012"":""B"",""Q013"":""C"",""Q014"":""B"",""Q015"":""B"",""Q016"":""C"",""Q017"":""B"",""Q018"":""B"",""Q019"":""B"",""Q020"":""D"",""Q023"":""B"",""Q024"":""B"",""Q025"":""A"",""Q026"":""C"",""Q029"":""C"",""Q030"":""A"",""Q032"":""B"",""Q033"":""C"",""Q034"":""A"",""Q036"":""A"",""Q037"":""A"",""Q038"":""B"",""Q040"":""B"",""Q041"":""D"",""Q043"":""C"",""Q044"":""B"",""Q046"":""C"",""Q047"":""D"",""Q049"":""B"",""Q050"":""B"",""Q055"":""A"",""Q056"":""A"",""Q057"":""A"",""Q059"":""D"",""Q065"":""B"",""Q066"":""D"",""Q067"":""A"",""Q068"":""C"",""Q069"":""C"",""Q070"":""B"",""Q071"":""B"",""Q072"":""A"",""Q073"":""B"",""Q074"":""A"",""Q075"":""B"",""Q076"":""C"",""Q077"":""B"",""Q078"":""B"",""Q080"":""B"",""Q082"":""A"",""Q083"":""C"",""Q084"":""B"",""Q085"":""A"",""Q086"":""C"",""Q087"":""C"",""Q088"":""A"",""Q089"":""B"",""Q091"":""B"",""Q092"":""A"",""Q094"":""B"",""Q097"":""B"",""Q099"":""C"",""Q100"":""B"",""Q101"":""A""}"
SUB1786957385489,2026-08-17T09:03:05.489Z,EM1SIT,Engineering Mathematics Test 1,AHSAAN AHMAD AHANGER,ahsaanahmad2020@gmail.com,26.5,60,44.17,992,14,3,13,2,"{""Q892"":""A"",""Q891"":""B"",""Q895"":""A"",""Q898"":""B"",""Q899"":""D"",""Q900"":""B"",""Q902"":""B"",""Q903"":""A"",""Q906"":""D"",""Q910"":""C"",""Q911"":""B"",""Q913"":""A"",""Q915"":""C"",""Q917"":""C"",""Q918"":""A"",""Q919"":""C"",""Q920"":""B""}"
SUB1786958542984,2026-08-17T09:22:22.984Z,ED1SITFree,Electronic Devices,Mehraj Lone,mehrajlone273@gmail.com,0,20,0,54,0,0,10,21,{}
SUB1786959094035,2026-08-17T09:31:34.035Z,T001C,JKPSI Telecom T001C,Mehraj Lone,mehrajlone273@gmail.com,25.5,40,63.75,367,14,5,1,19,"{""Q232"":""B"",""Q234"":""A"",""Q235"":""A"",""Q236"":""C"",""Q237"":""B"",""Q238"":""A"",""Q239"":""B"",""Q240"":""A"",""Q241"":""A"",""Q242"":""A"",""Q243"":""B"",""Q244"":""A"",""Q245"":""A"",""Q246"":""B"",""Q247"":""A"",""Q248"":""C"",""Q249"":""A"",""Q250"":""B"",""Q251"":""B""}"
SUB1786961243850,2026-08-17T10:07:23.850Z,T001,JKPSI_Telecom_Unit1,Mehraj Lone,mehrajlone273@gmail.com,78.5,198,39.65,688,44,19,36,25,"{""Q003"":""C"",""Q004"":""B"",""Q005"":""C"",""Q006"":""C"",""Q007"":""B"",""Q008"":""C"",""Q009"":""C"",""Q010"":""C"",""Q011"":""B"",""Q012"":""B"",""Q013"":""C"",""Q014"":""B"",""Q015"":""B"",""Q016"":""B"",""Q017"":""B"",""Q018"":""B"",""Q019"":""B"",""Q020"":""B"",""Q023"":""B"",""Q034"":""A"",""Q035"":""B"",""Q036"":""B"",""Q037"":""C"",""Q038"":""B"",""Q039"":""C"",""Q040"":""B"",""Q041"":""C"",""Q057"":""A"",""Q067"":""B"",""Q066"":""A"",""Q065"":""A"",""Q064"":""A"",""Q068"":""C"",""Q069"":""A"",""Q070"":""D"",""Q071"":""A"",""Q072"":""C"",""Q073"":""C"",""Q074"":""A"",""Q075"":""C"",""Q076"":""C"",""Q077"":""B"",""Q078"":""B"",""Q079"":""B"",""Q080"":""B"",""Q081"":""B"",""Q082"":""C"",""Q083"":""B"",""Q084"":""A"",""Q085"":""A"",""Q087"":""B"",""Q088"":""B"",""Q089"":""C"",""Q091"":""A"",""Q092"":""B"",""Q093"":""B"",""Q094"":""A"",""Q095"":""A"",""Q097"":""B"",""Q098"":""B"",""Q099"":""B"",""Q100"":""B"",""Q101"":""B""}"
SUB1786967471962,2026-08-17T11:51:11.962Z,AI1SIT,"AI, DS and Automation Test 1",Mohd Aslam,aqidnazir11@gmail.com,60,60,100,747,30,0,0,1,"{""Q1741"":""B"",""Q1742"":""C"",""Q1743"":""A"",""Q1744"":""A"",""Q1745"":""C"",""Q1746"":""B"",""Q1747"":""C"",""Q1748"":""B"",""Q1749"":""A"",""Q1750"":""B"",""Q1751"":""A"",""Q1752"":""A"",""Q1753"":""B"",""Q1754"":""C"",""Q1755"":""B"",""Q1756"":""B"",""Q1757"":""B"",""Q1758"":""A"",""Q1759"":""B"",""Q1760"":""B"",""Q1761"":""A"",""Q1762"":""B"",""Q1764"":""C"",""Q1765"":""B"",""Q1766"":""A"",""Q1767"":""C"",""Q1768"":""C"",""Q1769"":""C"",""Q1770"":""B"",""Q1763"":""C""}"
SUB1786971466776,2026-08-17T12:57:46.776Z,AI2SIT,"AI, DS and Automation Test 2",Mohd Aslam,aqidnazir11@gmail.com,45,60,75,1189,23,2,5,2,"{""Q1774"":""A"",""Q1775"":""B"",""Q1776"":""A"",""Q1777"":""B"",""Q1779"":""A"",""Q1780"":""A"",""Q1782"":""A"",""Q1783"":""B"",""Q1784"":""C"",""Q1785"":""A"",""Q1786"":""A"",""Q1787"":""B"",""Q1788"":""A"",""Q1789"":""A"",""Q1791"":""A"",""Q1792"":""A"",""Q1794"":""A"",""Q1795"":""B"",""Q1796"":""C"",""Q1797"":""A"",""Q1798"":""A"",""Q1799"":""B"",""Q1800"":""B"",""Q1771"":""C"",""Q1773"":""A""}"
SUB1787032022035,2026-08-18T05:47:02.035Z,T001,JKPSI_Telecom_Unit1,Aqeel Nazir,aqeelnazir450@gmail.com,121.5,198,61.36,1794,64,13,22,9,"{""Q003"":""C"",""Q004"":""B"",""Q005"":""A"",""Q007"":""B"",""Q011"":""B"",""Q012"":""A"",""Q013"":""C"",""Q014"":""B"",""Q015"":""B"",""Q016"":""B"",""Q017"":""B"",""Q018"":""C"",""Q019"":""B"",""Q020"":""B"",""Q021"":""B"",""Q023"":""B"",""Q024"":""B"",""Q025"":""A"",""Q026"":""B"",""Q027"":""B"",""Q031"":""B"",""Q032"":""B"",""Q033"":""C"",""Q034"":""A"",""Q035"":""B"",""Q036"":""B"",""Q037"":""C"",""Q038"":""B"",""Q039"":""C"",""Q040"":""B"",""Q041"":""C"",""Q043"":""C"",""Q044"":""B"",""Q046"":""D"",""Q047"":""D"",""Q048"":""B"",""Q049"":""B"",""Q050"":""B"",""Q051"":""A"",""Q052"":""C"",""Q053"":""C"",""Q055"":""B"",""Q056"":""A"",""Q057"":""A"",""Q058"":""B"",""Q059"":""D"",""Q060"":""B"",""Q061"":""C"",""Q064"":""B"",""Q066"":""C"",""Q067"":""A"",""Q071"":""C"",""Q074"":""A"",""Q076"":""C"",""Q077"":""B"",""Q078"":""B"",""Q079"":""B"",""Q080"":""B"",""Q081"":""B"",""Q083"":""B"",""Q084"":""B"",""Q085"":""A"",""Q086"":""B"",""Q087"":""C"",""Q088"":""A"",""Q089"":""C"",""Q090"":""C"",""Q091"":""B"",""Q092"":""B"",""Q093"":""B"",""Q094"":""B"",""Q095"":""A"",""Q097"":""B"",""Q098"":""B"",""Q099"":""B"",""Q100"":""B"",""Q101"":""D""}"
SUB1787037837477,2026-08-18T07:23:57.477Z,ED1SITFree,Electronic Devices,samit showkat dar,samitshowkat@gmail.com,9.5,20,47.5,136,3,7,0,8,"{""Q2172"":""C"",""Q2174"":""B"",""Q2176"":""C"",""Q2171"":""B"",""Q2173"":""C"",""Q2175"":""D"",""Q2177"":""B"",""Q2178"":""C"",""Q2179"":""D"",""Q2180"":""B""}"
SUB1787039700061,2026-08-18T07:55:00.061Z,ACSIT0808,Analog Circuit Test 1,Priya Sharma,priyasharmajk123@gmail.com,8,20,40,603,4,0,6,5,"{""Q2578"":""A"",""Q2580"":""A"",""Q2581"":""B"",""Q2585"":""B""}"
SUB1787053262886,2026-08-18T11:41:02.886Z,CSLF1SIT,Cyber Security & Legal Framework Test 1,Rafiya Anwar,rafiyaanwar1@gmail.com,35.5,60,59.17,1606,20,9,1,10,"{""Q1381"":""B"",""Q1382"":""C"",""Q1383"":""B"",""Q1384"":""B"",""Q1385"":""C"",""Q1386"":""A"",""Q1387"":""B"",""Q1388"":""C"",""Q1389"":""A"",""Q1390"":""B"",""Q1391"":""C"",""Q1392"":""B"",""Q1393"":""B"",""Q1394"":""B"",""Q1395"":""A"",""Q1396"":""C"",""Q1397"":""D"",""Q1398"":""D"",""Q1399"":""D"",""Q1400"":""C"",""Q1401"":""B"",""Q1402"":""D"",""Q1403"":""B"",""Q1404"":""B"",""Q1405"":""C"",""Q1407"":""B"",""Q1408"":""C"",""Q1409"":""B"",""Q1410"":""B""}"
SUB1787058497551,2026-08-18T13:08:17.551Z,ACSIT0809,Analog Circuit Test 2,Sourav Sharma,sharmasourav3636@gmail.com,20,20,100,176,10,0,0,1,"{""Q2586"":""B"",""Q2587"":""C"",""Q2588"":""B"",""Q2589"":""C"",""Q2590"":""C"",""Q2591"":""B"",""Q2592"":""B"",""Q2593"":""B"",""Q2594"":""B"",""Q2595"":""C""}"
SUB1787060280262,2026-08-18T13:38:00.262Z,JKR1408SIT,J&K Reorganisation Act,Bassam Majid,bhattibassam425@gmail.com,15.5,20,77.5,244,7,3,0,2,"{""Q2766"":""A"",""Q2767"":""C"",""Q2768"":""B"",""Q2769"":""C"",""Q2770"":""A"",""Q2771"":""B"",""Q2772"":""C"",""Q2773"":""C"",""Q2774"":""C"",""Q2775"":""A""}"
SUB1787115061541,2026-08-19T04:51:01.541Z,MP1SIT,Microprocessors Test 1,Iqbal,iqbalmaqbool33@gmail.com,29,40,72.5,420,14,2,4,7,"{""Q2202"":""C"",""Q2203"":""B"",""Q2204"":""C"",""Q2205"":""C"",""Q2206"":""B"",""Q2207"":""A"",""Q2208"":""B"",""Q2209"":""B"",""Q2210"":""A"",""Q2211"":""C"",""Q2212"":""B"",""Q2213"":""B"",""Q2215"":""C"",""Q2217"":""C"",""Q2218"":""B"",""Q2219"":""A""}"
SUB1787157759599,2026-08-19T16:42:39.599Z,DESIT1608,Digital Electronics Test 2,Bassam Majid,bhattibassam425@gmail.com,20,20,100,329,10,0,0,1,"{""Q2606"":""C"",""Q2607"":""B"",""Q2608"":""A"",""Q2609"":""C"",""Q2610"":""C"",""Q2611"":""B"",""Q2612"":""D"",""Q2613"":""C"",""Q2614"":""D"",""Q2615"":""C""}"
SUB1787164179861,2026-08-19T18:29:39.861Z,CSLF1SIT,Cyber Security & Legal Framework Test 1,Manhas,manhasrahi164@gmail.com,28.5,60,47.5,1894,16,7,7,13,"{""Q1381"":""B"",""Q1382"":""C"",""Q1383"":""B"",""Q1384"":""A"",""Q1385"":""C"",""Q1387"":""B"",""Q1388"":""C"",""Q1389"":""D"",""Q1390"":""D"",""Q1391"":""C"",""Q1392"":""A"",""Q1393"":""C"",""Q1395"":""A"",""Q1396"":""C"",""Q1398"":""A"",""Q1399"":""C"",""Q1400"":""D"",""Q1402"":""C"",""Q1403"":""D"",""Q1405"":""C"",""Q1407"":""B"",""Q1408"":""A"",""Q1409"":""B""}"
SUB1787197806728,2026-08-20T03:50:06.728Z,DE01SIT,Digital Electronics Test 1,Priya Sharma,priyasharmajk123@gmail.com,2,40,5,1980,1,0,19,7,"{""Q2186"":""B""}"
SUB1787216081691,2026-08-20T08:54:41.691Z,CSNS1SIT,CS & Networking Systems Test 1,Manjeet,anmolbandral7@gmail.com,51,60,85,1779,26,2,2,2,"{""Q1291"":""B"",""Q1292"":""C"",""Q1293"":""B"",""Q1295"":""B"",""Q1296"":""C"",""Q1297"":""B"",""Q1298"":""C"",""Q1299"":""B"",""Q1300"":""B"",""Q1301"":""B"",""Q1302"":""B"",""Q1303"":""B"",""Q1304"":""B"",""Q1305"":""B"",""Q1306"":""B"",""Q1307"":""C"",""Q1308"":""C"",""Q1309"":""C"",""Q1310"":""B"",""Q1311"":""A"",""Q1312"":""A"",""Q1313"":""A"",""Q1314"":""A"",""Q1315"":""A"",""Q1316"":""A"",""Q1317"":""D"",""Q1318"":""C"",""Q1320"":""D""}"
SUB1787222885258,2026-08-20T10:48:05.258Z,GS1508FAA,Motion & Electricity,Vishal Singh,vlk611205@gmail.com,3.25,20,16.25,506,1,9,0,3,"{""Q2776"":""B"",""Q2777"":""A"",""Q2778"":""C"",""Q2779"":""A"",""Q2780"":""C"",""Q2781"":""A"",""Q2782"":""C"",""Q2783"":""A"",""Q2784"":""C"",""Q2785"":""C""}"
SUB1787226442936,2026-08-20T11:47:22.936Z,GS1508FAA,Motion & Electricity,Vishal Singh,vlk611205@gmail.com,10,20,50,217,10,0,0,1,"{""Q2776"":""A"",""Q2777"":""C"",""Q2778"":""D"",""Q2779"":""D"",""Q2780"":""C"",""Q2781"":""B"",""Q2782"":""B"",""Q2783"":""D"",""Q2784"":""D"",""Q2785"":""B""}"
SUB1787308271988,2026-08-21T10:31:11.988Z,DBMS1SIT,Database Management Systems Test 1,AHSAAN AHMAD AHANGER,ahsaanahmad2020@gmail.com,40.5,60,67.5,892,21,3,6,3,"{""Q1561"":""C"",""Q1563"":""C"",""Q1564"":""C"",""Q1566"":""A"",""Q1567"":""C"",""Q1568"":""B"",""Q1569"":""C"",""Q1570"":""B"",""Q1572"":""B"",""Q1573"":""A"",""Q1574"":""C"",""Q1576"":""D"",""Q1577"":""A"",""Q1578"":""C"",""Q1579"":""A"",""Q1580"":""D"",""Q1581"":""D"",""Q1582"":""B"",""Q1583"":""B"",""Q1584"":""B"",""Q1585"":""B"",""Q1587"":""B"",""Q1589"":""B"",""Q1590"":""B""}"
SUB1787319209562,2026-08-21T13:33:29.562Z,TA1208,Tesnses And Articles,Faizana Mushtaq,faizanabhatt@gmail.com,5.5,10,55,272,4,6,0,9,"{""Q2696"":""A"",""Q2697"":""A"",""Q2698"":""C"",""Q2699"":""B"",""Q2700"":""A"",""Q2701"":""C"",""Q2702"":""C"",""Q2703"":""C"",""Q2704"":""A"",""Q2705"":""B""}"
SUB1787327249462,2026-08-21T15:47:29.462Z,Statsfaa1709,Measure Of Central Tendency,Nishant Sharma,nishantsharma3281@gmail.com,4.75,10,47.5,402,3,7,0,3,"{""Q2816"":""B"",""Q2817"":""B"",""Q2818"":""A"",""Q2819"":""C"",""Q2820"":""A"",""Q2821"":""C"",""Q2822"":""B"",""Q2823"":""D"",""Q2824"":""B"",""Q2825"":""D""}"
SUB1787327778909,2026-08-21T15:56:18.909Z,HisJKFAA1308,Dogra Rule,Nishant Sharma,nishantsharma3281@gmail.com,6.5,10,65,247,5,6,9,7,"{""Q2746"":""C"",""Q2747"":""A"",""Q2748"":""C"",""Q2749"":""C"",""Q2750"":""A"",""Q2751"":""B"",""Q2752"":""A"",""Q2753"":""C"",""Q2754"":""A"",""Q2755"":""B"",""Q2756"":""C""}"
SUB1787378043197,2026-08-22T05:54:03.197Z,DBMS2SIT,Database Management Systems Test 2,AHSAAN AHMAD AHANGER,ahsaanahmad2020@gmail.com,36.5,60,60.83,705,20,7,3,3,"{""Q1591"":""D"",""Q1592"":""B"",""Q1593"":""C"",""Q1594"":""C"",""Q1595"":""B"",""Q1596"":""C"",""Q1597"":""D"",""Q1598"":""A"",""Q1599"":""B"",""Q1600"":""B"",""Q1601"":""A"",""Q1602"":""B"",""Q1603"":""A"",""Q1604"":""D"",""Q1605"":""C"",""Q1606"":""A"",""Q1607"":""A"",""Q1608"":""C"",""Q1609"":""A"",""Q1610"":""A"",""Q1612"":""B"",""Q1613"":""B"",""Q1614"":""D"",""Q1615"":""B"",""Q1617"":""B"",""Q1619"":""B"",""Q1620"":""B""}"
SUB1787401028054,2026-08-22T12:17:08.054Z,CF1508FAA,Computer Fundamentals & Hardwares,Vishal Singh,vlk611205@gmail.com,4.75,10,47.5,437,3,7,0,2,"{""Q2786"":""C"",""Q2787"":""B"",""Q2788"":""C"",""Q2789"":""B"",""Q2790"":""C"",""Q2791"":""D"",""Q2792"":""A"",""Q2793"":""C"",""Q2794"":""B"",""Q2795"":""C""}"
SUB1787402919048,2026-08-22T12:48:39.048Z,CF1508FAA,Computer Fundamentals & Hardwares,Vishal Singh,vlk611205@gmail.com,10,10,100,46,10,0,0,1,"{""Q2786"":""D"",""Q2787"":""A"",""Q2788"":""A"",""Q2789"":""B"",""Q2790"":""D"",""Q2791"":""A"",""Q2792"":""A"",""Q2793"":""A"",""Q2794"":""B"",""Q2795"":""B""}"
SUB1787469472356,2026-08-23T07:17:52.356Z,T003B,Accountancy,Sana,muskan000027@gmail.com,7.25,30,24.17,415,9,7,14,25,"{""Q292"":""B"",""Q295"":""D"",""Q296"":""B"",""Q299"":""C"",""Q300"":""A"",""Q302"":""D"",""Q305"":""B"",""Q306"":""D"",""Q307"":""B"",""Q309"":""B"",""Q310"":""A"",""Q311"":""A"",""Q316"":""B"",""Q318"":""A"",""Q320"":""D"",""Q293"":""D""}"
SUB1787474019574,2026-08-23T08:33:39.574Z,AI1SIT,"AI, DS and Automation Test 1",Kay4M,alikamran0103@gmail.com,48.5,60,80.83,920,25,3,2,6,"{""Q1741"":""B"",""Q1742"":""C"",""Q1743"":""A"",""Q1744"":""A"",""Q1745"":""C"",""Q1746"":""B"",""Q1748"":""B"",""Q1750"":""B"",""Q1751"":""A"",""Q1752"":""A"",""Q1753"":""B"",""Q1754"":""B"",""Q1755"":""B"",""Q1756"":""B"",""Q1757"":""B"",""Q1758"":""A"",""Q1759"":""B"",""Q1760"":""B"",""Q1761"":""A"",""Q1762"":""D"",""Q1763"":""A"",""Q1764"":""C"",""Q1765"":""B"",""Q1766"":""A"",""Q1767"":""C"",""Q1768"":""C"",""Q1769"":""C"",""Q1770"":""B""}"
SUB1787475083094,2026-08-23T08:51:23.094Z,AI2SIT,"AI, DS and Automation Test 2",Kay4M,alikamran0103@gmail.com,35.5,60,59.17,826,19,5,6,5,"{""Q1771"":""D"",""Q1773"":""A"",""Q1774"":""A"",""Q1775"":""A"",""Q1776"":""A"",""Q1777"":""B"",""Q1778"":""C"",""Q1779"":""D"",""Q1780"":""A"",""Q1781"":""C"",""Q1782"":""A"",""Q1783"":""B"",""Q1784"":""C"",""Q1785"":""A"",""Q1786"":""D"",""Q1787"":""B"",""Q1788"":""C"",""Q1791"":""A"",""Q1792"":""A"",""Q1794"":""A"",""Q1795"":""B"",""Q1796"":""C"",""Q1798"":""A"",""Q1799"":""B""}"
SUB1787487062552,2026-08-23T12:11:02.552Z,T001B,JKPSI_Telecom_T001B,vishal bhat,vishalbhat44@gmail.com,35,40,87.5,870,18,2,0,6,"{""Q212"":""D"",""Q213"":""D"",""Q214"":""D"",""Q215"":""C"",""Q216"":""D"",""Q217"":""D"",""Q219"":""D"",""Q220"":""D"",""Q221"":""C"",""Q222"":""B"",""Q223"":""A"",""Q224"":""B"",""Q225"":""C"",""Q226"":""B"",""Q227"":""B"",""Q228"":""B"",""Q229"":""C"",""Q230"":""A"",""Q231"":""B"",""Q218"":""C""}"
SUB1787545445691,2026-08-24T04:24:05.691Z,ED1SITFree,Electronic Devices,Sahil kumar Dabotra,sahilkumar199819@gmail.com,0,20,0,44,0,0,10,20,{}
SUB1787545516872,2026-08-24T04:25:16.872Z,HisJKFAA1308,Dogra Rule,Pankaj Kotwal,kotwalpankaj27@gmail.com,13.25,10,132.5,179,11,9,0,3,"{""Q2746"":""A"",""Q2747"":""C"",""Q2748"":""A"",""Q2749"":""B"",""Q2750"":""A"",""Q2751"":""B"",""Q2752"":""C"",""Q2753"":""A"",""Q2754"":""D"",""Q2755"":""D"",""Q2756"":""A"",""Q2757"":""C"",""Q2758"":""A"",""Q2759"":""B"",""Q2760"":""B"",""Q2761"":""B"",""Q2762"":""C"",""Q2763"":""A"",""Q2764"":""D"",""Q2765"":""D""}"
SUB1787546068991,2026-08-24T04:34:28.991Z,AB1008,Accounting Equation & Journal Entry,Pankaj Kotwal,kotwalpankaj27@gmail.com,8.5,10,85,461,8,2,0,3,"{""Q2676"":""C"",""Q2677"":""A"",""Q2678"":""A"",""Q2679"":""C"",""Q2680"":""C"",""Q2681"":""A"",""Q2683"":""C"",""Q2684"":""B"",""Q2685"":""A"",""Q2682"":""A""}"
SUB1787546501095,2026-08-24T04:41:41.095Z,ACAFP2408,"Analog Communication: AM, FM, PM",Sahil kumar Dabotra,sahilkumar199819@gmail.com,12.5,20,62.5,296,5,5,0,2,"{""Q3086"":""A"",""Q3087"":""A"",""Q3088"":""A"",""Q3089"":""B"",""Q3090"":""A"",""Q3091"":""B"",""Q3092"":""A"",""Q3093"":""A"",""Q3094"":""D"",""Q3095"":""D""}"
SUB1787552369833,2026-08-24T06:19:29.833Z,DE01SIT,Digital Electronics Test 1,Manjeet,anmolbandral7@gmail.com,35.5,40,88.75,1497,17,3,0,2,"{""Q2181"":""B"",""Q2182"":""B"",""Q2183"":""C"",""Q2184"":""A"",""Q2185"":""B"",""Q2186"":""B"",""Q2187"":""A"",""Q2188"":""B"",""Q2189"":""C"",""Q2190"":""B"",""Q2191"":""C"",""Q2192"":""A"",""Q2193"":""C"",""Q2195"":""B"",""Q2196"":""A"",""Q2197"":""B"",""Q2194"":""C"",""Q2199"":""D"",""Q2200"":""A"",""Q2198"":""B""}"
SUB1787553028928,2026-08-24T06:30:28.928Z,IDAFAA1808,Indifference Curve And Demand Analysis,Vishal Singh,vlk611205@gmail.com,2.5,10,25,289,0,10,0,7,"{""Q2936"":""C"",""Q2937"":""A"",""Q2938"":""B"",""Q2939"":""D"",""Q2940"":""C"",""Q2941"":""B"",""Q2942"":""B"",""Q2943"":""B"",""Q2944"":""C"",""Q2945"":""A""}"
SUB1787553858601,2026-08-24T06:44:18.601Z,IDAFAA1808,Indifference Curve And Demand Analysis,Vishal Singh,vlk611205@gmail.com,10,10,100,81,10,0,0,1,"{""Q2936"":""B"",""Q2937"":""C"",""Q2938"":""A"",""Q2939"":""B"",""Q2940"":""B"",""Q2941"":""C"",""Q2942"":""A"",""Q2944"":""B"",""Q2945"":""C"",""Q2943"":""C""}"
SUB1787554541187,2026-08-24T06:55:41.187Z,LPTB1808Faa,Ledger Posting And Trial Balance,Vishal Singh,vlk611205@gmail.com,3.25,10,32.5,590,1,9,0,5,"{""Q2946"":""C"",""Q2947"":""D"",""Q2948"":""A"",""Q2949"":""A"",""Q2950"":""D"",""Q2951"":""B"",""Q2952"":""B"",""Q2953"":""A"",""Q2954"":""C"",""Q2955"":""C""}"
SUB1787555038461,2026-08-24T07:03:58.461Z,LPTB1808Faa,Ledger Posting And Trial Balance,Vishal Singh,vlk611205@gmail.com,8.5,10,85,78,8,2,0,1,"{""Q2946"":""B"",""Q2947"":""B"",""Q2948"":""C"",""Q2949"":""B"",""Q2950"":""C"",""Q2951"":""B"",""Q2952"":""C"",""Q2953"":""B"",""Q2954"":""C"",""Q2955"":""C""}"
SUB1787589394402,2026-08-24T16:36:34.402Z,T001A,JKPSI_Telecom_T001A,Yawar Manzoor,yawarmanzoor47@gmail.com,1,20,5,518,2,6,2,27,"{""Q202"":""A"",""Q203"":""C"",""Q204"":""A"",""Q205"":""C"",""Q206"":""B"",""Q207"":""A"",""Q208"":""B"",""Q210"":""B""}"
SUB1787631986644,2026-08-25T04:26:26.644Z,ITG1SIT,IT Systems & e-Governance Test 1,Sanjay kumar,sanjaykumarskk.01@gmail.com,25,60,41.67,1346,16,14,0,10,"{""Q1472"":""B"",""Q1473"":""A"",""Q1474"":""B"",""Q1475"":""B"",""Q1476"":""D"",""Q1477"":""B"",""Q1479"":""B"",""Q1480"":""B"",""Q1481"":""D"",""Q1482"":""B"",""Q1483"":""B"",""Q1484"":""C"",""Q1485"":""D"",""Q1486"":""D"",""Q1487"":""D"",""Q1488"":""A"",""Q1489"":""C"",""Q1490"":""A"",""Q1492"":""B"",""Q1493"":""D"",""Q1494"":""B"",""Q1495"":""D"",""Q1496"":""B"",""Q1497"":""C"",""Q1498"":""B"",""Q1499"":""C"",""Q1500"":""B"",""Q1478"":""C"",""Q1491"":""C"",""Q1471"":""B""}"
SUB1787634746571,2026-08-25T05:12:26.571Z,JKGK1SIT,UT Specific GK Test-1,Sanjay kumar,sanjaykumarskk.01@gmail.com,20,60,33.33,1296,14,16,0,4,"{""Q514"":""D"",""Q515"":""C"",""Q516"":""A"",""Q517"":""C"",""Q518"":""D"",""Q519"":""B"",""Q520"":""A"",""Q521"":""A"",""Q522"":""B"",""Q523"":""D"",""Q524"":""D"",""Q525"":""C"",""Q526"":""D"",""Q527"":""D"",""Q528"":""D"",""Q529"":""A"",""Q530"":""A"",""Q531"":""C"",""Q532"":""B"",""Q533"":""D"",""Q534"":""D"",""Q535"":""D"",""Q536"":""B"",""Q537"":""A"",""Q538"":""D"",""Q539"":""C"",""Q540"":""D"",""Q541"":""D"",""Q687"":""A"",""Q688"":""A""}"
SUB1787640783650,2026-08-25T06:53:03.650Z,T001,JKPSI_Telecom_Unit1,Sanjay kumar,sanjaykumarskk.01@gmail.com,103.5,198,52.27,1845,57,21,21,14,"{""Q003"":""C"",""Q004"":""B"",""Q005"":""B"",""Q006"":""B"",""Q008"":""C"",""Q009"":""C"",""Q010"":""C"",""Q011"":""B"",""Q012"":""A"",""Q013"":""C"",""Q014"":""B"",""Q015"":""B"",""Q016"":""C"",""Q017"":""B"",""Q018"":""B"",""Q019"":""B"",""Q023"":""B"",""Q037"":""C"",""Q038"":""B"",""Q039"":""A"",""Q040"":""B"",""Q041"":""D"",""Q043"":""D"",""Q044"":""B"",""Q046"":""C"",""Q047"":""C"",""Q048"":""B"",""Q049"":""B"",""Q050"":""B"",""Q052"":""A"",""Q053"":""A"",""Q055"":""B"",""Q056"":""C"",""Q057"":""A"",""Q058"":""B"",""Q059"":""D"",""Q060"":""B"",""Q061"":""C"",""Q064"":""B"",""Q065"":""D"",""Q066"":""C"",""Q067"":""B"",""Q068"":""C"",""Q069"":""C"",""Q070"":""D"",""Q072"":""C"",""Q073"":""C"",""Q074"":""A"",""Q075"":""C"",""Q076"":""C"",""Q077"":""B"",""Q078"":""B"",""Q079"":""B"",""Q080"":""B"",""Q081"":""B"",""Q082"":""A"",""Q083"":""C"",""Q084"":""B"",""Q085"":""A"",""Q086"":""C"",""Q087"":""C"",""Q088"":""A"",""Q089"":""C"",""Q090"":""B"",""Q091"":""B"",""Q092"":""B"",""Q093"":""B"",""Q094"":""B"",""Q095"":""A"",""Q096"":""C"",""Q097"":""B"",""Q098"":""C"",""Q100"":""B"",""Q101"":""D"",""Q027"":""B"",""Q028"":""B"",""Q021"":""B"",""Q022"":""A""}"
SUB1787642626363,2026-08-25T07:23:46.363Z,JKGK2SIT,UT Specific GK Test-2,Sanjay kumar,sanjaykumarskk.01@gmail.com,30,60,50,1098,18,12,0,5,"{""Q542"":""D"",""Q543"":""A"",""Q544"":""C"",""Q545"":""B"",""Q547"":""C"",""Q548"":""A"",""Q549"":""D"",""Q550"":""B"",""Q551"":""B"",""Q552"":""D"",""Q553"":""A"",""Q554"":""B"",""Q555"":""A"",""Q556"":""A"",""Q557"":""B"",""Q558"":""A"",""Q559"":""A"",""Q560"":""D"",""Q561"":""D"",""Q562"":""D"",""Q563"":""A"",""Q564"":""D"",""Q565"":""B"",""Q566"":""A"",""Q567"":""C"",""Q568"":""A"",""Q569"":""B"",""Q694"":""D"",""Q695"":""A"",""Q546"":""C""}"
SUB1787645528442,2026-08-25T08:12:08.442Z,BN1SIT,Basic Numeracy Test 1,sameer Choudhary,choudharysameer287@gmail.com,48.5,60,80.83,2081,25,3,2,3,"{""Q788"":""D"",""Q789"":""C"",""Q790"":""B"",""Q791"":""B"",""Q792"":""C"",""Q793"":""A"",""Q795"":""A"",""Q796"":""B"",""Q797"":""B"",""Q798"":""A"",""Q799"":""A"",""Q800"":""B"",""Q801"":""B"",""Q802"":""B"",""Q804"":""A"",""Q805"":""A"",""Q806"":""B"",""Q807"":""B"",""Q808"":""B"",""Q810"":""A"",""Q811"":""C"",""Q812"":""A"",""Q814"":""C"",""Q816"":""B"",""Q817"":""C"",""Q803"":""C"",""Q809"":""C"",""Q815"":""C""}"
SUB1787645649434,2026-08-25T08:14:09.434Z,MP1SIT,Microprocessors Test 1,Manjeet,anmolbandral7@gmail.com,20,40,50,563,9,4,7,8,"{""Q2201"":""D"",""Q2202"":""B"",""Q2203"":""C"",""Q2204"":""C"",""Q2206"":""B"",""Q2207"":""A"",""Q2208"":""B"",""Q2209"":""B"",""Q2210"":""B"",""Q2212"":""B"",""Q2213"":""B"",""Q2219"":""C"",""Q2220"":""A""}"
SUB1787652280720,2026-08-25T10:04:40.720Z,IOT1SIT,"IoT, Embedded Systems Test 1",Prachi Rajput,prachirajput0189@gmail.com,29,60,48.33,1250,17,10,3,8,"{""Q1651"":""C"",""Q1652"":""B"",""Q1654"":""A"",""Q1655"":""C"",""Q1657"":""A"",""Q1658"":""B"",""Q1659"":""D"",""Q1660"":""D"",""Q1661"":""A"",""Q1662"":""B"",""Q1663"":""B"",""Q1664"":""D"",""Q1665"":""C"",""Q1666"":""C"",""Q1667"":""B"",""Q1668"":""A"",""Q1670"":""C"",""Q1671"":""A"",""Q1672"":""D"",""Q1673"":""A"",""Q1674"":""C"",""Q1675"":""A"",""Q1676"":""A"",""Q1677"":""B"",""Q1678"":""A"",""Q1679"":""C"",""Q1680"":""B""}"
SUB1787673063415,2026-08-25T15:51:03.417Z,T003A,Computer,Mehraj Lone,mehrajlone273@gmail.com,7.5,10,75,417,8,2,0,7,"{""Q252"":""D"",""Q253"":""A"",""Q254"":""A"",""Q255"":""C"",""Q256"":""C"",""Q257"":""B"",""Q258"":""D"",""Q259"":""C"",""Q260"":""A"",""Q261"":""C""}"
SUB1787673654049,2026-08-25T16:00:54.049Z,T003B,Accountancy,Mehraj Lone,mehrajlone273@gmail.com,27.5,30,91.67,395,28,2,0,4,"{""Q292"":""B"",""Q293"":""C"",""Q294"":""C"",""Q295"":""A"",""Q296"":""B"",""Q297"":""B"",""Q298"":""D"",""Q299"":""B"",""Q300"":""A"",""Q301"":""D"",""Q302"":""A"",""Q303"":""B"",""Q304"":""A"",""Q305"":""B"",""Q306"":""D"",""Q307"":""B"",""Q308"":""B"",""Q309"":""B"",""Q310"":""C"",""Q311"":""A"",""Q312"":""B"",""Q313"":""C"",""Q314"":""B"",""Q315"":""B"",""Q316"":""B"",""Q317"":""B"",""Q318"":""B"",""Q319"":""C"",""Q320"":""B"",""Q321"":""B""}"
SUB1787678938225,2026-08-25T17:28:58.225Z,T001C,JKPSI Telecom T001C,Mehraj Lone,mehrajlone273@gmail.com,9,40,22.5,108,5,2,13,38,"{""Q232"":""B"",""Q233"":""B"",""Q234"":""C"",""Q235"":""C"",""Q236"":""C"",""Q237"":""B"",""Q238"":""A""}"
SUB1787716836275,2026-08-26T04:00:36.275Z,ITG1SIT,IT Systems & e-Governance Test 1,Engineer-28,sa496625@gmail.com,50.5,60,84.17,1402,26,3,1,1,"{""Q1471"":""C"",""Q1472"":""B"",""Q1473"":""B"",""Q1474"":""B"",""Q1475"":""B"",""Q1476"":""B"",""Q1477"":""B"",""Q1478"":""B"",""Q1479"":""B"",""Q1480"":""B"",""Q1481"":""D"",""Q1482"":""B"",""Q1483"":""B"",""Q1484"":""C"",""Q1485"":""D"",""Q1486"":""A"",""Q1487"":""C"",""Q1488"":""A"",""Q1490"":""C"",""Q1489"":""B"",""Q1491"":""A"",""Q1492"":""A"",""Q1493"":""B"",""Q1494"":""A"",""Q1496"":""C"",""Q1498"":""B"",""Q1499"":""C"",""Q1500"":""B"",""Q1495"":""A""}"
SUB1787716862691,2026-08-26T04:01:02.691Z,WABCS24008,Web App Basic & Client Server Architecture,Sareer Wani,sareerwani978@gmail.com,11,20,55,105,4,6,0,5,"{""Q3106"":""C"",""Q3110"":""B"",""Q3111"":""B"",""Q3112"":""B"",""Q3113"":""B"",""Q3115"":""B"",""Q3114"":""B"",""Q3109"":""B"",""Q3108"":""B"",""Q3107"":""B""}"
SUB1787717658754,2026-08-26T04:14:18.754Z,EDSIT1108,Electronic Devices Test 1,Sareer Wani,sareerwani978@gmail.com,6,20,30,600,2,4,4,3,"{""Q2644"":""D"",""Q2643"":""C"",""Q2640"":""A"",""Q2639"":""D"",""Q2637"":""B"",""Q2636"":""B""}"
SUB1787718897768,2026-08-26T04:34:57.768Z,CSNS1SIT,CS & Networking Systems Test 1,Engineer-28,sa496625@gmail.com,52.5,60,87.5,1240,27,3,0,1,"{""Q1291"":""B"",""Q1292"":""C"",""Q1293"":""B"",""Q1294"":""D"",""Q1295"":""B"",""Q1297"":""B"",""Q1298"":""C"",""Q1299"":""B"",""Q1300"":""B"",""Q1301"":""B"",""Q1302"":""B"",""Q1303"":""B"",""Q1304"":""A"",""Q1305"":""B"",""Q1306"":""B"",""Q1307"":""C"",""Q1308"":""C"",""Q1309"":""C"",""Q1310"":""B"",""Q1311"":""A"",""Q1312"":""A"",""Q1313"":""A"",""Q1314"":""B"",""Q1316"":""A"",""Q1317"":""D"",""Q1318"":""C"",""Q1319"":""C"",""Q1320"":""B"",""Q1296"":""C"",""Q1315"":""B""}"
SUB1787723382805,2026-08-26T05:49:42.805Z,ED1SITFree,Electronic Devices,Sareer Wani,sareerwani978@gmail.com,12.5,20,62.5,265,5,5,0,4,"{""Q2180"":""D"",""Q2179"":""A"",""Q2177"":""B"",""Q2176"":""A"",""Q2175"":""A"",""Q2174"":""B"",""Q2173"":""B"",""Q2172"":""B"",""Q2178"":""B"",""Q2171"":""B""}"
SUB1787726849110,2026-08-26T06:47:29.111Z,ED1SITFree,Electronic Devices,Aqeel Nazir,aqeelnazir32@gmail.com,4.5,20,22.5,350,2,1,7,14,"{""Q2171"":""A"",""Q2174"":""B"",""Q2176"":""B""}"
SUB1787727237735,2026-08-26T06:53:57.736Z,EM4SITFree,Engineering Mathematics,Aqeel Nazir,aqeelnazir32@gmail.com,7.5,20,37.5,264,4,1,5,5,"{""Q981"":""B"",""Q982"":""A"",""Q986"":""C"",""Q987"":""B"",""Q989"":""C""}"
SUB1787727631761,2026-08-26T07:00:31.761Z,T001A,JKPSI_Telecom_T001A,Aqeel Nazir,aqeelnazir32@gmail.com,10,20,50,302,6,4,0,6,"{""Q202"":""B"",""Q203"":""C"",""Q204"":""C"",""Q205"":""A"",""Q206"":""B"",""Q207"":""C"",""Q208"":""B"",""Q209"":""B"",""Q210"":""B"",""Q211"":""A""}"
SUB1787731761190,2026-08-26T08:09:21.190Z,CSNS1SIT,CS & Networking Systems Test 1,Sareer Wani,sareerwani978@gmail.com,27.5,60,45.83,793,17,13,0,5,"{""Q1291"":""B"",""Q1292"":""C"",""Q1293"":""D"",""Q1294"":""B"",""Q1295"":""D"",""Q1297"":""B"",""Q1298"":""B"",""Q1296"":""A"",""Q1299"":""B"",""Q1300"":""B"",""Q1301"":""B"",""Q1302"":""B"",""Q1303"":""B"",""Q1304"":""B"",""Q1305"":""B"",""Q1306"":""B"",""Q1307"":""B"",""Q1308"":""C"",""Q1309"":""C"",""Q1310"":""C"",""Q1311"":""D"",""Q1312"":""A"",""Q1313"":""B"",""Q1314"":""B"",""Q1315"":""B"",""Q1316"":""B"",""Q1317"":""C"",""Q1318"":""C"",""Q1319"":""B"",""Q1320"":""B""}"
SUB1787734155064,2026-08-26T08:49:15.064Z,MP1SIT,Microprocessors Test 1,Sourav Sharma,sharmasourav3636@gmail.com,31.5,40,78.75,282,15,3,2,6,"{""Q2201"":""B"",""Q2202"":""B"",""Q2203"":""D"",""Q2205"":""A"",""Q2206"":""B"",""Q2207"":""A"",""Q2208"":""C"",""Q2209"":""B"",""Q2210"":""A"",""Q2211"":""C"",""Q2212"":""B"",""Q2213"":""B"",""Q2214"":""B"",""Q2215"":""C"",""Q2216"":""A"",""Q2217"":""C"",""Q2218"":""B"",""Q2220"":""B""}"
SUB1787734553873,2026-08-26T08:55:53.873Z,BN1SIT,Basic Numeracy Test 1,Sareer Wani,sareerwani978@gmail.com,27.5,60,45.83,1996,17,13,0,6,"{""Q788"":""D"",""Q789"":""C"",""Q790"":""B"",""Q791"":""B"",""Q792"":""C"",""Q793"":""A"",""Q796"":""B"",""Q797"":""B"",""Q798"":""A"",""Q799"":""B"",""Q800"":""B"",""Q802"":""A"",""Q803"":""C"",""Q804"":""C"",""Q805"":""B"",""Q806"":""B"",""Q808"":""A"",""Q809"":""C"",""Q810"":""C"",""Q811"":""C"",""Q812"":""A"",""Q813"":""D"",""Q815"":""C"",""Q816"":""B"",""Q817"":""D"",""Q795"":""B"",""Q807"":""C"",""Q814"":""B"",""Q794"":""B"",""Q801"":""C""}"
SUB1787734595995,2026-08-26T08:56:35.995Z,T001A,JKPSI_Telecom_T001A,Aanish,aanishkumarfencer999@gmail.com,0,20,0,333,1,4,5,29,"{""Q202"":""A"",""Q203"":""B"",""Q204"":""B"",""Q207"":""A"",""Q208"":""B""}"
SUB1787736051685,2026-08-26T09:20:51.685Z,T003B,Accountancy,Humaira Jan,humairajan408@gmail.com,16.5,30,55,331,19,10,1,19,"{""Q292"":""B"",""Q293"":""C"",""Q294"":""C"",""Q295"":""A"",""Q296"":""B"",""Q297"":""A"",""Q298"":""B"",""Q299"":""D"",""Q300"":""A"",""Q301"":""D"",""Q302"":""A"",""Q303"":""B"",""Q304"":""B"",""Q305"":""B"",""Q306"":""C"",""Q307"":""B"",""Q308"":""B"",""Q309"":""A"",""Q310"":""C"",""Q311"":""A"",""Q312"":""A"",""Q314"":""A"",""Q315"":""B"",""Q316"":""B"",""Q317"":""B"",""Q318"":""B"",""Q319"":""D"",""Q320"":""B"",""Q321"":""B""}"
SUB1787749893771,2026-08-26T13:11:33.771Z,CETMN2408,"Chemical Equations & Metal, Non Mentals",Nishant Sharma,nishantsharma3281@gmail.com,3.75,10,37.5,347,2,7,1,3,"{""Q3096"":""D"",""Q3098"":""B"",""Q3099"":""D"",""Q3100"":""D"",""Q3101"":""C"",""Q3102"":""A"",""Q3103"":""D"",""Q3104"":""C"",""Q3105"":""C""}"
SUB1787750664975,2026-08-26T13:24:24.975Z,ITG2SIT,IT Systems & e-Governance Test 2,Sanjay kumar,sanjaykumarskk.01@gmail.com,22.5,60,37.5,907,15,15,0,3,"{""Q1501"":""D"",""Q1502"":""C"",""Q1503"":""B"",""Q1504"":""B"",""Q1505"":""B"",""Q1506"":""D"",""Q1507"":""B"",""Q1508"":""C"",""Q1509"":""C"",""Q1510"":""D"",""Q1511"":""B"",""Q1512"":""D"",""Q1513"":""D"",""Q1514"":""D"",""Q1515"":""D"",""Q1516"":""D"",""Q1517"":""D"",""Q1518"":""B"",""Q1519"":""C"",""Q1520"":""A"",""Q1521"":""D"",""Q1522"":""B"",""Q1523"":""B"",""Q1524"":""B"",""Q1525"":""B"",""Q1526"":""C"",""Q1527"":""B"",""Q1528"":""D"",""Q1529"":""C"",""Q1530"":""C""}"
SUB1787755578221,2026-08-26T14:46:18.221Z,GECS1SIT,General English Test-1,Sanjay kumar,sanjaykumarskk.01@gmail.com,33.5,60,55.83,1636,19,9,2,9,"{""Q598"":""A"",""Q599"":""A"",""Q600"":""A"",""Q601"":""D"",""Q602"":""C"",""Q603"":""D"",""Q604"":""A"",""Q605"":""D"",""Q606"":""A"",""Q607"":""C"",""Q608"":""D"",""Q609"":""A"",""Q610"":""B"",""Q611"":""A"",""Q612"":""D"",""Q613"":""D"",""Q614"":""A"",""Q616"":""D"",""Q617"":""D"",""Q618"":""C"",""Q619"":""A"",""Q621"":""A"",""Q622"":""A"",""Q623"":""B"",""Q624"":""A"",""Q689"":""B"",""Q696"":""B"",""Q697"":""D""}"
SUB1787758321096,2026-08-26T15:32:01.096Z,DBMS2SIT,Database Management Systems Test 2,Engineer-28,sa496625@gmail.com,52.5,60,87.5,749,27,3,0,1,"{""Q1591"":""B"",""Q1592"":""B"",""Q1593"":""C"",""Q1594"":""C"",""Q1595"":""A"",""Q1596"":""A"",""Q1600"":""B"",""Q1601"":""A"",""Q1602"":""B"",""Q1603"":""A"",""Q1604"":""C"",""Q1605"":""C"",""Q1606"":""A"",""Q1607"":""A"",""Q1608"":""C"",""Q1609"":""A"",""Q1610"":""A"",""Q1611"":""A"",""Q1612"":""B"",""Q1613"":""B"",""Q1614"":""B"",""Q1615"":""B"",""Q1616"":""B"",""Q1617"":""A"",""Q1618"":""B"",""Q1619"":""B"",""Q1620"":""B"",""Q1597"":""B"",""Q1599"":""B"",""Q1598"":""B""}"
SUB1787766666596,2026-08-26T17:51:06.596Z,JKR1408SIT,J&K Reorganisation Act,Manhas,manhasrahi164@gmail.com,12.5,20,62.5,353,5,5,0,8,"{""Q2766"":""A"",""Q2767"":""A"",""Q2768"":""B"",""Q2769"":""A"",""Q2770"":""A"",""Q2771"":""C"",""Q2772"":""C"",""Q2773"":""C"",""Q2774"":""A"",""Q2775"":""D""}"
SUB1787766898925,2026-08-26T17:54:58.925Z,CETMN2408,"Chemical Equations & Metal, Non Mentals",Bilal,bilal9596303059@gmail.com,5.5,10,55,339,4,6,0,1,"{""Q3096"":""A"",""Q3097"":""A"",""Q3098"":""D"",""Q3099"":""A"",""Q3100"":""A"",""Q3101"":""A"",""Q3102"":""A"",""Q3103"":""A"",""Q3104"":""A"",""Q3105"":""D""}"
SUB1787767161797,2026-08-26T17:59:21.797Z,GJK2208,Geography Of J&K,Bilal,bilal9596303059@gmail.com,9.25,10,92.5,158,9,1,0,2,"{""Q2976"":""D"",""Q2977"":""A"",""Q2978"":""C"",""Q2979"":""C"",""Q2980"":""C"",""Q2981"":""A"",""Q2982"":""A"",""Q2983"":""C"",""Q2985"":""C"",""Q2984"":""C""}"
SUB1787767568088,2026-08-26T18:06:08.088Z,IDAFAA1808,Indifference Curve And Demand Analysis,Bilal,bilal9596303059@gmail.com,7,10,70,238,6,4,0,3,"{""Q2936"":""C"",""Q2937"":""C"",""Q2938"":""A"",""Q2939"":""B"",""Q2940"":""C"",""Q2941"":""B"",""Q2942"":""C"",""Q2943"":""C"",""Q2944"":""B"",""Q2945"":""C""}"
SUB1787768238143,2026-08-26T18:17:18.143Z,Statsfaa1709,Measure Of Central Tendency,Bilal,bilal9596303059@gmail.com,7,10,70,445,6,4,0,1,"{""Q2816"":""B"",""Q2817"":""B"",""Q2818"":""D"",""Q2819"":""C"",""Q2820"":""B"",""Q2821"":""C"",""Q2822"":""A"",""Q2823"":""B"",""Q2824"":""A"",""Q2825"":""A""}"
SUB1787768596144,2026-08-26T18:23:16.144Z,VSA2108FAA,Vocabulary: Synonyms And Antonyms,Bilal,bilal9596303059@gmail.com,4.75,10,47.5,226,3,7,0,2,"{""Q2966"":""D"",""Q2967"":""C"",""Q2968"":""C"",""Q2969"":""C"",""Q2970"":""D"",""Q2971"":""D"",""Q2972"":""D"",""Q2973"":""C"",""Q2974"":""A"",""Q2975"":""D""}"
SUB1787769040683,2026-08-26T18:30:40.683Z,TA1208,Tesnses And Articles,Bilal,bilal9596303059@gmail.com,7,10,70,392,6,4,0,7,"{""Q2696"":""A"",""Q2697"":""A"",""Q2698"":""C"",""Q2699"":""A"",""Q2700"":""B"",""Q2701"":""B"",""Q2702"":""C"",""Q2703"":""B"",""Q2704"":""B"",""Q2705"":""A""}"
SUB1787769600671,2026-08-26T18:40:00.671Z,LPTB1808Faa,Ledger Posting And Trial Balance,Bilal,bilal9596303059@gmail.com,8.5,10,85,402,8,2,0,2,"{""Q2946"":""B"",""Q2947"":""B"",""Q2948"":""C"",""Q2949"":""D"",""Q2950"":""C"",""Q2951"":""C"",""Q2952"":""C"",""Q2953"":""B"",""Q2954"":""D"",""Q2955"":""C""}"
SUB1787770023274,2026-08-26T18:47:03.274Z,HisJKFAA1308,Dogra Rule,Bilal,bilal9596303059@gmail.com,12.5,10,125,230,10,10,0,4,"{""Q2746"":""B"",""Q2747"":""B"",""Q2748"":""A"",""Q2749"":""B"",""Q2750"":""B"",""Q2751"":""D"",""Q2752"":""C"",""Q2753"":""C"",""Q2754"":""B"",""Q2755"":""D"",""Q2756"":""B"",""Q2757"":""B"",""Q2758"":""A"",""Q2759"":""B"",""Q2760"":""B"",""Q2761"":""C"",""Q2762"":""C"",""Q2763"":""C"",""Q2764"":""B"",""Q2765"":""D""}"
SUB1787770317901,2026-08-26T18:51:57.901Z,GS1508FAA,Motion & Electricity,Bilal,bilal9596303059@gmail.com,3.25,20,16.25,210,1,9,0,2,"{""Q2776"":""B"",""Q2777"":""C"",""Q2778"":""A"",""Q2779"":""B"",""Q2780"":""B"",""Q2781"":""A"",""Q2782"":""A"",""Q2783"":""B"",""Q2784"":""C"",""Q2785"":""C""}"
SUB1787770621919,2026-08-26T18:57:01.919Z,CF1508FAA,Computer Fundamentals & Hardwares,Bilal,bilal9596303059@gmail.com,4,10,40,114,2,8,0,3,"{""Q2786"":""C"",""Q2787"":""A"",""Q2788"":""B"",""Q2789"":""C"",""Q2790"":""B"",""Q2791"":""D"",""Q2792"":""C"",""Q2793"":""C"",""Q2794"":""C"",""Q2795"":""B""}"
SUB1787770888532,2026-08-26T19:01:28.532Z,MWME2508,MS Word & MS Excel,Bilal,bilal9596303059@gmail.com,7.75,10,77.5,205,7,3,0,1,"{""Q3136"":""C"",""Q3137"":""A"",""Q3138"":""C"",""Q3139"":""D"",""Q3140"":""B"",""Q3141"":""D"",""Q3142"":""C"",""Q3143"":""A"",""Q3144"":""A"",""Q3145"":""C""}"
SUB1787771127789,2026-08-26T19:05:27.789Z,MOD2608,Measure Of Dispersion,Bilal,bilal9596303059@gmail.com,3.25,10,32.5,125,1,9,0,1,"{""Q3156"":""B"",""Q3157"":""C"",""Q3158"":""B"",""Q3159"":""A"",""Q3160"":""C"",""Q3161"":""B"",""Q3162"":""D"",""Q3163"":""C"",""Q3164"":""B"",""Q3165"":""C""}"
SUB1787772283314,2026-08-26T19:24:43.314Z,T003B,Accountancy,Qurat Ualain,quratualainshahh@gmail.com,19.25,30,64.17,564,21,7,2,14,"{""Q292"":""B"",""Q293"":""C"",""Q294"":""C"",""Q295"":""B"",""Q296"":""B"",""Q297"":""D"",""Q298"":""D"",""Q299"":""D"",""Q300"":""A"",""Q301"":""B"",""Q302"":""A"",""Q303"":""B"",""Q304"":""A"",""Q305"":""B"",""Q306"":""C"",""Q307"":""B"",""Q308"":""B"",""Q310"":""C"",""Q312"":""A"",""Q313"":""C"",""Q314"":""A"",""Q315"":""B"",""Q316"":""B"",""Q317"":""B"",""Q318"":""B"",""Q319"":""C"",""Q320"":""B"",""Q321"":""B""}"
SUB1787806490569,2026-08-27T04:54:50.569Z,T001C,JKPSI Telecom T001C,Sanjay kumar,sanjaykumarskk.01@gmail.com,15,40,37.5,678,10,10,0,33,"{""Q232"":""A"",""Q233"":""A"",""Q234"":""D"",""Q235"":""A"",""Q236"":""C"",""Q237"":""B"",""Q238"":""A"",""Q239"":""A"",""Q240"":""A"",""Q241"":""A"",""Q242"":""B"",""Q243"":""B"",""Q244"":""A"",""Q246"":""B"",""Q247"":""A"",""Q248"":""A"",""Q249"":""C"",""Q250"":""B"",""Q251"":""A"",""Q245"":""A""}"
SUB1787807758977,2026-08-27T05:15:58.977Z,AI2SIT,"AI, DS and Automation Test 2",Engineer-28,sa496625@gmail.com,49,60,81.67,1057,25,2,3,1,"{""Q1772"":""D"",""Q1773"":""A"",""Q1774"":""A"",""Q1787"":""B"",""Q1788"":""A"",""Q1789"":""B"",""Q1792"":""A"",""Q1793"":""D"",""Q1794"":""A"",""Q1795"":""A"",""Q1796"":""C"",""Q1799"":""B"",""Q1800"":""B"",""Q1776"":""A"",""Q1777"":""B"",""Q1778"":""C"",""Q1779"":""A"",""Q1780"":""A"",""Q1781"":""C"",""Q1782"":""A"",""Q1783"":""B"",""Q1784"":""C"",""Q1785"":""A"",""Q1786"":""A"",""Q1790"":""D"",""Q1791"":""A"",""Q1775"":""B""}"
SUB1787813136617,2026-08-27T06:45:36.617Z,IOT2SIT,"IoT, Embedded Systems Test 2",Engineer-28,sa496625@gmail.com,50,60,83.33,785,26,4,0,1,"{""Q1681"":""A"",""Q1682"":""A"",""Q1683"":""C"",""Q1684"":""A"",""Q1685"":""B"",""Q1686"":""A"",""Q1687"":""B"",""Q1688"":""A"",""Q1689"":""A"",""Q1690"":""A"",""Q1691"":""A"",""Q1692"":""C"",""Q1693"":""B"",""Q1694"":""C"",""Q1695"":""C"",""Q1696"":""B"",""Q1697"":""A"",""Q1698"":""A"",""Q1699"":""A"",""Q1700"":""C"",""Q1701"":""D"",""Q1702"":""C"",""Q1703"":""C"",""Q1704"":""B"",""Q1705"":""A"",""Q1706"":""A"",""Q1707"":""B"",""Q1708"":""A"",""Q1709"":""A"",""Q1710"":""B""}"
SUB1787814296865,2026-08-27T07:04:56.865Z,T003B,Accountancy,Bilal,bilal9596303059@gmail.com,22.5,30,75,350,24,6,0,11,"{""Q292"":""B"",""Q293"":""B"",""Q294"":""C"",""Q295"":""B"",""Q296"":""B"",""Q297"":""D"",""Q298"":""D"",""Q299"":""B"",""Q300"":""A"",""Q301"":""D"",""Q302"":""A"",""Q303"":""B"",""Q304"":""A"",""Q305"":""B"",""Q306"":""D"",""Q307"":""B"",""Q308"":""B"",""Q309"":""B"",""Q310"":""C"",""Q311"":""B"",""Q312"":""A"",""Q313"":""C"",""Q314"":""A"",""Q315"":""B"",""Q316"":""A"",""Q317"":""B"",""Q318"":""B"",""Q319"":""C"",""Q320"":""B"",""Q321"":""B""}"
SUB1787833905842,2026-08-27T12:31:45.842Z,ITG2SIT,IT Systems & e-Governance Test 2,Manhas,manhasrahi164@gmail.com,16,60,26.67,1551,11,12,7,4,"{""Q1501"":""C"",""Q1502"":""B"",""Q1506"":""D"",""Q1507"":""B"",""Q1508"":""C"",""Q1503"":""A"",""Q1509"":""C"",""Q1510"":""A"",""Q1511"":""C"",""Q1512"":""A"",""Q1514"":""C"",""Q1516"":""B"",""Q1518"":""B"",""Q1521"":""A"",""Q1523"":""C"",""Q1524"":""B"",""Q1525"":""B"",""Q1526"":""A"",""Q1527"":""A"",""Q1529"":""B"",""Q1530"":""B"",""Q1528"":""A"",""Q1513"":""A""}"
SUB1787845674995,2026-08-27T15:47:54.995Z,T001C,JKPSI Telecom T001C,Khalid iqbal,khalidiqbal26@gmail.com,26,40,65,484,14,4,2,18,"{""Q232"":""B"",""Q233"":""A"",""Q234"":""C"",""Q235"":""C"",""Q236"":""A"",""Q237"":""B"",""Q239"":""B"",""Q240"":""A"",""Q238"":""C"",""Q241"":""B"",""Q242"":""D"",""Q243"":""B"",""Q244"":""A"",""Q245"":""A"",""Q246"":""B"",""Q249"":""A"",""Q250"":""B"",""Q251"":""B""}"
SUB1787847570902,2026-08-27T16:19:30.902Z,T002F,Computer Proficiency,Mehraj Lone,mehrajlone273@gmail.com,48,60,80,604,25,4,1,3,"{""Q262"":""A"",""Q263"":""D"",""Q291"":""A"",""Q290"":""B"",""Q289"":""C"",""Q288"":""A"",""Q287"":""A"",""Q286"":""A"",""Q285"":""A"",""Q284"":""A"",""Q283"":""A"",""Q282"":""C"",""Q281"":""A"",""Q280"":""B"",""Q279"":""B"",""Q278"":""A"",""Q277"":""C"",""Q276"":""B"",""Q274"":""B"",""Q273"":""A"",""Q272"":""D"",""Q271"":""C"",""Q270"":""C"",""Q269"":""B"",""Q268"":""B"",""Q267"":""B"",""Q266"":""A"",""Q265"":""B"",""Q264"":""B""}"
SUB1787848060323,2026-08-27T16:27:40.323Z,NIAGDP2708,National Income & GDP,Bilal,bilal9596303059@gmail.com,7,10,70,214,6,4,0,1,"{""Q3196"":""A"",""Q3197"":""A"",""Q3198"":""A"",""Q3199"":""D"",""Q3200"":""D"",""Q3201"":""D"",""Q3202"":""C"",""Q3203"":""C"",""Q3204"":""A"",""Q3205"":""A""}"
SUB1787889494041,2026-08-28T03:58:14.041Z,AICG2708,"Fundaments & Components, AI System in Engineering and Govt",Sareer Wani,sareerwani978@gmail.com,9.5,20,47.5,154,3,7,0,3,"{""Q3186"":""C"",""Q3187"":""A"",""Q3188"":""C"",""Q3189"":""B"",""Q3190"":""B"",""Q3191"":""C"",""Q3192"":""B"",""Q3193"":""C"",""Q3194"":""C"",""Q3195"":""B""}"
SUB1787889716488,2026-08-28T04:01:56.488Z,ENG1SIT,General English Ultimate Test,Sareer Wani,sareerwani978@gmail.com,4,40,10,134,1,4,0,3,"{""Q2231"":""A"",""Q2233"":""B"",""Q2234"":""A"",""Q2235"":""A"",""Q2232"":""B""}"
SUB1787892046527,2026-08-28T04:40:46.527Z,GIR1SIT,GI & Reasoning Test 1,Sareer Wani,sareerwani978@gmail.com,33.5,60,55.83,2100,19,9,2,4,"{""Q698"":""C"",""Q699"":""A"",""Q700"":""C"",""Q701"":""A"",""Q702"":""A"",""Q703"":""A"",""Q704"":""A"",""Q705"":""D"",""Q708"":""C"",""Q710"":""A"",""Q712"":""D"",""Q713"":""A"",""Q714"":""A"",""Q715"":""C"",""Q716"":""C"",""Q717"":""A"",""Q718"":""D"",""Q719"":""A"",""Q720"":""B"",""Q721"":""A"",""Q722"":""B"",""Q724"":""C"",""Q725"":""A"",""Q726"":""A"",""Q727"":""C"",""Q711"":""B"",""Q709"":""C"",""Q707"":""D""}"
SUB1787899383058,2026-08-28T06:43:03.058Z,ED1SITFree,Electronic Devices,Sareer Wani,sareerwani978@gmail.com,14,20,70,85,6,4,0,3,"{""Q2171"":""B"",""Q2172"":""A"",""Q2173"":""B"",""Q2174"":""B"",""Q2175"":""B"",""Q2176"":""A"",""Q2177"":""B"",""Q2178"":""B"",""Q2179"":""B"",""Q2180"":""D""}"
SUB1787899661803,2026-08-28T06:47:41.803Z,DMAFPQ2608,"Digital Modulation:ASK, FSK, PSK, QPSK",Sareer Wani,sareerwani978@gmail.com,9.5,20,47.5,135,3,7,0,1,"{""Q3146"":""A"",""Q3147"":""A"",""Q3148"":""B"",""Q3149"":""A"",""Q3150"":""C"",""Q3151"":""A"",""Q3152"":""B"",""Q3153"":""C"",""Q3154"":""A"",""Q3155"":""B""}"
SUB1787918649895,2026-08-28T12:04:09.895Z,CF1508FAA,Computer Fundamentals & Hardwares,Shoaib,gameoverindian@gmail.com,2.5,10,25,298,1,6,3,4,"{""Q2787"":""B"",""Q2790"":""A"",""Q2791"":""D"",""Q2792"":""B"",""Q2793"":""C"",""Q2794"":""B"",""Q2795"":""C""}"
SUB1787919021697,2026-08-28T12:10:21.697Z,CETMN2408,"Chemical Equations & Metal, Non Mentals",Shoaib,gameoverindian@gmail.com,5.25,10,52.5,284,4,5,1,2,"{""Q3096"":""D"",""Q3097"":""A"",""Q3098"":""A"",""Q3100"":""C"",""Q3101"":""A"",""Q3102"":""A"",""Q3103"":""D"",""Q3104"":""B"",""Q3105"":""B""}"
SUB1787942416944,2026-08-28T18:40:16.944Z,BRSA2808,Bank Reconcilation Statement,Bilal,bilal9596303059@gmail.com,7.75,10,77.5,259,7,3,0,2,"{""Q3226"":""B"",""Q3227"":""A"",""Q3228"":""C"",""Q3229"":""D"",""Q3230"":""B"",""Q3231"":""C"",""Q3232"":""B"",""Q3233"":""B"",""Q3234"":""B"",""Q3235"":""B""}"
SUB1787975091267,2026-08-29T03:44:51.267Z,DESIT1608,Digital Electronics Test 2,Priya Sharma,priyasharmajk123@gmail.com,18,20,90,321,9,0,1,2,"{""Q2606"":""C"",""Q2607"":""B"",""Q2608"":""A"",""Q2609"":""C"",""Q2610"":""C"",""Q2611"":""B"",""Q2612"":""D"",""Q2613"":""C"",""Q2614"":""D""}"
SUB1787990048008,2026-08-29T07:54:08.008Z,ED1SITFree,Electronic Devices,Akash Raina,rainaakash1811@gmail.com,0.5,20,2.5,55,0,1,9,19,"{""Q2172"":""B""}"
SUB1787995548713,2026-08-29T09:25:48.713Z,AI1SIT,"AI, DS and Automation Test 1",samit showkat dar,samitshowkat@gmail.com,36,60,60,1432,20,8,2,15,"{""Q1741"":""B"",""Q1742"":""B"",""Q1743"":""A"",""Q1744"":""A"",""Q1745"":""C"",""Q1746"":""D"",""Q1747"":""D"",""Q1748"":""B"",""Q1749"":""A"",""Q1750"":""B"",""Q1751"":""A"",""Q1752"":""B"",""Q1753"":""B"",""Q1754"":""B"",""Q1755"":""A"",""Q1756"":""A"",""Q1757"":""B"",""Q1758"":""A"",""Q1759"":""B"",""Q1760"":""D"",""Q1761"":""A"",""Q1763"":""C"",""Q1764"":""C"",""Q1765"":""B"",""Q1766"":""A"",""Q1768"":""C"",""Q1769"":""C"",""Q1770"":""B""}"
SUB1787997034189,2026-08-29T09:50:34.189Z,T002F,Computer Proficiency,Iqbal,iqbalmaqbool33@gmail.com,27.5,60,45.83,1283,17,13,0,8,"{""Q262"":""C"",""Q263"":""A"",""Q264"":""D"",""Q265"":""C"",""Q266"":""C"",""Q268"":""B"",""Q270"":""C"",""Q271"":""A"",""Q272"":""A"",""Q284"":""A"",""Q285"":""A"",""Q286"":""A"",""Q287"":""D"",""Q288"":""B"",""Q289"":""A"",""Q290"":""B"",""Q291"":""A"",""Q267"":""B"",""Q269"":""C"",""Q274"":""A"",""Q275"":""A"",""Q276"":""A"",""Q273"":""A"",""Q277"":""B"",""Q278"":""A"",""Q279"":""B"",""Q281"":""C"",""Q282"":""B"",""Q280"":""B"",""Q283"":""B""}"
SUB1788021740672,2026-08-29T16:42:20.672Z,RANDP2808,Ration & Proportion & Average,Bilal,bilal9596303059@gmail.com,5.5,10,55,595,4,6,0,1,"{""Q3236"":""C"",""Q3237"":""B"",""Q3238"":""C"",""Q3239"":""A"",""Q3240"":""A"",""Q3241"":""B"",""Q3242"":""B"",""Q3243"":""A"",""Q3244"":""A"",""Q3245"":""B""}"
SUB1788027835312,2026-08-29T18:23:55.312Z,APT2908,Antennas: Parameter & Types,Bassam Majid,bhattibassam425@gmail.com,9.5,20,47.5,236,3,7,0,1,"{""Q3246"":""D"",""Q3247"":""A"",""Q3248"":""B"",""Q3249"":""C"",""Q3250"":""A"",""Q3251"":""B"",""Q3252"":""C"",""Q3253"":""C"",""Q3254"":""C"",""Q3255"":""B""}"
SUB1788068017560,2026-08-30T05:33:37.560Z,VSA2108FAA,Vocabulary: Synonyms And Antonyms,Vishal Singh,vlk611205@gmail.com,5.5,10,55,76,4,6,0,1,"{""Q2966"":""C"",""Q2967"":""B"",""Q2968"":""A"",""Q2969"":""C"",""Q2970"":""B"",""Q2971"":""D"",""Q2972"":""B"",""Q2973"":""B"",""Q2974"":""D"",""Q2975"":""C""}"
SUB1788075580218,2026-08-30T07:39:40.218Z,BN1SIT,Basic Numeracy Test 1,Akash Raina,rainaakash1811@gmail.com,28.5,60,47.5,2102,15,3,12,5,"{""Q788"":""D"",""Q789"":""C"",""Q792"":""C"",""Q793"":""C"",""Q794"":""C"",""Q796"":""B"",""Q797"":""B"",""Q798"":""A"",""Q800"":""B"",""Q801"":""B"",""Q802"":""A"",""Q803"":""C"",""Q804"":""A"",""Q806"":""B"",""Q807"":""B"",""Q808"":""A"",""Q809"":""C"",""Q810"":""A""}"
SUB1788075587172,2026-08-30T07:39:47.172Z,BN1SIT,Basic Numeracy Test 1,vishal bhat,vishalbhat44@gmail.com,53,60,88.33,2100,27,2,1,1,"{""Q788"":""D"",""Q790"":""B"",""Q791"":""B"",""Q792"":""C"",""Q793"":""A"",""Q794"":""C"",""Q795"":""C"",""Q796"":""B"",""Q797"":""B"",""Q798"":""A"",""Q799"":""A"",""Q800"":""B"",""Q801"":""B"",""Q802"":""B"",""Q803"":""C"",""Q804"":""A"",""Q805"":""A"",""Q806"":""B"",""Q807"":""B"",""Q808"":""B"",""Q809"":""C"",""Q810"":""A"",""Q811"":""C"",""Q812"":""A"",""Q813"":""B"",""Q814"":""C"",""Q815"":""B"",""Q816"":""B"",""Q817"":""D""}"
SUB1788077023338,2026-08-30T08:03:43.338Z,BRSA2808,Bank Reconcilation Statement,Nishant Sharma,nishantsharma3281@gmail.com,3.25,10,32.5,407,1,9,0,4,"{""Q3226"":""C"",""Q3227"":""B"",""Q3228"":""B"",""Q3229"":""B"",""Q3230"":""B"",""Q3231"":""A"",""Q3232"":""B"",""Q3233"":""C"",""Q3234"":""B"",""Q3235"":""A""}"
SUB1788081280022,2026-08-30T09:14:40.022Z,GIR1SIT,GI & Reasoning Test 1,Akash Raina,rainaakash1811@gmail.com,31,60,51.67,2100,18,10,2,6,"{""Q698"":""C"",""Q699"":""A"",""Q700"":""B"",""Q701"":""A"",""Q702"":""A"",""Q703"":""C"",""Q704"":""A"",""Q705"":""D"",""Q706"":""A"",""Q707"":""D"",""Q708"":""C"",""Q709"":""A"",""Q710"":""A"",""Q711"":""B"",""Q712"":""B"",""Q713"":""A"",""Q714"":""A"",""Q715"":""C"",""Q716"":""C"",""Q717"":""D"",""Q718"":""B"",""Q719"":""A"",""Q720"":""B"",""Q721"":""A"",""Q722"":""B"",""Q724"":""C"",""Q726"":""A"",""Q727"":""A""}"
SUB1788081285213,2026-08-30T09:14:45.213Z,GIR1SIT,GI & Reasoning Test 1,vishal bhat,vishalbhat44@gmail.com,38,60,63.33,2106,21,8,1,3,"{""Q698"":""C"",""Q699"":""A"",""Q700"":""C"",""Q701"":""A"",""Q702"":""A"",""Q703"":""A"",""Q704"":""A"",""Q705"":""D"",""Q706"":""A"",""Q707"":""D"",""Q708"":""C"",""Q709"":""B"",""Q710"":""A"",""Q711"":""B"",""Q712"":""A"",""Q713"":""A"",""Q714"":""A"",""Q715"":""C"",""Q716"":""A"",""Q717"":""A"",""Q718"":""B"",""Q719"":""A"",""Q720"":""B"",""Q721"":""A"",""Q722"":""B"",""Q724"":""A"",""Q725"":""A"",""Q726"":""B"",""Q727"":""C""}"
SUB1788085807484,2026-08-30T10:30:07.484Z,GJK1308SIT,Geography Of J&K,Akash Raina,rainaakash1811@gmail.com,32,20,160,501,15,4,1,3,"{""Q2727"":""C"",""Q2728"":""A"",""Q2729"":""A"",""Q2730"":""B"",""Q2731"":""B"",""Q2732"":""C"",""Q2733"":""A"",""Q2734"":""A"",""Q2735"":""B"",""Q2736"":""C"",""Q2737"":""B"",""Q2738"":""B"",""Q2739"":""B"",""Q2740"":""B"",""Q2741"":""A"",""Q2742"":""A"",""Q2743"":""B"",""Q2744"":""B"",""Q2745"":""C""}"
SUB1788085808947,2026-08-30T10:30:08.947Z,GJK1308SIT,Geography Of J&K,vishal bhat,vishalbhat44@gmail.com,31,20,155,503,14,6,0,4,"{""Q2726"":""A"",""Q2727"":""C"",""Q2728"":""C"",""Q2729"":""C"",""Q2730"":""B"",""Q2731"":""B"",""Q2732"":""C"",""Q2733"":""C"",""Q2734"":""A"",""Q2735"":""B"",""Q2736"":""C"",""Q2737"":""C"",""Q2738"":""C"",""Q2739"":""B"",""Q2740"":""B"",""Q2741"":""A"",""Q2742"":""A"",""Q2743"":""B"",""Q2744"":""B"",""Q2745"":""C""}"
SUB1788085827570,2026-08-30T10:30:27.570Z,GJK1308SIT,Geography Of J&K,vishal bhat,vishalbhat44@gmail.com,31,20,155,503,14,6,0,5,"{""Q2726"":""A"",""Q2727"":""C"",""Q2728"":""C"",""Q2729"":""C"",""Q2730"":""B"",""Q2731"":""B"",""Q2732"":""C"",""Q2733"":""C"",""Q2734"":""A"",""Q2735"":""B"",""Q2736"":""C"",""Q2737"":""C"",""Q2738"":""C"",""Q2739"":""B"",""Q2740"":""B"",""Q2741"":""A"",""Q2742"":""A"",""Q2743"":""B"",""Q2744"":""B"",""Q2745"":""C""}"
SUB1788087282995,2026-08-30T10:54:42.995Z,HJK1308SIT,History Of J&K,vishal bhat,vishalbhat44@gmail.com,29.5,40,73.75,486,13,7,0,2,"{""Q2706"":""C"",""Q2707"":""B"",""Q2708"":""C"",""Q2709"":""B"",""Q2710"":""A"",""Q2711"":""B"",""Q2712"":""D"",""Q2713"":""B"",""Q2714"":""A"",""Q2715"":""C"",""Q2716"":""B"",""Q2717"":""C"",""Q2718"":""C"",""Q2719"":""D"",""Q2720"":""B"",""Q2721"":""C"",""Q2722"":""C"",""Q2723"":""B"",""Q2724"":""C"",""Q2725"":""A""}"
SUB1788087317656,2026-08-30T10:55:17.656Z,HJK1308SIT,History Of J&K,Akash Raina,rainaakash1811@gmail.com,26.5,40,66.25,520,11,9,0,4,"{""Q2706"":""A"",""Q2707"":""C"",""Q2708"":""C"",""Q2709"":""B"",""Q2710"":""C"",""Q2711"":""D"",""Q2712"":""A"",""Q2713"":""B"",""Q2714"":""B"",""Q2715"":""B"",""Q2716"":""B"",""Q2717"":""C"",""Q2718"":""C"",""Q2719"":""A"",""Q2720"":""C"",""Q2721"":""C"",""Q2722"":""C"",""Q2723"":""B"",""Q2724"":""C"",""Q2725"":""B""}"
SUB1788088000912,2026-08-30T11:06:40.912Z,IDAFAA1808,Indifference Curve And Demand Analysis,Bilal,bilal9596303059@gmail.com,7,10,70,281,6,4,0,4,"{""Q2936"":""B"",""Q2937"":""C"",""Q2938"":""A"",""Q2939"":""B"",""Q2940"":""C"",""Q2941"":""A"",""Q2942"":""C"",""Q2943"":""C"",""Q2944"":""B"",""Q2945"":""C""}"
SUB1788089093446,2026-08-30T11:24:53.446Z,IDAFAA1808,Indifference Curve And Demand Analysis,Bilal,bilal9596303059@gmail.com,9.25,10,92.5,110,9,1,0,2,"{""Q2936"":""B"",""Q2937"":""C"",""Q2938"":""A"",""Q2939"":""B"",""Q2940"":""A"",""Q2941"":""C"",""Q2942"":""A"",""Q2943"":""C"",""Q2944"":""B"",""Q2945"":""C""}"
SUB1788090334963,2026-08-30T11:45:34.963Z,GECS1SIT,General English Test-1,vishal bhat,vishalbhat44@gmail.com,37.5,60,62.5,1464,21,9,0,6,"{""Q598"":""B"",""Q599"":""A"",""Q600"":""A"",""Q601"":""C"",""Q602"":""D"",""Q603"":""D"",""Q604"":""A"",""Q605"":""A"",""Q606"":""D"",""Q607"":""D"",""Q608"":""D"",""Q609"":""A"",""Q610"":""C"",""Q611"":""A"",""Q612"":""D"",""Q613"":""D"",""Q616"":""B"",""Q617"":""D"",""Q619"":""A"",""Q621"":""A"",""Q622"":""D"",""Q623"":""B"",""Q624"":""D"",""Q625"":""A"",""Q689"":""A"",""Q696"":""B"",""Q697"":""B"",""Q614"":""C"",""Q618"":""C"",""Q620"":""D""}"
SUB1788090833198,2026-08-30T11:53:53.198Z,GECS1SIT,General English Test-1,Akash Raina,rainaakash1811@gmail.com,40,60,66.67,1221,22,8,0,3,"{""Q598"":""B"",""Q599"":""A"",""Q600"":""A"",""Q601"":""D"",""Q602"":""C"",""Q603"":""D"",""Q604"":""A"",""Q605"":""A"",""Q606"":""A"",""Q607"":""A"",""Q608"":""D"",""Q609"":""A"",""Q610"":""C"",""Q611"":""A"",""Q612"":""D"",""Q613"":""A"",""Q616"":""D"",""Q617"":""D"",""Q618"":""C"",""Q619"":""A"",""Q620"":""C"",""Q621"":""A"",""Q622"":""C"",""Q623"":""B"",""Q624"":""A"",""Q625"":""A"",""Q689"":""A"",""Q696"":""B"",""Q697"":""B"",""Q614"":""A""}"
SUB1788107242589,2026-08-30T16:27:22.589Z,TA1208,Tesnses And Articles,Kay4M,alikamran0103@gmail.com,8.5,10,85,423,8,2,0,3,"{""Q2696"":""A"",""Q2697"":""B"",""Q2698"":""C"",""Q2699"":""A"",""Q2700"":""B"",""Q2701"":""D"",""Q2702"":""C"",""Q2703"":""B"",""Q2704"":""B"",""Q2705"":""C""}"
SUB1788150107294,2026-08-31T04:21:47.294Z,WPGSW3008,"Wave Propagation: Ground, Sky, Space wave",Iqbal,iqbalmaqbool33@gmail.com,15.5,20,77.5,309,7,3,0,1,"{""Q3266"":""C"",""Q3267"":""B"",""Q3268"":""A"",""Q3269"":""A"",""Q3270"":""B"",""Q3271"":""A"",""Q3272"":""B"",""Q3273"":""B"",""Q3274"":""C"",""Q3275"":""A""}"
SUB1788150611430,2026-08-31T04:30:11.430Z,T003B,Accountancy,Manhor Thakur,manhor458@gmail.com,13.75,30,45.83,733,17,13,0,21,"{""Q292"":""B"",""Q293"":""C"",""Q294"":""D"",""Q295"":""D"",""Q296"":""B"",""Q297"":""A"",""Q298"":""C"",""Q299"":""D"",""Q300"":""A"",""Q301"":""A"",""Q302"":""C"",""Q303"":""B"",""Q304"":""C"",""Q305"":""B"",""Q306"":""C"",""Q307"":""B"",""Q308"":""B"",""Q309"":""B"",""Q310"":""C"",""Q311"":""B"",""Q312"":""A"",""Q313"":""D"",""Q314"":""B"",""Q315"":""B"",""Q316"":""B"",""Q317"":""B"",""Q318"":""B"",""Q319"":""C"",""Q320"":""B"",""Q321"":""B""}"
SUB1788157615230,2026-08-31T06:26:55.230Z,NT3007,Network Theory Test 1,Mohd Aslam,aqidnazir11@gmail.com,28,40,70,1500,13,4,3,2,"{""Q2351"":""B"",""Q2352"":""B"",""Q2353"":""B"",""Q2355"":""D"",""Q2356"":""D"",""Q2360"":""B"",""Q2361"":""A"",""Q2363"":""C"",""Q2366"":""D"",""Q2368"":""D"",""Q2369"":""C"",""Q2370"":""A"",""Q2357"":""A"",""Q2358"":""B"",""Q2359"":""B"",""Q2362"":""B"",""Q2354"":""C""}"
SUB1788164788904,2026-08-31T08:26:28.904Z,BRSA2808,Bank Reconcilation Statement,Bazeela Bhat,bazeelabhat123@gmail.com,7.75,10,77.5,402,7,3,0,3,"{""Q3226"":""B"",""Q3227"":""C"",""Q3228"":""A"",""Q3229"":""D"",""Q3230"":""A"",""Q3232"":""B"",""Q3233"":""B"",""Q3234"":""A"",""Q3235"":""A"",""Q3231"":""C""}"
SUB1788166479511,2026-08-31T08:54:39.511Z,T001AA,JKPSI Telecom T01,Sumia Maqsood,summiamaqsood1@gmail.com,11,200,5.5,512,6,2,92,11,"{""Q115"":""D"",""Q109"":""A"",""Q112"":""D"",""Q113"":""B"",""Q114"":""D"",""Q116"":""D"",""Q119"":""A"",""Q121"":""A""}"
SUB1788169760586,2026-08-31T09:49:20.586Z,EDCPC27008,Error Detection & Correction: Parity & CRC Basics,shahzareen,shahzareenarather07@gmail.com,8,20,40,289,2,8,0,3,"{""Q3176"":""B"",""Q3177"":""C"",""Q3178"":""C"",""Q3179"":""B"",""Q3180"":""C"",""Q3181"":""B"",""Q3182"":""D"",""Q3183"":""C"",""Q3184"":""B"",""Q3185"":""B""}"
SUB1788170242929,2026-08-31T09:57:22.929Z,T003B,Accountancy,Pooja arora,poojaaroraa246@gmail.com,20,30,66.67,795,22,8,0,13,"{""Q292"":""B"",""Q293"":""C"",""Q294"":""C"",""Q295"":""A"",""Q296"":""B"",""Q297"":""D"",""Q298"":""B"",""Q299"":""D"",""Q301"":""D"",""Q302"":""A"",""Q300"":""A"",""Q303"":""A"",""Q305"":""B"",""Q308"":""B"",""Q309"":""B"",""Q310"":""C"",""Q311"":""A"",""Q313"":""C"",""Q314"":""B"",""Q315"":""B"",""Q316"":""A"",""Q317"":""B"",""Q318"":""B"",""Q319"":""C"",""Q320"":""B"",""Q321"":""B"",""Q312"":""C"",""Q307"":""D"",""Q306"":""B"",""Q304"":""A""}"
SUB1788170406864,2026-08-31T10:00:06.864Z,EDCPC27008,Error Detection & Correction: Parity & CRC Basics,shahzareen,shahzareenarather07@gmail.com,20,20,100,353,10,0,0,1,"{""Q3176"":""B"",""Q3177"":""A"",""Q3178"":""A"",""Q3179"":""C"",""Q3180"":""B"",""Q3181"":""C"",""Q3182"":""B"",""Q3183"":""A"",""Q3184"":""B"",""Q3185"":""A""}"
SUB1788173257375,2026-08-31T10:47:37.375Z,TA1208,Tenses And Articles,Mohammad idrees mir,meeridrees22@gmail.com,7,10,70,260,6,4,0,6,"{""Q2696"":""A"",""Q2697"":""C"",""Q2698"":""A"",""Q2699"":""B"",""Q2700"":""B"",""Q2701"":""A"",""Q2702"":""C"",""Q2703"":""B"",""Q2704"":""A"",""Q2705"":""A""}"
SUB1788173509655,2026-08-31T10:51:49.655Z,GJK2208,Geography Of J&K,Mohammad idrees mir,meeridrees22@gmail.com,8.5,10,85,94,8,2,0,3,"{""Q2976"":""A"",""Q2977"":""A"",""Q2978"":""C"",""Q2979"":""C"",""Q2980"":""A"",""Q2981"":""C"",""Q2982"":""A"",""Q2983"":""C"",""Q2984"":""C"",""Q2985"":""C""}"
SUB1788174094296,2026-08-31T11:01:34.296Z,GECS1SIT,General English Test-1,sameer Choudhary,choudharysameer287@gmail.com,36,60,60,1739,20,8,2,7,"{""Q598"":""B"",""Q600"":""A"",""Q601"":""D"",""Q603"":""D"",""Q604"":""A"",""Q605"":""A"",""Q606"":""B"",""Q608"":""D"",""Q609"":""A"",""Q610"":""C"",""Q611"":""A"",""Q616"":""D"",""Q617"":""A"",""Q618"":""C"",""Q621"":""A"",""Q623"":""B"",""Q625"":""A"",""Q689"":""A"",""Q696"":""B"",""Q697"":""B"",""Q599"":""A"",""Q607"":""B"",""Q612"":""B"",""Q624"":""A"",""Q622"":""C"",""Q619"":""A"",""Q614"":""B"",""Q613"":""D""}"
SUB1788174241112,2026-08-31T11:04:01.112Z,WABCS24008,Web App Basic & Client Server Architecture,Umar Rashid,umir0721@gmail.com,20,20,100,730,10,0,0,2,"{""Q3106"":""A"",""Q3107"":""B"",""Q3108"":""B"",""Q3109"":""C"",""Q3110"":""B"",""Q3111"":""B"",""Q3112"":""C"",""Q3113"":""C"",""Q3115"":""C"",""Q3114"":""D""}"
SUB1788174957112,2026-08-31T11:15:57.112Z,WABCS24008,Web App Basic & Client Server Architecture,Kay4M,alikamran0103@gmail.com,15,20,75,373,7,2,1,3,"{""Q3106"":""A"",""Q3107"":""B"",""Q3108"":""B"",""Q3109"":""D"",""Q3110"":""B"",""Q3111"":""B"",""Q3112"":""C"",""Q3114"":""A"",""Q3115"":""C""}"
SUB1788175288478,2026-08-31T11:21:28.478Z,OFSC3108,Optical Fiber & Satelite Communication,Kay4M,alikamran0103@gmail.com,0,20,0,7,0,0,10,2,{}
SUB1788178284536,2026-08-31T12:11:24.536Z,ACSIT0808,Analog Circuit Test 1,Manjeet,anmolbandral7@gmail.com,20,20,100,375,10,0,0,1,"{""Q2576"":""B"",""Q2577"":""D"",""Q2578"":""A"",""Q2579"":""B"",""Q2580"":""A"",""Q2581"":""B"",""Q2582"":""B"",""Q2583"":""B"",""Q2584"":""C"",""Q2585"":""B""}"
SUB1788186722878,2026-08-31T14:32:02.878Z,ITG1SIT,IT Systems & e-Governance Test 1,Max05,vishaldotcom55@gmail.com,1.5,60,2.5,361,1,1,28,15,"{""Q1473"":""C"",""Q1476"":""B""}"
SUB1788187363491,2026-08-31T14:42:43.491Z,T003B,Accountancy,Manhor Thakur,manhor458@gmail.com,25,30,83.33,541,26,4,0,6,"{""Q292"":""B"",""Q293"":""B"",""Q294"":""C"",""Q295"":""A"",""Q296"":""B"",""Q297"":""A"",""Q298"":""D"",""Q299"":""B"",""Q300"":""A"",""Q301"":""A"",""Q302"":""A"",""Q303"":""B"",""Q304"":""A"",""Q305"":""B"",""Q306"":""D"",""Q307"":""B"",""Q308"":""B"",""Q309"":""B"",""Q310"":""C"",""Q311"":""A"",""Q312"":""B"",""Q313"":""C"",""Q314"":""B"",""Q315"":""B"",""Q316"":""B"",""Q317"":""B"",""Q318"":""B"",""Q319"":""B"",""Q320"":""B"",""Q321"":""B""}"
SUB1788188236315,2026-08-31T14:57:16.315Z,TA1208,Tenses And Articles,Manhor Thakur,manhor458@gmail.com,7,10,70,239,6,4,0,5,"{""Q2696"":""A"",""Q2697"":""A"",""Q2698"":""C"",""Q2699"":""D"",""Q2700"":""B"",""Q2701"":""D"",""Q2702"":""C"",""Q2703"":""B"",""Q2704"":""B"",""Q2705"":""D""}"
SUB1788231350200,2026-09-01T02:55:50.200Z,ACAFP2408,"Analog Communication: AM, FM, PM",Sareer Wani,sareerwani978@gmail.com,9.5,20,47.5,252,3,7,0,4,"{""Q3087"":""B"",""Q3088"":""D"",""Q3089"":""B"",""Q3090"":""B"",""Q3091"":""A"",""Q3092"":""D"",""Q3093"":""C"",""Q3095"":""B"",""Q3094"":""C"",""Q3086"":""D""}"
SUB1788232354969,2026-09-01T03:12:34.969Z,SNRBNR2808,"SNR, BNR Concepts",Sareer Wani,sareerwani978@gmail.com,7.5,20,37.5,374,2,7,1,1,"{""Q3206"":""D"",""Q3207"":""C"",""Q3212"":""C"",""Q3213"":""B"",""Q3214"":""D"",""Q3215"":""A"",""Q3208"":""C"",""Q3209"":""B"",""Q3210"":""D""}"
SUB1788239579193,2026-09-01T05:12:59.193Z,AICG2708,"Fundaments & Components, AI System in Engineering and Govt",Umar Rashid,umir0721@gmail.com,10.5,20,52.5,691,4,5,1,2,"{""Q3187"":""C"",""Q3189"":""D"",""Q3190"":""C"",""Q3191"":""B"",""Q3192"":""A"",""Q3193"":""C"",""Q3194"":""C"",""Q3195"":""C"",""Q3186"":""B""}"
SUB1788266633967,2026-09-01T12:43:53.967Z,ALECAI2908,Advantages limitation & Ethical Concern Of AI,Manhas,manhasrahi164@gmail.com,18.5,20,92.5,609,9,1,0,1,"{""Q3257"":""A"",""Q3258"":""C"",""Q3259"":""B"",""Q3260"":""B"",""Q3262"":""D"",""Q3263"":""B"",""Q3265"":""D"",""Q3256"":""B"",""Q3261"":""C"",""Q3264"":""B""}"
SUB1788271535177,2026-09-01T14:05:35.177Z,T003B,Accountancy,Shahid Farooq,shahidfrq284@gmail.com,27.5,30,91.67,378,28,2,0,3,"{""Q292"":""B"",""Q293"":""A"",""Q294"":""C"",""Q295"":""A"",""Q296"":""B"",""Q297"":""C"",""Q298"":""D"",""Q299"":""B"",""Q300"":""A"",""Q301"":""D"",""Q302"":""A"",""Q303"":""B"",""Q304"":""A"",""Q305"":""B"",""Q306"":""D"",""Q307"":""B"",""Q308"":""B"",""Q309"":""B"",""Q310"":""C"",""Q311"":""A"",""Q312"":""C"",""Q313"":""C"",""Q314"":""B"",""Q315"":""B"",""Q316"":""B"",""Q317"":""B"",""Q318"":""B"",""Q319"":""C"",""Q320"":""B"",""Q321"":""B""}"
SUB1788283360632,2026-09-01T17:22:40.632Z,OSITCP0109,OSI/TCP Models,Manhas,manhasrahi164@gmail.com,6.5,20,32.5,314,2,5,3,8,"{""Q3288"":""C"",""Q3289"":""B"",""Q3290"":""A"",""Q3291"":""A"",""Q3293"":""B"",""Q3294"":""C"",""Q3295"":""A""}"
SUB1788283621746,2026-09-01T17:27:01.746Z,OSITCP0109,OSI/TCP Models,Manhas,manhasrahi164@gmail.com,20,20,100,62,10,0,0,1,"{""Q3286"":""C"",""Q3287"":""D"",""Q3288"":""C"",""Q3289"":""A"",""Q3290"":""B"",""Q3291"":""D"",""Q3292"":""C"",""Q3293"":""B"",""Q3294"":""B"",""Q3295"":""B""}"
SUB1788295743934,2026-09-01T20:49:03.934Z,COMP0109,"Comprehension with blanks to be filled in with
i. Phrases . Pronouns
iii. Homonyms / homophones.",Bilal,bilal9596303059@gmail.com,7.5,10,75,285,7,2,1,2,"{""Q3307"":""A"",""Q3308"":""B"",""Q3309"":""D"",""Q3310"":""C"",""Q3311"":""B"",""Q3312"":""C"",""Q3313"":""B"",""Q3314"":""A"",""Q3315"":""B""}"
SUB1788325863349,2026-09-02T05:11:03.349Z,WMC0109,Wireless & Mobile Communication,Iqbal,iqbalmaqbool33@gmail.com,15,20,75,250,7,2,1,1,"{""Q3316"":""C"",""Q3317"":""B"",""Q3318"":""A"",""Q3319"":""A"",""Q3321"":""A"",""Q3322"":""D"",""Q3323"":""A"",""Q3324"":""C"",""Q3325"":""B""}"
SUB1788326599399,2026-09-02T05:23:19.399Z,OSITCP0109,OSI/TCP Models,Kay4M,alikamran0103@gmail.com,10,20,50,220,4,4,2,4,"{""Q3286"":""C"",""Q3287"":""D"",""Q3288"":""D"",""Q3289"":""C"",""Q3291"":""A"",""Q3292"":""C"",""Q3294"":""D"",""Q3295"":""B""}"
SUB1788327700334,2026-09-02T05:41:40.334Z,NT0608SIT,Network Theory Test 2,Mohd Aslam,aqidnazir11@gmail.com,23,40,57.5,1500,13,6,1,1,"{""Q2511"":""D"",""Q2512"":""A"",""Q2513"":""B"",""Q2514"":""C"",""Q2515"":""A"",""Q2516"":""A"",""Q2517"":""C"",""Q2519"":""B"",""Q2520"":""A"",""Q2521"":""C"",""Q2523"":""C"",""Q2524"":""B"",""Q2525"":""B"",""Q2528"":""C"",""Q2530"":""C"",""Q2518"":""D"",""Q2527"":""A"",""Q2529"":""C"",""Q2522"":""C""}"
SUB1788327709638,2026-09-02T05:41:49.638Z,NT0608SIT,Network Theory Test 2,Mohd Aslam,aqidnazir11@gmail.com,23,40,57.5,1500,13,6,1,2,"{""Q2511"":""D"",""Q2512"":""A"",""Q2513"":""B"",""Q2514"":""C"",""Q2515"":""A"",""Q2516"":""A"",""Q2517"":""C"",""Q2519"":""B"",""Q2520"":""A"",""Q2521"":""C"",""Q2523"":""C"",""Q2524"":""B"",""Q2525"":""B"",""Q2528"":""C"",""Q2530"":""C"",""Q2518"":""D"",""Q2527"":""A"",""Q2529"":""C"",""Q2522"":""C""}"
SUB1788328039433,2026-09-02T05:47:19.433Z,OSITCP0109,OSI/TCP Models,Kay4M,alikamran0103@gmail.com,6.5,20,32.5,71,4,3,3,7,"{""Q3286"":""C"",""Q3287"":""D"",""Q3288"":""C"",""Q3289"":""A"",""Q3291"":""A"",""Q3294"":""D"",""Q3295"":""C""}"
SUB1788332201695,2026-09-02T06:56:41.695Z,GJK2208,Geography Of J&K,Vishal Singh,vlk611205@gmail.com,1.25,10,12.5,347,3,7,0,5,"{""Q2976"":""C"",""Q2977"":""C"",""Q2978"":""C"",""Q2979"":""C"",""Q2980"":""C"",""Q2981"":""C"",""Q2982"":""C"",""Q2983"":""D"",""Q2984"":""C"",""Q2985"":""B""}"
SUB1788332412360,2026-09-02T07:00:12.360Z,GJK2208,Geography Of J&K,Vishal Singh,vlk611205@gmail.com,10,10,100,67,10,0,0,1,"{""Q2976"":""D"",""Q2977"":""A"",""Q2978"":""C"",""Q2979"":""C"",""Q2980"":""A"",""Q2981"":""A"",""Q2982"":""A"",""Q2983"":""C"",""Q2984"":""C"",""Q2985"":""C""}"
SUB1788333297935,2026-09-02T07:14:57.936Z,BRSA2808,Bank Reconcilation Statement,Vishal Singh,vlk611205@gmail.com,2.5,10,25,803,4,6,0,5,"{""Q3226"":""C"",""Q3227"":""B"",""Q3228"":""A"",""Q3229"":""D"",""Q3230"":""C"",""Q3231"":""A"",""Q3232"":""B"",""Q3233"":""B"",""Q3234"":""A"",""Q3235"":""D""}"
SUB1788334750197,2026-09-02T07:39:10.197Z,BRSA2808,Bank Reconcilation Statement,Vishal Singh,vlk611205@gmail.com,10,10,100,148,10,0,0,1,"{""Q3226"":""B"",""Q3227"":""A"",""Q3228"":""C"",""Q3229"":""D"",""Q3230"":""A"",""Q3231"":""C"",""Q3232"":""B"",""Q3233"":""B"",""Q3234"":""A"",""Q3235"":""C""}"
SUB1788335275252,2026-09-02T07:47:55.252Z,DE01SIT,Digital Electronics Test 1,Kay4M,alikamran0103@gmail.com,14,40,35,1166,8,4,8,6,"{""Q2181"":""B"",""Q2182"":""A"",""Q2184"":""A"",""Q2185"":""B"",""Q2186"":""A"",""Q2187"":""A"",""Q2188"":""A"",""Q2189"":""B"",""Q2190"":""A"",""Q2191"":""C"",""Q2192"":""A"",""Q2193"":""C""}"
SUB1788346474059,2026-09-02T10:54:34.059Z,TFAA01Full,FAA Full Length,Aspirant,ktsgaming612@gmail.com,93.75,120,78.13,3017,99,21,0,2,"{""Q322"":""D"",""Q323"":""D"",""Q324"":""A"",""Q325"":""D"",""Q326"":""C"",""Q327"":""D"",""Q328"":""A"",""Q329"":""A"",""Q330"":""D"",""Q331"":""D"",""Q332"":""B"",""Q333"":""D"",""Q334"":""A"",""Q335"":""D"",""Q336"":""D"",""Q337"":""A"",""Q338"":""C"",""Q339"":""B"",""Q340"":""D"",""Q341"":""D"",""Q342"":""B"",""Q343"":""C"",""Q344"":""B"",""Q345"":""B"",""Q346"":""B"",""Q347"":""B"",""Q348"":""B"",""Q349"":""A"",""Q350"":""C"",""Q351"":""C"",""Q352"":""D"",""Q353"":""B"",""Q354"":""D"",""Q355"":""A"",""Q356"":""B"",""Q357"":""D"",""Q358"":""A"",""Q359"":""C"",""Q360"":""B"",""Q361"":""D"",""Q362"":""B"",""Q363"":""A"",""Q364"":""D"",""Q365"":""D"",""Q366"":""B"",""Q367"":""D"",""Q368"":""D"",""Q369"":""D"",""Q370"":""D"",""Q371"":""A"",""Q372"":""C"",""Q373"":""D"",""Q374"":""A"",""Q375"":""A"",""Q376"":""A"",""Q377"":""B"",""Q378"":""A"",""Q379"":""D"",""Q380"":""D"",""Q381"":""A"",""Q382"":""B"",""Q383"":""D"",""Q384"":""D"",""Q385"":""B"",""Q386"":""C"",""Q387"":""B"",""Q388"":""C"",""Q389"":""C"",""Q390"":""D"",""Q391"":""A"",""Q392"":""A"",""Q393"":""D"",""Q394"":""D"",""Q395"":""A"",""Q396"":""D"",""Q397"":""D"",""Q398"":""C"",""Q399"":""A"",""Q400"":""C"",""Q401"":""A"",""Q402"":""A"",""Q403"":""A"",""Q404"":""D"",""Q405"":""A"",""Q406"":""D"",""Q407"":""D"",""Q408"":""A"",""Q409"":""A"",""Q410"":""D"",""Q411"":""A"",""Q412"":""D"",""Q413"":""D"",""Q414"":""C"",""Q415"":""A"",""Q416"":""D"",""Q417"":""D"",""Q418"":""D"",""Q419"":""A"",""Q420"":""D"",""Q421"":""A"",""Q422"":""D"",""Q423"":""D"",""Q424"":""C"",""Q425"":""A"",""Q426"":""D"",""Q427"":""D"",""Q428"":""C"",""Q429"":""A"",""Q430"":""D"",""Q431"":""A"",""Q432"":""D"",""Q433"":""D"",""Q434"":""C"",""Q435"":""A"",""Q436"":""D"",""Q437"":""D"",""Q438"":""B"",""Q439"":""A"",""Q440"":""D"",""Q441"":""A""}"
SUB1788349282607,2026-09-02T11:41:22.607Z,ITG1SIT,IT Systems & e-Governance Test 1,Max05,vishaldotcom55@gmail.com,21.5,60,35.83,1942,12,5,13,12,"{""Q1471"":""C"",""Q1473"":""B"",""Q1474"":""A"",""Q1476"":""B"",""Q1477"":""B"",""Q1479"":""B"",""Q1481"":""C"",""Q1482"":""B"",""Q1483"":""B"",""Q1484"":""C"",""Q1486"":""A"",""Q1490"":""C"",""Q1493"":""B"",""Q1498"":""A"",""Q1500"":""B"",""Q1475"":""C"",""Q1487"":""A""}"
SUB1788350697080,2026-09-02T12:04:57.080Z,OSITCP0109,OSI/TCP Models,Sourav Sharma,sharmasourav3636@gmail.com,18,20,90,90,9,0,1,3,"{""Q3286"":""C"",""Q3287"":""D"",""Q3288"":""C"",""Q3289"":""A"",""Q3290"":""B"",""Q3292"":""C"",""Q3293"":""B"",""Q3294"":""B"",""Q3295"":""B""}"
SUB1788351186606,2026-09-02T12:13:06.606Z,Nutri0109,"Nutrition and its types, Respiration, Transportation of water, food and
minerals in plants.",Nishant Sharma,nishantsharma3281@gmail.com,0,10,0,287,2,8,0,5,"{""Q3336"":""C"",""Q3337"":""C"",""Q3338"":""A"",""Q3339"":""D"",""Q3340"":""C"",""Q3341"":""A"",""Q3342"":""C"",""Q3343"":""B"",""Q3344"":""A"",""Q3345"":""B""}"
SUB1788355818842,2026-09-02T13:30:18.842Z,T003A,Computer,Aspirant,ktsgaming612@gmail.com,5,10,50,786,6,4,0,19,"{""Q252"":""B"",""Q253"":""D"",""Q254"":""A"",""Q255"":""C"",""Q256"":""D"",""Q257"":""B"",""Q258"":""A"",""Q259"":""C"",""Q260"":""A"",""Q261"":""A""}"
SUB1788363985307,2026-09-02T15:46:25.307Z,Nutri0109,"Nutrition and its types, Respiration, Transportation of water, food and
minerals in plants.",Bilal,bilal9596303059@gmail.com,2.5,10,25,148,4,6,0,3,"{""Q3336"":""A"",""Q3337"":""B"",""Q3338"":""B"",""Q3339"":""A"",""Q3340"":""A"",""Q3341"":""C"",""Q3342"":""B"",""Q3343"":""A"",""Q3344"":""C"",""Q3345"":""A""}"
SUB1788370758066,2026-09-02T17:39:18.066Z,RIPOSPF0109,Routing Protocols: RIP & OSPF(Basics),irfan amin,irfanpir14@gmail.com,1,20,5,99,1,2,7,7,"{""Q3326"":""C"",""Q3327"":""B"",""Q3328"":""B""}"
SUB1788372039901,2026-09-02T18:00:39.901Z,CCFIG2508,"Cloud Computing Fundamentals, Data Centers, Backup & Recovery",Sourav Sharma,sharmasourav3636@gmail.com,18,20,90,251,9,0,1,1,"{""Q3126"":""A"",""Q3127"":""D"",""Q3128"":""B"",""Q3129"":""C"",""Q3130"":""C"",""Q3131"":""D"",""Q3132"":""A"",""Q3133"":""B"",""Q3135"":""D""}"
SUB1788374560293,2026-09-02T18:42:40.293Z,GS1508FAA,Motion & Electricity,Bilal,bilal9596303059@gmail.com,1.25,20,6.25,146,3,7,0,4,"{""Q2776"":""A"",""Q2777"":""C"",""Q2778"":""D"",""Q2779"":""B"",""Q2780"":""B"",""Q2781"":""C"",""Q2782"":""A"",""Q2783"":""B"",""Q2784"":""C"",""Q2785"":""A""}"
SUB1788409121655,2026-09-03T04:18:41.655Z,CAFAA0209,"Current Affairs Focusing On Science, 
Missions and International Events",Bilal,bilal9596303059@gmail.com,3.75,10,37.5,209,5,5,0,1,"{""Q3356"":""A"",""Q3357"":""C"",""Q3358"":""C"",""Q3359"":""C"",""Q3360"":""D"",""Q3361"":""C"",""Q3362"":""B"",""Q3363"":""C"",""Q3364"":""B"",""Q3365"":""C""}"
SUB1788411711671,2026-09-03T05:01:51.671Z,WABCS24008,Web App Basic & Client Server Architecture,Kay4M,alikamran0103@gmail.com,12.5,20,62.5,291,7,3,0,4,"{""Q3106"":""A"",""Q3107"":""B"",""Q3108"":""A"",""Q3109"":""C"",""Q3110"":""C"",""Q3111"":""B"",""Q3112"":""C"",""Q3113"":""C"",""Q3114"":""D"",""Q3115"":""A""}"
SUB1788412014459,2026-09-03T05:06:54.459Z,WABCS24008,Web App Basic & Client Server Architecture,Kay4M,alikamran0103@gmail.com,20,20,100,134,10,0,0,1,"{""Q3106"":""A"",""Q3107"":""B"",""Q3108"":""B"",""Q3109"":""C"",""Q3110"":""B"",""Q3111"":""B"",""Q3112"":""C"",""Q3113"":""C"",""Q3114"":""D"",""Q3115"":""C""}"
SUB1788413226604,2026-09-03T05:27:06.604Z,BD2808,Big data and analytics in law enforcement,Umar Rashid,umir0721@gmail.com,8.5,20,42.5,769,5,3,2,3,"{""Q3217"":""A"",""Q3218"":""B"",""Q3219"":""A"",""Q3220"":""B"",""Q3221"":""A"",""Q3222"":""B"",""Q3223"":""C"",""Q3225"":""C""}"
SUB1788414820352,2026-09-03T05:53:40.352Z,OSITCP0109,OSI/TCP Models,Priya Sharma,priyasharmajk123@gmail.com,8,20,40,693,5,4,1,6,"{""Q3286"":""C"",""Q3287"":""A"",""Q3288"":""C"",""Q3289"":""A"",""Q3290"":""B"",""Q3291"":""A"",""Q3292"":""C"",""Q3294"":""C"",""Q3295"":""C""}"
SUB1788431126308,2026-09-03T10:25:26.308Z,WPGSW3008,"Wave Propagation: Ground, Sky, Space wave",Sourav Sharma,sharmasourav3636@gmail.com,14,20,70,162,7,0,3,2,"{""Q3266"":""B"",""Q3267"":""D"",""Q3268"":""A"",""Q3269"":""A"",""Q3272"":""B"",""Q3273"":""B"",""Q3275"":""A""}"
SUB1788432020058,2026-09-03T10:40:20.058Z,T003A,Computer,Zamin baba,redchief8085@gmail.com,4.25,10,42.5,925,5,3,2,22,"{""Q252"":""D"",""Q253"":""D"",""Q254"":""A"",""Q256"":""C"",""Q257"":""B"",""Q258"":""A"",""Q259"":""C"",""Q261"":""B""}"
SUB1788433813177,2026-09-03T11:10:13.177Z,GJK2208,Geography Of J&K,Zamin baba,redchief8085@gmail.com,7.75,10,77.5,333,8,1,1,4,"{""Q2976"":""D"",""Q2977"":""A"",""Q2979"":""C"",""Q2980"":""C"",""Q2982"":""A"",""Q2983"":""C"",""Q2984"":""C"",""Q2985"":""C"",""Q2978"":""C""}"
SUB1788434703167,2026-09-03T11:25:03.167Z,HisJKFAA1308,Dogra Rule,Zamin baba,redchief8085@gmail.com,10,10,100,633,12,8,0,6,"{""Q2747"":""B"",""Q2748"":""C"",""Q2749"":""B"",""Q2750"":""A"",""Q2751"":""C"",""Q2752"":""D"",""Q2753"":""B"",""Q2754"":""B"",""Q2755"":""D"",""Q2756"":""B"",""Q2757"":""B"",""Q2758"":""C"",""Q2759"":""B"",""Q2760"":""A"",""Q2761"":""B"",""Q2762"":""D"",""Q2763"":""C"",""Q2764"":""B"",""Q2765"":""D"",""Q2746"":""B""}"
SUB1788435534449,2026-09-03T11:38:54.449Z,CF1508FAA,Computer Fundamentals & Hardwares,Zamin baba,redchief8085@gmail.com,0,10,0,362,2,8,0,6,"{""Q2787"":""C"",""Q2788"":""C"",""Q2789"":""A"",""Q2790"":""B"",""Q2791"":""A"",""Q2793"":""A"",""Q2794"":""C"",""Q2795"":""C"",""Q2792"":""B"",""Q2786"":""C""}"
SUB1788459607981,2026-09-03T18:20:07.982Z,IDAFAA1808,Indifference Curve And Demand Analysis,Zamin baba,redchief8085@gmail.com,2.75,10,27.5,600,4,5,1,6,"{""Q2936"":""C"",""Q2938"":""A"",""Q2939"":""D"",""Q2940"":""A"",""Q2941"":""D"",""Q2942"":""B"",""Q2943"":""C"",""Q2944"":""B"",""Q2945"":""C""}"
SUB1788460485760,2026-09-03T18:34:45.760Z,IDAFAA1808,Indifference Curve And Demand Analysis,Zamin baba,redchief8085@gmail.com,5.25,10,52.5,600,6,3,1,5,"{""Q2936"":""B"",""Q2938"":""A"",""Q2940"":""B"",""Q2942"":""C"",""Q2943"":""B"",""Q2944"":""B"",""Q2945"":""C"",""Q2939"":""B"",""Q2941"":""A""}"
SUB1788499663336,2026-09-04T05:27:43.336Z,SQCS2508,"Sampling, Quantization, PCM, DPCM, DM",Sareer Wani,sareerwani978@gmail.com,-2.5,20,-12.5,321,1,9,0,4,"{""Q3117"":""C"",""Q3118"":""D"",""Q3119"":""A"",""Q3120"":""C"",""Q3122"":""B"",""Q3123"":""B"",""Q3124"":""C"",""Q3125"":""B"",""Q3121"":""B"",""Q3116"":""B""}"
SUB1788550171772,2026-09-04T19:29:31.772Z,DMSIT0708,Disaster Management,Akash Raina,rainaakash1811@gmail.com,27.5,40,68.75,447,15,5,0,3,"{""Q2551"":""A"",""Q2552"":""C"",""Q2553"":""B"",""Q2554"":""C"",""Q2555"":""D"",""Q2556"":""B"",""Q2557"":""B"",""Q2558"":""B"",""Q2559"":""B"",""Q2560"":""A"",""Q2561"":""D"",""Q2562"":""A"",""Q2563"":""A"",""Q2564"":""D"",""Q2565"":""B"",""Q2566"":""B"",""Q2567"":""C"",""Q2568"":""B"",""Q2569"":""B"",""Q2570"":""B""}"
SUB1788552776088,2026-09-04T20:12:56.088Z,T001AA,JKPSI Telecom T01,mmm,maazulhaq76@gmail.com,178.5,200,89.25,1130,91,7,2,1,"{""Q201"":""D"",""Q200"":""B"",""Q199"":""A"",""Q198"":""B"",""Q197"":""D"",""Q196"":""A"",""Q195"":""D"",""Q194"":""D"",""Q193"":""A"",""Q192"":""D"",""Q191"":""A"",""Q190"":""D"",""Q189"":""D"",""Q188"":""A"",""Q187"":""B"",""Q186"":""A"",""Q185"":""B"",""Q184"":""D"",""Q183"":""A"",""Q182"":""B"",""Q181"":""A"",""Q180"":""B"",""Q179"":""D"",""Q178"":""A"",""Q177"":""D"",""Q176"":""A"",""Q175"":""D"",""Q174"":""B"",""Q173"":""D"",""Q172"":""D"",""Q171"":""B"",""Q170"":""A"",""Q169"":""B"",""Q168"":""A"",""Q167"":""B"",""Q166"":""A"",""Q165"":""D"",""Q164"":""D"",""Q163"":""B"",""Q162"":""D"",""Q161"":""A"",""Q160"":""B"",""Q159"":""D"",""Q158"":""B"",""Q157"":""B"",""Q156"":""A"",""Q155"":""D"",""Q154"":""B"",""Q153"":""D"",""Q152"":""A"",""Q151"":""D"",""Q150"":""A"",""Q149"":""D"",""Q148"":""D"",""Q147"":""D"",""Q146"":""A"",""Q145"":""D"",""Q144"":""D"",""Q143"":""D"",""Q142"":""B"",""Q141"":""D"",""Q140"":""A"",""Q139"":""D"",""Q138"":""D"",""Q137"":""D"",""Q136"":""D"",""Q135"":""D"",""Q134"":""B"",""Q133"":""D"",""Q132"":""A"",""Q131"":""D"",""Q130"":""D"",""Q129"":""D"",""Q128"":""A"",""Q127"":""D"",""Q126"":""A"",""Q125"":""B"",""Q124"":""D"",""Q123"":""D"",""Q122"":""B"",""Q121"":""A"",""Q120"":""B"",""Q119"":""A"",""Q118"":""D"",""Q117"":""D"",""Q116"":""D"",""Q115"":""D"",""Q114"":""D"",""Q113"":""B"",""Q112"":""D"",""Q109"":""B"",""Q108"":""D"",""Q107"":""A"",""Q106"":""D"",""Q105"":""A"",""Q104"":""D"",""Q103"":""D"",""Q102"":""B""}"
SUB1788589077899,2026-09-05T06:17:57.899Z,RIPOSPF0109,Routing Protocols: RIP & OSPF(Basics),Priya Sharma,priyasharmajk123@gmail.com,15,20,75,304,8,2,0,4,"{""Q3326"":""A"",""Q3327"":""C"",""Q3328"":""A"",""Q3329"":""D"",""Q3330"":""B"",""Q3331"":""C"",""Q3332"":""D"",""Q3333"":""B"",""Q3334"":""B"",""Q3335"":""A""}"
SUB1788601102834,2026-09-05T09:38:22.834Z,HJK1308SIT,History Of J&K,Priya Sharma,priyasharmajk123@gmail.com,23,40,57.5,1063,12,2,6,6,"{""Q2707"":""D"",""Q2708"":""C"",""Q2710"":""C"",""Q2713"":""C"",""Q2714"":""A"",""Q2715"":""C"",""Q2716"":""B"",""Q2717"":""C"",""Q2718"":""C"",""Q2719"":""D"",""Q2720"":""C"",""Q2722"":""D"",""Q2723"":""B"",""Q2724"":""C""}"
SUB1788604221604,2026-09-05T10:30:21.604Z,CSLF1SIT,Cyber Security & Legal Framework Test 1,Priya Sharma,priyasharmajk123@gmail.com,32.5,60,54.17,1271,19,11,0,12,"{""Q1381"":""B"",""Q1382"":""C"",""Q1383"":""B"",""Q1384"":""B"",""Q1385"":""C"",""Q1386"":""B"",""Q1387"":""B"",""Q1388"":""C"",""Q1389"":""B"",""Q1390"":""B"",""Q1391"":""C"",""Q1392"":""A"",""Q1393"":""B"",""Q1394"":""B"",""Q1395"":""A"",""Q1396"":""D"",""Q1397"":""C"",""Q1398"":""D"",""Q1399"":""D"",""Q1400"":""C"",""Q1401"":""D"",""Q1402"":""D"",""Q1403"":""D"",""Q1404"":""B"",""Q1405"":""B"",""Q1406"":""C"",""Q1407"":""A"",""Q1408"":""A"",""Q1409"":""A"",""Q1410"":""B""}"
SUB1788604889189,2026-09-05T10:41:29.189Z,GJK1308SIT,Geography Of J&K,Priya Sharma,priyasharmajk123@gmail.com,20,20,100,302,12,8,0,8,"{""Q2726"":""C"",""Q2727"":""A"",""Q2728"":""B"",""Q2729"":""B"",""Q2730"":""B"",""Q2731"":""B"",""Q2732"":""C"",""Q2733"":""C"",""Q2734"":""A"",""Q2735"":""C"",""Q2736"":""C"",""Q2737"":""C"",""Q2738"":""B"",""Q2739"":""B"",""Q2740"":""C"",""Q2741"":""C"",""Q2742"":""A"",""Q2743"":""B"",""Q2744"":""A"",""Q2745"":""B""}"
SUB1788605738577,2026-09-05T10:55:38.577Z,GIR1SIT,GI & Reasoning Test 1,Akash Raina,rainaakash1811@gmail.com,47.5,60,79.17,1376,25,5,0,1,"{""Q698"":""B"",""Q699"":""D"",""Q700"":""C"",""Q701"":""A"",""Q702"":""A"",""Q703"":""D"",""Q704"":""A"",""Q705"":""D"",""Q706"":""A"",""Q707"":""A"",""Q708"":""C"",""Q709"":""A"",""Q710"":""A"",""Q711"":""B"",""Q712"":""A"",""Q713"":""C"",""Q714"":""A"",""Q715"":""C"",""Q716"":""C"",""Q717"":""C"",""Q718"":""B"",""Q719"":""A"",""Q720"":""B"",""Q721"":""A"",""Q722"":""B"",""Q723"":""C"",""Q724"":""C"",""Q725"":""A"",""Q726"":""D"",""Q727"":""C""}"
SUB1788606510942,2026-09-05T11:08:30.942Z,T001A,JKPSI_Telecom_T001A,Aqeel Nazir,aqeelnazir32@gmail.com,10.5,20,52.5,208,6,3,1,5,"{""Q202"":""A"",""Q203"":""C"",""Q204"":""C"",""Q205"":""A"",""Q206"":""B"",""Q207"":""C"",""Q208"":""B"",""Q210"":""B"",""Q211"":""A""}"
SUB1788608933486,2026-09-05T11:48:53.486Z,GIR2SIT,GI & Reasoning Test 2,Akash Raina,rainaakash1811@gmail.com,42.5,60,70.83,2062,23,7,0,4,"{""Q728"":""D"",""Q729"":""C"",""Q730"":""A"",""Q731"":""C"",""Q732"":""B"",""Q733"":""A"",""Q734"":""A"",""Q735"":""A"",""Q736"":""B"",""Q737"":""C"",""Q738"":""A"",""Q739"":""A"",""Q740"":""D"",""Q741"":""B"",""Q742"":""D"",""Q743"":""B"",""Q744"":""A"",""Q745"":""A"",""Q746"":""B"",""Q747"":""A"",""Q748"":""D"",""Q749"":""A"",""Q750"":""B"",""Q751"":""B"",""Q752"":""B"",""Q753"":""A"",""Q754"":""B"",""Q755"":""A"",""Q756"":""A"",""Q757"":""B""}"
SUB1788613084261,2026-09-05T12:58:04.261Z,DMSIT0708,Disaster Management,Akash Raina,rainaakash1811@gmail.com,40,40,100,158,20,0,0,1,"{""Q2551"":""C"",""Q2552"":""B"",""Q2553"":""B"",""Q2554"":""D"",""Q2555"":""B"",""Q2556"":""B"",""Q2557"":""B"",""Q2558"":""B"",""Q2559"":""B"",""Q2560"":""A"",""Q2561"":""D"",""Q2562"":""C"",""Q2563"":""A"",""Q2564"":""D"",""Q2565"":""B"",""Q2566"":""B"",""Q2567"":""C"",""Q2568"":""B"",""Q2569"":""B"",""Q2570"":""B""}"
SUB1788613375772,2026-09-05T13:02:55.772Z,DM1908,Disaster Management & Climate Change,Akash Raina,rainaakash1811@gmail.com,0,20,0,224,2,8,0,3,"{""Q2836"":""B"",""Q2837"":""D"",""Q2838"":""D"",""Q2839"":""C"",""Q2840"":""A"",""Q2841"":""A"",""Q2842"":""B"",""Q2843"":""A"",""Q2844"":""B"",""Q2845"":""C""}"
SUB1788614992196,2026-09-05T13:29:52.196Z,IPSIT0708,Indian Polity,Akash Raina,rainaakash1811@gmail.com,25,40,62.5,619,14,6,0,7,"{""Q2531"":""D"",""Q2532"":""A"",""Q2533"":""D"",""Q2534"":""B"",""Q2535"":""D"",""Q2536"":""B"",""Q2537"":""B"",""Q2538"":""D"",""Q2539"":""A"",""Q2540"":""A"",""Q2541"":""B"",""Q2542"":""B"",""Q2543"":""C"",""Q2544"":""B"",""Q2545"":""D"",""Q2546"":""A"",""Q2547"":""C"",""Q2548"":""D"",""Q2549"":""C"",""Q2550"":""D""}"
SUB1788623050761,2026-09-05T15:44:10.761Z,BN1SIT,Basic Numeracy Test 1,Akash Raina,rainaakash1811@gmail.com,51.5,60,85.83,2100,26,1,3,2,"{""Q788"":""D"",""Q789"":""C"",""Q790"":""B"",""Q791"":""B"",""Q792"":""C"",""Q793"":""A"",""Q794"":""C"",""Q796"":""B"",""Q797"":""B"",""Q798"":""A"",""Q799"":""A"",""Q800"":""B"",""Q801"":""B"",""Q802"":""B"",""Q803"":""C"",""Q804"":""A"",""Q805"":""A"",""Q806"":""B"",""Q807"":""B"",""Q808"":""B"",""Q809"":""C"",""Q810"":""A"",""Q811"":""C"",""Q812"":""A"",""Q814"":""C"",""Q815"":""B"",""Q816"":""C""}"
SUB1788630228065,2026-09-05T17:43:48.065Z,CSLF1SIT,Cyber Security & Legal Framework Test 1,Akash Raina,rainaakash1811@gmail.com,40,60,66.67,933,22,8,0,8,"{""Q1381"":""B"",""Q1382"":""C"",""Q1383"":""B"",""Q1384"":""C"",""Q1385"":""C"",""Q1386"":""B"",""Q1387"":""B"",""Q1388"":""C"",""Q1389"":""B"",""Q1390"":""B"",""Q1391"":""B"",""Q1392"":""A"",""Q1393"":""B"",""Q1394"":""B"",""Q1395"":""C"",""Q1396"":""B"",""Q1397"":""D"",""Q1398"":""A"",""Q1399"":""C"",""Q1400"":""C"",""Q1401"":""B"",""Q1402"":""D"",""Q1403"":""B"",""Q1404"":""C"",""Q1405"":""C"",""Q1406"":""C"",""Q1407"":""B"",""Q1408"":""B"",""Q1409"":""B"",""Q1410"":""B""}"
SUB1788633808709,2026-09-05T18:43:28.709Z,T001C,JKPSI Telecom T001C,vishal bhat,vishalbhat44@gmail.com,22.5,40,56.25,549,13,7,0,22,"{""Q232"":""B"",""Q233"":""A"",""Q234"":""A"",""Q235"":""A"",""Q236"":""A"",""Q237"":""B"",""Q238"":""A"",""Q239"":""B"",""Q240"":""A"",""Q241"":""B"",""Q242"":""C"",""Q243"":""B"",""Q244"":""B"",""Q245"":""A"",""Q246"":""B"",""Q247"":""A"",""Q248"":""B"",""Q249"":""A"",""Q250"":""B"",""Q251"":""B""}"
SUB1788633853979,2026-09-05T18:44:13.979Z,BN2SIT,Basic Numeracy Test 2,Akash Raina,rainaakash1811@gmail.com,7,60,11.67,2100,5,6,19,7,"{""Q860"":""A"",""Q859"":""A"",""Q858"":""D"",""Q857"":""B"",""Q855"":""B"",""Q854"":""A"",""Q853"":""C"",""Q852"":""B"",""Q851"":""C"",""Q850"":""B"",""Q841"":""A""}"
SUB1788635554515,2026-09-05T19:12:34.515Z,AI1SIT,"AI, DS and Automation Test 1",vishal bhat,vishalbhat44@gmail.com,47.5,60,79.17,1199,25,5,0,9,"{""Q1741"":""B"",""Q1742"":""D"",""Q1743"":""A"",""Q1744"":""A"",""Q1745"":""C"",""Q1746"":""B"",""Q1747"":""B"",""Q1748"":""B"",""Q1749"":""A"",""Q1750"":""B"",""Q1751"":""A"",""Q1752"":""A"",""Q1753"":""B"",""Q1754"":""C"",""Q1755"":""B"",""Q1756"":""A"",""Q1757"":""B"",""Q1758"":""A"",""Q1759"":""B"",""Q1760"":""A"",""Q1761"":""A"",""Q1762"":""B"",""Q1763"":""D"",""Q1765"":""B"",""Q1766"":""A"",""Q1767"":""C"",""Q1768"":""C"",""Q1769"":""C"",""Q1770"":""B"",""Q1764"":""C""}"
SUB1788636410853,2026-09-05T19:26:50.853Z,GECS1SIT,General English Test-1,Akash Raina,rainaakash1811@gmail.com,40,60,66.67,893,22,8,0,2,"{""Q598"":""C"",""Q599"":""A"",""Q600"":""A"",""Q601"":""D"",""Q602"":""C"",""Q603"":""A"",""Q604"":""A"",""Q605"":""A"",""Q606"":""A"",""Q607"":""C"",""Q608"":""D"",""Q609"":""A"",""Q610"":""D"",""Q611"":""A"",""Q612"":""C"",""Q613"":""D"",""Q614"":""A"",""Q616"":""C"",""Q617"":""D"",""Q618"":""C"",""Q619"":""A"",""Q620"":""A"",""Q621"":""A"",""Q622"":""A"",""Q623"":""B"",""Q624"":""D"",""Q625"":""A"",""Q689"":""A"",""Q696"":""B"",""Q697"":""B""}"
SUB1788636845142,2026-09-05T19:34:05.142Z,IOT1SIT,"IoT, Embedded Systems Test 1",vishal bhat,vishalbhat44@gmail.com,52.5,60,87.5,1035,27,3,0,3,"{""Q1651"":""B"",""Q1652"":""B"",""Q1653"":""C"",""Q1654"":""A"",""Q1655"":""C"",""Q1656"":""B"",""Q1657"":""C"",""Q1658"":""B"",""Q1659"":""A"",""Q1660"":""D"",""Q1661"":""A"",""Q1662"":""B"",""Q1663"":""B"",""Q1664"":""A"",""Q1665"":""D"",""Q1666"":""C"",""Q1667"":""A"",""Q1668"":""A"",""Q1669"":""B"",""Q1670"":""D"",""Q1671"":""D"",""Q1672"":""D"",""Q1673"":""A"",""Q1674"":""C"",""Q1675"":""A"",""Q1676"":""C"",""Q1677"":""C"",""Q1678"":""B"",""Q1679"":""C"",""Q1680"":""B""}"
SUB1788638237964,2026-09-05T19:57:17.964Z,CSLF1SIT,Cyber Security & Legal Framework Test 1,vishal bhat,vishalbhat44@gmail.com,50,60,83.33,1135,26,4,0,4,"{""Q1381"":""B"",""Q1382"":""C"",""Q1383"":""B"",""Q1384"":""A"",""Q1385"":""C"",""Q1386"":""B"",""Q1387"":""B"",""Q1388"":""C"",""Q1389"":""B"",""Q1390"":""B"",""Q1391"":""D"",""Q1392"":""A"",""Q1393"":""D"",""Q1394"":""B"",""Q1395"":""A"",""Q1396"":""C"",""Q1397"":""B"",""Q1398"":""A"",""Q1399"":""C"",""Q1400"":""C"",""Q1401"":""B"",""Q1402"":""D"",""Q1403"":""D"",""Q1404"":""B"",""Q1405"":""B"",""Q1406"":""C"",""Q1407"":""B"",""Q1408"":""C"",""Q1409"":""B"",""Q1410"":""B""}"
SUB1788638903586,2026-09-05T20:08:23.586Z,GECS2SIT,General English Test-2,Akash Raina,rainaakash1811@gmail.com,30,60,50,1484,18,12,0,2,"{""Q626"":""B"",""Q627"":""A"",""Q628"":""A"",""Q629"":""B"",""Q630"":""B"",""Q631"":""D"",""Q632"":""D"",""Q633"":""A"",""Q634"":""C"",""Q635"":""D"",""Q636"":""D"",""Q637"":""A"",""Q638"":""B"",""Q639"":""A"",""Q640"":""D"",""Q641"":""C"",""Q642"":""A"",""Q643"":""A"",""Q644"":""A"",""Q645"":""B"",""Q646"":""D"",""Q647"":""A"",""Q648"":""D"",""Q649"":""A"",""Q650"":""B"",""Q651"":""C"",""Q652"":""C"",""Q653"":""C"",""Q691"":""A"",""Q693"":""B""}"
SUB1788641045664,2026-09-05T20:44:05.664Z,ITG1SIT,IT Systems & e-Governance Test 1,vishal bhat,vishalbhat44@gmail.com,33.5,60,55.83,1739,19,9,2,6,"{""Q1471"":""C"",""Q1472"":""B"",""Q1473"":""C"",""Q1474"":""A"",""Q1475"":""A"",""Q1476"":""B"",""Q1477"":""B"",""Q1478"":""B"",""Q1479"":""B"",""Q1480"":""D"",""Q1481"":""D"",""Q1482"":""B"",""Q1483"":""B"",""Q1484"":""C"",""Q1485"":""D"",""Q1486"":""A"",""Q1487"":""D"",""Q1488"":""D"",""Q1489"":""D"",""Q1491"":""A"",""Q1492"":""A"",""Q1493"":""B"",""Q1494"":""A"",""Q1496"":""C"",""Q1497"":""D"",""Q1498"":""A"",""Q1499"":""C"",""Q1500"":""B""}"
SUB1788675127808,2026-09-06T06:12:07.808Z,CAFAA0209,"Current Affairs Focusing On Science, 
Missions and International Events",Vishal Singh,vlk611205@gmail.com,1.5,10,15,331,3,6,0,3,"{""Q3356"":""C"",""Q3357"":""D"",""Q3358"":""C"",""Q3359"":""B"",""Q3360"":""A"",""Q3361"":""B"",""Q3362"":""B"",""Q3363"":""C"",""Q3364"":""B""}"
SUB1788675269498,2026-09-06T06:14:29.498Z,IPSIT0708,Indian Polity,Sohail gull,sohailkakroo@gmail.com,25.5,40,63.75,593,14,5,1,6,"{""Q2531"":""B"",""Q2532"":""A"",""Q2533"":""A"",""Q2534"":""B"",""Q2535"":""C"",""Q2536"":""B"",""Q2537"":""B"",""Q2538"":""C"",""Q2539"":""A"",""Q2540"":""A"",""Q2541"":""B"",""Q2542"":""D"",""Q2543"":""D"",""Q2545"":""D"",""Q2546"":""A"",""Q2547"":""C"",""Q2548"":""D"",""Q2549"":""C"",""Q2550"":""A""}"
SUB1788676059276,2026-09-06T06:27:39.276Z,ED1SITFree,Electronic Devices,Gazi,copy-punch-jaws@duck.com,2,20,10,600,2,4,4,17,"{""Q2171"":""A"",""Q2172"":""B"",""Q2173"":""A"",""Q2174"":""C"",""Q2175"":""A"",""Q2176"":""B""}"
SUB1788676232234,2026-09-06T06:30:32.234Z,MWME2508,MS Word & MS Excel,Vishal Singh,vlk611205@gmail.com,-1.25,10,-12.5,518,1,9,0,2,"{""Q3136"":""B"",""Q3137"":""A"",""Q3138"":""D"",""Q3139"":""B"",""Q3140"":""B"",""Q3141"":""C"",""Q3142"":""B"",""Q3143"":""C"",""Q3144"":""B"",""Q3145"":""A""}"
SUB1788676712539,2026-09-06T06:38:32.539Z,T001A,JKPSI_Telecom_T001A,Gazi,copy-punch-jaws@duck.com,8.5,20,42.5,234,5,3,2,8,"{""Q202"":""B"",""Q203"":""D"",""Q204"":""C"",""Q205"":""A"",""Q206"":""B"",""Q207"":""C"",""Q208"":""B"",""Q210"":""B""}"
SUB1788682424212,2026-09-06T08:13:44.212Z,BN2SIT,Basic Numeracy Test 2,vishal bhat,vishalbhat44@gmail.com,25.5,60,42.5,2100,14,5,11,4,"{""Q824"":""C"",""Q826"":""B"",""Q827"":""C"",""Q828"":""B"",""Q830"":""B"",""Q831"":""A"",""Q832"":""A"",""Q833"":""B"",""Q835"":""B"",""Q836"":""B"",""Q838"":""C"",""Q839"":""A"",""Q840"":""A"",""Q841"":""B"",""Q850"":""B"",""Q851"":""C"",""Q852"":""B"",""Q853"":""D"",""Q854"":""B""}"
SUB1788688060504,2026-09-06T09:47:40.504Z,COMP0109,"Comprehension with blanks to be filled in with
i. Phrases . Pronouns
iii. Homonyms / homophones.",Zamin baba,redchief8085@gmail.com,8.75,10,87.5,373,9,1,0,1,"{""Q3306"":""B"",""Q3307"":""B"",""Q3309"":""D"",""Q3310"":""C"",""Q3311"":""B"",""Q3312"":""C"",""Q3313"":""B"",""Q3314"":""A"",""Q3315"":""B"",""Q3308"":""B""}"
SUB1788688600420,2026-09-06T09:56:40.420Z,Nutri0109,"Nutrition and its types, Respiration, Transportation of water, food and
minerals in plants.",Zamin baba,redchief8085@gmail.com,3.75,10,37.5,462,5,5,0,2,"{""Q3336"":""B"",""Q3337"":""B"",""Q3338"":""C"",""Q3339"":""B"",""Q3340"":""D"",""Q3341"":""B"",""Q3342"":""C"",""Q3343"":""A"",""Q3344"":""B"",""Q3345"":""B""}"
SUB1788689650532,2026-09-06T10:14:10.532Z,Nutri0109,"Nutrition and its types, Respiration, Transportation of water, food and
minerals in plants.",Zamin baba,redchief8085@gmail.com,6.25,10,62.5,141,7,3,0,1,"{""Q3336"":""B"",""Q3337"":""B"",""Q3338"":""C"",""Q3339"":""A"",""Q3340"":""D"",""Q3341"":""C"",""Q3342"":""C"",""Q3343"":""A"",""Q3344"":""D"",""Q3345"":""A""}"
SUB1788689984258,2026-09-06T10:19:44.258Z,GIR2SIT,GI & Reasoning Test 2,vishal bhat,vishalbhat44@gmail.com,55.5,60,92.5,1973,28,1,1,1,"{""Q728"":""D"",""Q729"":""C"",""Q730"":""A"",""Q731"":""B"",""Q732"":""B"",""Q733"":""A"",""Q734"":""A"",""Q735"":""A"",""Q736"":""A"",""Q737"":""C"",""Q738"":""A"",""Q739"":""A"",""Q741"":""B"",""Q742"":""A"",""Q743"":""B"",""Q744"":""A"",""Q745"":""A"",""Q746"":""C"",""Q747"":""A"",""Q748"":""A"",""Q749"":""A"",""Q750"":""B"",""Q751"":""B"",""Q752"":""B"",""Q753"":""A"",""Q754"":""B"",""Q755"":""A"",""Q756"":""A"",""Q757"":""A""}"
SUB1788690379391,2026-09-06T10:26:19.391Z,NIAGDP2708,National Income & GDP,Zamin baba,redchief8085@gmail.com,6.25,10,62.5,600,7,3,0,2,"{""Q3196"":""A"",""Q3197"":""A"",""Q3198"":""A"",""Q3199"":""C"",""Q3200"":""D"",""Q3201"":""D"",""Q3202"":""C"",""Q3203"":""C"",""Q3204"":""A"",""Q3205"":""D""}"
SUB1788692487381,2026-09-06T11:01:27.381Z,GECS2SIT,General English Test-2,vishal bhat,vishalbhat44@gmail.com,42.5,60,70.83,1671,23,7,0,1,"{""Q626"":""B"",""Q627"":""A"",""Q628"":""A"",""Q629"":""B"",""Q630"":""B"",""Q631"":""C"",""Q632"":""D"",""Q633"":""A"",""Q634"":""A"",""Q635"":""D"",""Q636"":""D"",""Q637"":""A"",""Q638"":""C"",""Q639"":""A"",""Q640"":""D"",""Q642"":""A"",""Q643"":""A"",""Q644"":""B"",""Q645"":""D"",""Q646"":""A"",""Q647"":""C"",""Q648"":""D"",""Q649"":""A"",""Q650"":""A"",""Q651"":""C"",""Q652"":""A"",""Q653"":""C"",""Q691"":""B"",""Q693"":""B"",""Q641"":""C""}"
SUB1788693096310,2026-09-06T11:11:36.310Z,DM1908,Disaster Management & Climate Change,vishal bhat,vishalbhat44@gmail.com,12.5,20,62.5,298,7,3,0,1,"{""Q2836"":""C"",""Q2837"":""D"",""Q2838"":""B"",""Q2839"":""C"",""Q2840"":""A"",""Q2841"":""A"",""Q2842"":""C"",""Q2843"":""B"",""Q2844"":""B"",""Q2845"":""A""}"
SUB1788693123577,2026-09-06T11:12:03.577Z,Nutri0109,"Nutrition and its types, Respiration, Transportation of water, food and
minerals in plants.",Mohammad idrees mir,meeridrees22@gmail.com,0.25,10,2.5,113,2,7,1,4,"{""Q3336"":""C"",""Q3337"":""B"",""Q3338"":""B"",""Q3339"":""A"",""Q3340"":""C"",""Q3341"":""C"",""Q3342"":""B"",""Q3344"":""C"",""Q3345"":""A""}"
SUB1788693663919,2026-09-06T11:21:03.920Z,JKR1408SIT,J&K Reorganisation Act,Akash Raina,rainaakash1811@gmail.com,15,20,75,194,8,2,0,3,"{""Q2766"":""C"",""Q2767"":""A"",""Q2768"":""B"",""Q2769"":""A"",""Q2770"":""C"",""Q2771"":""D"",""Q2772"":""C"",""Q2773"":""C"",""Q2774"":""C"",""Q2775"":""A""}"
SUB1788693713812,2026-09-06T11:21:53.812Z,DMSIT0708,Disaster Management,vishal bhat,vishalbhat44@gmail.com,27.5,40,68.75,397,15,5,0,2,"{""Q2551"":""B"",""Q2552"":""A"",""Q2553"":""B"",""Q2554"":""D"",""Q2555"":""B"",""Q2556"":""B"",""Q2557"":""A"",""Q2558"":""B"",""Q2559"":""B"",""Q2560"":""A"",""Q2561"":""D"",""Q2562"":""C"",""Q2563"":""A"",""Q2564"":""C"",""Q2565"":""A"",""Q2566"":""B"",""Q2567"":""C"",""Q2568"":""B"",""Q2569"":""B"",""Q2570"":""B""}"
SUB1788693850446,2026-09-06T11:24:10.446Z,Statsfaa1709,Measure Of Central Tendency,Mohammad idrees mir,meeridrees22@gmail.com,5,10,50,402,6,4,0,2,"{""Q2816"":""A"",""Q2817"":""B"",""Q2818"":""D"",""Q2819"":""B"",""Q2820"":""B"",""Q2821"":""C"",""Q2822"":""C"",""Q2823"":""B"",""Q2824"":""C"",""Q2825"":""A""}"
SUB1788694045711,2026-09-06T11:27:25.711Z,GJK1308SIT,Geography Of J&K,Akash Raina,rainaakash1811@gmail.com,37.5,20,187.5,194,19,1,0,1,"{""Q2726"":""C"",""Q2727"":""C"",""Q2728"":""A"",""Q2729"":""A"",""Q2730"":""B"",""Q2731"":""B"",""Q2732"":""C"",""Q2733"":""C"",""Q2734"":""A"",""Q2735"":""D"",""Q2736"":""C"",""Q2737"":""C"",""Q2738"":""B"",""Q2739"":""B"",""Q2740"":""B"",""Q2741"":""C"",""Q2742"":""B"",""Q2743"":""B"",""Q2744"":""B"",""Q2745"":""C""}"
SUB1788694320221,2026-09-06T11:32:00.221Z,COMP0109,"Comprehension with blanks to be filled in with
i. Phrases . Pronouns
iii. Homonyms / homophones.",Mohammad idrees mir,meeridrees22@gmail.com,3.75,10,37.5,166,5,5,0,3,"{""Q3306"":""A"",""Q3307"":""B"",""Q3308"":""B"",""Q3309"":""D"",""Q3310"":""B"",""Q3311"":""A"",""Q3312"":""C"",""Q3313"":""A"",""Q3314"":""C"",""Q3315"":""C""}"
SUB1788694359247,2026-09-06T11:32:39.247Z,STSIT0209,Switching Techniques,Priya Sharma,priyasharmajk123@gmail.com,9.5,20,47.5,786,5,1,4,2,"{""Q3347"":""B"",""Q3349"":""C"",""Q3350"":""A"",""Q3351"":""C"",""Q3353"":""C"",""Q3354"":""A""}"
SUB1788694525792,2026-09-06T11:35:25.792Z,HJK1308SIT,History Of J&K,Akash Raina,rainaakash1811@gmail.com,40,40,100,269,20,0,0,1,"{""Q2706"":""C"",""Q2707"":""D"",""Q2708"":""C"",""Q2709"":""B"",""Q2710"":""C"",""Q2711"":""C"",""Q2712"":""B"",""Q2713"":""C"",""Q2714"":""A"",""Q2715"":""C"",""Q2716"":""B"",""Q2717"":""C"",""Q2718"":""C"",""Q2719"":""B"",""Q2720"":""C"",""Q2721"":""C"",""Q2722"":""C"",""Q2723"":""B"",""Q2724"":""C"",""Q2725"":""A""}"
SUB1788695627506,2026-09-06T11:53:47.506Z,JKGK1SIT,UT Specific GK Test-1,Akash Raina,rainaakash1811@gmail.com,25.5,60,42.5,942,16,13,1,3,"{""Q514"":""D"",""Q515"":""C"",""Q516"":""A"",""Q517"":""C"",""Q518"":""D"",""Q519"":""C"",""Q520"":""A"",""Q521"":""D"",""Q522"":""A"",""Q523"":""D"",""Q524"":""D"",""Q525"":""D"",""Q526"":""A"",""Q527"":""D"",""Q528"":""C"",""Q529"":""D"",""Q530"":""A"",""Q531"":""A"",""Q532"":""D"",""Q533"":""D"",""Q534"":""D"",""Q535"":""D"",""Q536"":""A"",""Q537"":""A"",""Q538"":""D"",""Q539"":""B"",""Q541"":""B"",""Q687"":""A"",""Q688"":""A""}"
SUB1788696038914,2026-09-06T12:00:38.914Z,T003B,Accountancy,Tamanna Sharma,tamanna64135@gmail.com,16.75,30,55.83,647,19,9,2,18,"{""Q292"":""B"",""Q293"":""A"",""Q294"":""C"",""Q296"":""B"",""Q297"":""C"",""Q298"":""C"",""Q299"":""B"",""Q300"":""A"",""Q302"":""A"",""Q303"":""B"",""Q304"":""A"",""Q305"":""B"",""Q306"":""D"",""Q307"":""B"",""Q308"":""B"",""Q309"":""B"",""Q310"":""B"",""Q311"":""A"",""Q312"":""A"",""Q313"":""A"",""Q314"":""C"",""Q315"":""B"",""Q316"":""A"",""Q317"":""B"",""Q318"":""B"",""Q319"":""C"",""Q320"":""C"",""Q321"":""A""}"
SUB1788697749678,2026-09-06T12:29:09.678Z,LPTB1808Faa,Ledger Posting And Trial Balance,Tamanna Sharma,tamanna64135@gmail.com,3.75,10,37.5,600,4,1,5,4,"{""Q2946"":""B"",""Q2948"":""C"",""Q2949"":""C"",""Q2950"":""C"",""Q2951"":""C""}"
SUB1788699158836,2026-09-06T12:52:38.836Z,LPTB1808Faa,Ledger Posting And Trial Balance,Tamanna Sharma,tamanna64135@gmail.com,5.25,10,52.5,315,6,3,1,3,"{""Q2948"":""C"",""Q2949"":""B"",""Q2950"":""C"",""Q2951"":""C"",""Q2946"":""B"",""Q2952"":""D"",""Q2953"":""A"",""Q2954"":""C"",""Q2955"":""C""}"
SUB1788713208055,2026-09-06T16:46:48.055Z,MSPDF0609,"MS Access, MS Powerpoint, PDF
Internet and E-mail",Bilal,bilal9596303059@gmail.com,8.75,10,87.5,88,9,1,0,1,"{""Q3426"":""C"",""Q3427"":""A"",""Q3428"":""D"",""Q3429"":""A"",""Q3430"":""C"",""Q3431"":""D"",""Q3432"":""B"",""Q3433"":""A"",""Q3434"":""D"",""Q3435"":""C""}"
SUB1788713506479,2026-09-06T16:51:46.479Z,PSMC0609,"Primary and secondary data.
Methods of collecting Primary and Secondary Data
Preparation of questionaires",Bilal,bilal9596303059@gmail.com,8.75,10,87.5,248,9,1,0,1,"{""Q3436"":""B"",""Q3437"":""B"",""Q3438"":""A"",""Q3439"":""C"",""Q3440"":""A"",""Q3441"":""D"",""Q3442"":""A"",""Q3443"":""C"",""Q3444"":""C"",""Q3445"":""A""}"
SUB1788717277741,2026-09-06T17:54:37.741Z,ITG1SIT,IT Systems & e-Governance Test 1,Akash Raina,rainaakash1811@gmail.com,0,60,0,100,0,0,30,16,{}
SUB1788724637095,2026-09-06T19:57:17.095Z,ITG1SIT,IT Systems & e-Governance Test 1,Akash Raina,rainaakash1811@gmail.com,24,60,40,1815,15,12,3,11,"{""Q1471"":""C"",""Q1472"":""B"",""Q1473"":""A"",""Q1475"":""C"",""Q1476"":""B"",""Q1477"":""C"",""Q1478"":""C"",""Q1479"":""B"",""Q1480"":""A"",""Q1481"":""D"",""Q1482"":""B"",""Q1483"":""B"",""Q1484"":""C"",""Q1485"":""C"",""Q1486"":""D"",""Q1487"":""D"",""Q1488"":""A"",""Q1489"":""D"",""Q1490"":""C"",""Q1491"":""A"",""Q1492"":""D"",""Q1493"":""B"",""Q1494"":""B"",""Q1497"":""D"",""Q1498"":""B"",""Q1499"":""C"",""Q1500"":""B""}"
SUB1788726517335,2026-09-06T20:28:37.335Z,HJK1308SIT,History Of J&K,vishal bhat,vishalbhat44@gmail.com,27.5,40,68.75,439,15,5,0,3,"{""Q2706"":""C"",""Q2707"":""D"",""Q2708"":""C"",""Q2709"":""B"",""Q2710"":""A"",""Q2711"":""D"",""Q2712"":""B"",""Q2713"":""C"",""Q2714"":""A"",""Q2715"":""C"",""Q2716"":""B"",""Q2717"":""C"",""Q2718"":""C"",""Q2719"":""B"",""Q2720"":""C"",""Q2721"":""C"",""Q2722"":""D"",""Q2723"":""B"",""Q2724"":""B"",""Q2725"":""C""}"
SUB1788726900000,2026-09-06T20:35:00.000Z,JKR1408SIT,J&K Reorganisation Act,vishal bhat,vishalbhat44@gmail.com,17.5,20,87.5,224,9,1,0,1,"{""Q2766"":""A"",""Q2767"":""C"",""Q2768"":""B"",""Q2769"":""A"",""Q2770"":""C"",""Q2771"":""D"",""Q2772"":""C"",""Q2773"":""C"",""Q2774"":""C"",""Q2775"":""C""}"
SUB1788728654736,2026-09-06T21:04:14.736Z,IOT1SIT,"IoT, Embedded Systems Test 1",Akash Raina,rainaakash1811@gmail.com,25.5,60,42.5,1302,16,13,1,9,"{""Q1651"":""B"",""Q1652"":""D"",""Q1653"":""C"",""Q1654"":""A"",""Q1655"":""C"",""Q1656"":""A"",""Q1657"":""C"",""Q1658"":""B"",""Q1659"":""A"",""Q1660"":""C"",""Q1661"":""A"",""Q1662"":""B"",""Q1663"":""B"",""Q1664"":""A"",""Q1665"":""C"",""Q1666"":""C"",""Q1667"":""B"",""Q1668"":""D"",""Q1669"":""B"",""Q1670"":""B"",""Q1671"":""D"",""Q1672"":""B"",""Q1674"":""A"",""Q1675"":""D"",""Q1676"":""D"",""Q1677"":""C"",""Q1678"":""D"",""Q1679"":""C"",""Q1680"":""B""}"
SUB1788759048532,2026-09-07T05:30:48.532Z,DM1908,Disaster Management & Climate Change,Sanjay kumar,sanjaykumarskk.01@gmail.com,10,20,50,399,6,4,0,2,"{""Q2836"":""C"",""Q2837"":""A"",""Q2838"":""B"",""Q2839"":""B"",""Q2840"":""B"",""Q2841"":""C"",""Q2842"":""C"",""Q2843"":""C"",""Q2844"":""A"",""Q2845"":""A""}"
SUB1788759624711,2026-09-07T05:40:24.711Z,ITEgovUltimate1,IT Systems & e-Governance Ultimate Test,Kay4M,alikamran0103@gmail.com,7.5,40,18.75,213,4,1,0,7,"{""Q2226"":""D"",""Q2227"":""D"",""Q2228"":""B"",""Q2229"":""B"",""Q2230"":""B""}"
SUB1788759782586,2026-09-07T05:43:02.586Z,ITEgovUltimate1,IT Systems & e-Governance Ultimate Test,Kay4M,alikamran0103@gmail.com,7.5,10,75,77,4,1,0,6,"{""Q2226"":""D"",""Q2227"":""D"",""Q2228"":""B"",""Q2229"":""B"",""Q2230"":""D""}"
SUB1788760736534,2026-09-07T05:58:56.534Z,DBMS1SIT,Database Management Systems Test 1,Sanjay kumar,sanjaykumarskk.01@gmail.com,37.5,60,62.5,1530,21,9,0,5,"{""Q1561"":""C"",""Q1562"":""A"",""Q1563"":""C"",""Q1564"":""B"",""Q1565"":""B"",""Q1566"":""A"",""Q1567"":""C"",""Q1568"":""B"",""Q1569"":""C"",""Q1570"":""B"",""Q1571"":""A"",""Q1572"":""B"",""Q1573"":""D"",""Q1574"":""C"",""Q1575"":""D"",""Q1576"":""D"",""Q1577"":""A"",""Q1578"":""D"",""Q1579"":""A"",""Q1580"":""A"",""Q1581"":""D"",""Q1582"":""B"",""Q1583"":""B"",""Q1584"":""D"",""Q1585"":""D"",""Q1586"":""B"",""Q1587"":""B"",""Q1588"":""C"",""Q1589"":""B"",""Q1590"":""C""}"
SUB1788761304466,2026-09-07T06:08:24.466Z,ITG1SIT,IT Systems & e-Governance Test 1,Kay4M,alikamran0103@gmail.com,36.5,60,60.83,1315,20,7,3,4,"{""Q1471"":""C"",""Q1472"":""B"",""Q1473"":""A"",""Q1474"":""B"",""Q1475"":""B"",""Q1476"":""B"",""Q1477"":""A"",""Q1478"":""C"",""Q1479"":""B"",""Q1480"":""D"",""Q1481"":""D"",""Q1482"":""B"",""Q1483"":""B"",""Q1484"":""C"",""Q1485"":""D"",""Q1486"":""A"",""Q1487"":""C"",""Q1488"":""C"",""Q1489"":""C"",""Q1490"":""C"",""Q1491"":""A"",""Q1493"":""B"",""Q1494"":""D"",""Q1496"":""A"",""Q1497"":""B"",""Q1499"":""B"",""Q1500"":""B""}"
SUB1788773531994,2026-09-07T09:32:11.994Z,MAT06009,"Multiple Access Techniques: FDMA, TDMA, CDMA, OFDMA",Sareer Wani,sareerwani978@gmail.com,10,20,50,415,6,4,0,4,"{""Q3417"":""C"",""Q3418"":""C"",""Q3419"":""C"",""Q3420"":""C"",""Q3421"":""D"",""Q3422"":""B"",""Q3424"":""A"",""Q3425"":""C"",""Q3423"":""C"",""Q3416"":""A""}"
SUB1788781015926,2026-09-07T11:36:55.926Z,OOPS1009,Object Oriented Programming,Kay4M,alikamran0103@gmail.com,7.5,20,37.5,291,5,5,0,5,"{""Q3566"":""A"",""Q3567"":""D"",""Q3568"":""B"",""Q3569"":""D"",""Q3570"":""C"",""Q3571"":""D"",""Q3572"":""B"",""Q3573"":""C"",""Q3574"":""C"",""Q3575"":""A""}"
SUB1788781179871,2026-09-07T11:39:39.871Z,HJK1308SIT,History Of J&K,Sahil Ashraf,wellwisher07779@gmail.com,22,40,55,597,12,4,4,7,"{""Q2707"":""B"",""Q2708"":""C"",""Q2709"":""A"",""Q2710"":""C"",""Q2712"":""B"",""Q2713"":""B"",""Q2714"":""A"",""Q2715"":""C"",""Q2716"":""B"",""Q2717"":""C"",""Q2718"":""C"",""Q2719"":""A"",""Q2720"":""C"",""Q2722"":""C"",""Q2723"":""B"",""Q2724"":""C""}"
SUB1788781322340,2026-09-07T11:42:02.340Z,OOPS1009,Object Oriented Programming,Kay4M,alikamran0103@gmail.com,12.5,20,62.5,162,7,3,0,3,"{""Q3566"":""A"",""Q3567"":""D"",""Q3568"":""A"",""Q3569"":""A"",""Q3570"":""A"",""Q3571"":""B"",""Q3572"":""B"",""Q3573"":""D"",""Q3574"":""C"",""Q3575"":""A""}"
SUB1788794418732,2026-09-07T15:20:18.732Z,TFAA02Full,FAA Full Length Test 1,Mohammad idrees mir,meeridrees22@gmail.com,93.5,120,77.92,2666,98,18,4,1,"{""Q3446"":""D"",""Q3448"":""B"",""Q3449"":""A"",""Q3450"":""A"",""Q3451"":""C"",""Q3452"":""B"",""Q3453"":""B"",""Q3454"":""A"",""Q3455"":""D"",""Q3456"":""C"",""Q3457"":""D"",""Q3458"":""B"",""Q3459"":""D"",""Q3460"":""B"",""Q3461"":""A"",""Q3462"":""C"",""Q3463"":""D"",""Q3464"":""A"",""Q3465"":""D"",""Q3466"":""C"",""Q3467"":""A"",""Q3468"":""D"",""Q3469"":""B"",""Q3470"":""A"",""Q3471"":""B"",""Q3472"":""B"",""Q3473"":""C"",""Q3474"":""A"",""Q3475"":""C"",""Q3476"":""A"",""Q3477"":""B"",""Q3478"":""C"",""Q3479"":""D"",""Q3481"":""B"",""Q3482"":""C"",""Q3480"":""A"",""Q3483"":""D"",""Q3484"":""A"",""Q3485"":""B"",""Q3486"":""C"",""Q3487"":""D"",""Q3488"":""A"",""Q3489"":""B"",""Q3490"":""C"",""Q3491"":""D"",""Q3492"":""A"",""Q3493"":""B"",""Q3494"":""C"",""Q3495"":""D"",""Q3496"":""A"",""Q3497"":""D"",""Q3498"":""A"",""Q3499"":""D"",""Q3501"":""B"",""Q3502"":""C"",""Q3503"":""B"",""Q3504"":""C"",""Q3505"":""B"",""Q3506"":""C"",""Q3507"":""A"",""Q3508"":""D"",""Q3509"":""B"",""Q3510"":""C"",""Q3511"":""A"",""Q3512"":""A"",""Q3513"":""B"",""Q3514"":""C"",""Q3515"":""A"",""Q3516"":""D"",""Q3517"":""B"",""Q3518"":""C"",""Q3519"":""B"",""Q3520"":""D"",""Q3521"":""B"",""Q3522"":""C"",""Q3523"":""C"",""Q3524"":""B"",""Q3525"":""B"",""Q3526"":""C"",""Q3527"":""A"",""Q3528"":""D"",""Q3530"":""C"",""Q3531"":""B"",""Q3532"":""A"",""Q3533"":""B"",""Q3535"":""A"",""Q3536"":""C"",""Q3537"":""A"",""Q3538"":""B"",""Q3539"":""C"",""Q3540"":""D"",""Q3541"":""C"",""Q3542"":""C"",""Q3543"":""C"",""Q3544"":""D"",""Q3545"":""B"",""Q3546"":""B"",""Q3547"":""A"",""Q3548"":""D"",""Q3549"":""A"",""Q3550"":""A"",""Q3551"":""A"",""Q3552"":""C"",""Q3553"":""D"",""Q3554"":""B"",""Q3555"":""C"",""Q3556"":""C"",""Q3557"":""D"",""Q3558"":""B"",""Q3559"":""A"",""Q3560"":""D"",""Q3561"":""A"",""Q3562"":""B"",""Q3563"":""D"",""Q3564"":""D"",""Q3565"":""A""}"
SUB1788810591356,2026-09-07T19:49:51.356Z,GJK1308SIT,Geography Of J&K,vishal bhat,vishalbhat44@gmail.com,37.5,20,187.5,372,19,1,0,2,"{""Q2726"":""C"",""Q2727"":""C"",""Q2728"":""A"",""Q2729"":""C"",""Q2730"":""B"",""Q2731"":""B"",""Q2732"":""C"",""Q2733"":""C"",""Q2734"":""A"",""Q2735"":""B"",""Q2736"":""C"",""Q2737"":""C"",""Q2738"":""B"",""Q2739"":""B"",""Q2740"":""B"",""Q2741"":""C"",""Q2742"":""B"",""Q2743"":""B"",""Q2744"":""B"",""Q2745"":""C""}"
SUB1788811744677,2026-09-07T20:09:04.677Z,JKGK1SIT,UT Specific GK Test-1,vishal bhat,vishalbhat44@gmail.com,37.5,60,62.5,848,21,9,0,1,"{""Q514"":""D"",""Q515"":""C"",""Q516"":""C"",""Q517"":""C"",""Q518"":""C"",""Q519"":""C"",""Q520"":""A"",""Q521"":""D"",""Q522"":""A"",""Q523"":""C"",""Q524"":""D"",""Q525"":""D"",""Q526"":""A"",""Q527"":""D"",""Q528"":""C"",""Q529"":""C"",""Q530"":""A"",""Q531"":""D"",""Q532"":""D"",""Q533"":""D"",""Q534"":""D"",""Q535"":""D"",""Q536"":""A"",""Q537"":""B"",""Q538"":""D"",""Q539"":""D"",""Q540"":""A"",""Q541"":""D"",""Q687"":""C"",""Q688"":""A""}"
SUB1788814804922,2026-09-07T21:00:04.922Z,IPSIT0708,Indian Polity,vishal bhat,vishalbhat44@gmail.com,30,40,75,594,16,4,0,5,"{""Q2531"":""B"",""Q2532"":""A"",""Q2533"":""A"",""Q2534"":""B"",""Q2535"":""C"",""Q2536"":""B"",""Q2537"":""B"",""Q2538"":""C"",""Q2539"":""A"",""Q2540"":""A"",""Q2541"":""B"",""Q2542"":""D"",""Q2543"":""C"",""Q2544"":""B"",""Q2546"":""A"",""Q2547"":""C"",""Q2548"":""D"",""Q2549"":""C"",""Q2550"":""D"",""Q2545"":""A""}"
SUB1788849042219,2026-09-08T06:30:42.219Z,NDHRS0509,"Network Devices: Hub, Router, Switch",Priya Sharma,priyasharmajk123@gmail.com,4,20,20,248,3,4,3,6,"{""Q3386"":""B"",""Q3387"":""C"",""Q3388"":""C"",""Q3389"":""C"",""Q3391"":""C"",""Q3392"":""C"",""Q3395"":""C""}"
SUB1788856955507,2026-09-08T08:42:35.507Z,TFAA02Full,FAA Full Length Test 1,Vishal Singh,vlk611205@gmail.com,61.5,120,51.25,7702,72,42,6,2,"{""Q3446"":""D"",""Q3447"":""C"",""Q3448"":""B"",""Q3449"":""A"",""Q3450"":""C"",""Q3451"":""C"",""Q3452"":""D"",""Q3453"":""B"",""Q3454"":""A"",""Q3455"":""D"",""Q3456"":""C"",""Q3457"":""D"",""Q3458"":""A"",""Q3459"":""D"",""Q3460"":""B"",""Q3461"":""A"",""Q3462"":""C"",""Q3463"":""D"",""Q3464"":""A"",""Q3465"":""D"",""Q3466"":""C"",""Q3467"":""A"",""Q3468"":""D"",""Q3469"":""B"",""Q3470"":""A"",""Q3471"":""C"",""Q3472"":""B"",""Q3473"":""C"",""Q3474"":""A"",""Q3475"":""C"",""Q3476"":""B"",""Q3477"":""B"",""Q3478"":""D"",""Q3479"":""C"",""Q3480"":""C"",""Q3481"":""B"",""Q3482"":""A"",""Q3483"":""B"",""Q3484"":""A"",""Q3485"":""C"",""Q3486"":""C"",""Q3487"":""B"",""Q3488"":""A"",""Q3489"":""B"",""Q3490"":""C"",""Q3491"":""C"",""Q3492"":""A"",""Q3493"":""B"",""Q3494"":""C"",""Q3495"":""D"",""Q3496"":""C"",""Q3497"":""A"",""Q3498"":""A"",""Q3499"":""B"",""Q3500"":""A"",""Q3501"":""B"",""Q3502"":""B"",""Q3503"":""D"",""Q3504"":""A"",""Q3505"":""A"",""Q3506"":""A"",""Q3507"":""A"",""Q3508"":""D"",""Q3509"":""B"",""Q3510"":""C"",""Q3511"":""D"",""Q3512"":""A"",""Q3513"":""B"",""Q3514"":""C"",""Q3515"":""A"",""Q3516"":""A"",""Q3517"":""C"",""Q3518"":""B"",""Q3519"":""A"",""Q3520"":""C"",""Q3521"":""B"",""Q3522"":""C"",""Q3523"":""A"",""Q3524"":""C"",""Q3525"":""B"",""Q3526"":""C"",""Q3527"":""A"",""Q3528"":""D"",""Q3529"":""A"",""Q3530"":""C"",""Q3531"":""A"",""Q3532"":""A"",""Q3533"":""C"",""Q3534"":""D"",""Q3535"":""B"",""Q3536"":""A"",""Q3537"":""A"",""Q3538"":""B"",""Q3539"":""C"",""Q3540"":""C"",""Q3541"":""A"",""Q3542"":""C"",""Q3543"":""D"",""Q3544"":""C"",""Q3545"":""B"",""Q3546"":""B"",""Q3547"":""A"",""Q3548"":""B"",""Q3549"":""A"",""Q3550"":""B"",""Q3551"":""A"",""Q3552"":""C"",""Q3553"":""A"",""Q3554"":""B"",""Q3556"":""A"",""Q3557"":""C"",""Q3555"":""C"",""Q3558"":""B"",""Q3559"":""B""}"
SUB1788857446073,2026-09-08T08:50:46.073Z,MAT06009,"Multiple Access Techniques: FDMA, TDMA, CDMA, OFDMA",Iqbal,iqbalmaqbool33@gmail.com,15,20,75,278,8,2,0,1,"{""Q3416"":""B"",""Q3417"":""D"",""Q3418"":""C"",""Q3419"":""C"",""Q3420"":""C"",""Q3421"":""D"",""Q3422"":""B"",""Q3423"":""C"",""Q3424"":""A"",""Q3425"":""C""}"
SUB1788857877733,2026-09-08T08:57:57.733Z,DE01SIT,Digital Electronics Test 1,RENU Sharma,itrenusharma21@gmail.com,-0.5,40,-1.25,1060,2,9,9,10,"{""Q2181"":""A"",""Q2183"":""C"",""Q2185"":""A"",""Q2186"":""C"",""Q2187"":""D"",""Q2188"":""B"",""Q2189"":""C"",""Q2190"":""C"",""Q2191"":""D"",""Q2192"":""D"",""Q2193"":""A""}"
SUB1788857908226,2026-09-08T08:58:28.226Z,OOPS1009,Object Oriented Programming,Manhas,manhasrahi164@gmail.com,9,20,45,292,5,2,3,4,"{""Q3566"":""C"",""Q3567"":""A"",""Q3568"":""A"",""Q3569"":""D"",""Q3570"":""B"",""Q3574"":""C"",""Q3575"":""A""}"
SUB1788858238529,2026-09-08T09:03:58.529Z,NDHRS0509,"Network Devices: Hub, Router, Switch",shahzareen,shahzareenarather07@gmail.com,17.5,20,87.5,253,9,1,0,1,"{""Q3386"":""B"",""Q3387"":""D"",""Q3388"":""C"",""Q3389"":""A"",""Q3390"":""A"",""Q3391"":""C"",""Q3392"":""D"",""Q3393"":""D"",""Q3394"":""B"",""Q3395"":""B""}"
SUB1788858344515,2026-09-08T09:05:44.515Z,EDCPC27008,Error Detection & Correction: Parity & CRC Basics,Iqbal,iqbalmaqbool33@gmail.com,12.5,20,62.5,353,7,3,0,2,"{""Q3176"":""B"",""Q3177"":""A"",""Q3178"":""C"",""Q3179"":""C"",""Q3180"":""C"",""Q3181"":""C"",""Q3182"":""B"",""Q3183"":""A"",""Q3184"":""B"",""Q3185"":""B""}"
SUB1788861444926,2026-09-08T09:57:24.926Z,DBMS1SIT,Database Management Systems Test 1,Sahil,sahil21005@gmail.com,47.5,60,79.17,1330,25,5,0,2,"{""Q1561"":""C"",""Q1562"":""A"",""Q1563"":""C"",""Q1564"":""C"",""Q1565"":""A"",""Q1566"":""A"",""Q1567"":""C"",""Q1568"":""B"",""Q1569"":""C"",""Q1570"":""B"",""Q1571"":""A"",""Q1572"":""B"",""Q1573"":""A"",""Q1574"":""C"",""Q1575"":""C"",""Q1576"":""D"",""Q1577"":""A"",""Q1578"":""D"",""Q1579"":""A"",""Q1581"":""D"",""Q1582"":""B"",""Q1583"":""B"",""Q1585"":""B"",""Q1586"":""B"",""Q1587"":""B"",""Q1588"":""A"",""Q1589"":""B"",""Q1590"":""B"",""Q1584"":""B"",""Q1580"":""A""}"
SUB1788863073618,2026-09-08T10:24:33.618Z,ENG1SIT,General English Ultimate Test,sameer Choudhary,choudharysameer287@gmail.com,7.5,10,75,186,4,1,0,1,"{""Q2233"":""B"",""Q2234"":""B"",""Q2235"":""B"",""Q2232"":""C"",""Q2231"":""A""}"
SUB1788863200513,2026-09-08T10:26:40.513Z,DBMS2SIT,Database Management Systems Test 2,Sahil,sahil21005@gmail.com,42.5,60,70.83,1248,23,7,0,2,"{""Q1591"":""B"",""Q1592"":""B"",""Q1593"":""C"",""Q1594"":""C"",""Q1595"":""A"",""Q1596"":""B"",""Q1597"":""B"",""Q1598"":""A"",""Q1599"":""A"",""Q1600"":""B"",""Q1601"":""A"",""Q1602"":""B"",""Q1603"":""A"",""Q1604"":""C"",""Q1605"":""C"",""Q1606"":""A"",""Q1607"":""A"",""Q1608"":""C"",""Q1609"":""A"",""Q1610"":""A"",""Q1611"":""D"",""Q1612"":""C"",""Q1613"":""B"",""Q1614"":""B"",""Q1615"":""D"",""Q1616"":""A"",""Q1617"":""B"",""Q1618"":""A"",""Q1619"":""B"",""Q1620"":""C""}"
SUB1788863451585,2026-09-08T10:30:51.585Z,NDHRS0509,"Network Devices: Hub, Router, Switch",sameer Choudhary,choudharysameer287@gmail.com,8,20,40,254,5,4,1,2,"{""Q3386"":""B"",""Q3387"":""D"",""Q3388"":""C"",""Q3389"":""B"",""Q3391"":""A"",""Q3392"":""D"",""Q3393"":""B"",""Q3395"":""C"",""Q3390"":""A""}"
SUB1788866082301,2026-09-08T11:14:42.301Z,GIR2SIT,GI & Reasoning Test 2,sameer Choudhary,choudharysameer287@gmail.com,53,60,88.33,1892,27,2,1,3,"{""Q728"":""D"",""Q729"":""C"",""Q730"":""A"",""Q731"":""C"",""Q732"":""B"",""Q733"":""A"",""Q734"":""A"",""Q735"":""A"",""Q736"":""A"",""Q738"":""A"",""Q739"":""A"",""Q741"":""B"",""Q742"":""D"",""Q743"":""B"",""Q744"":""A"",""Q745"":""A"",""Q746"":""A"",""Q747"":""A"",""Q748"":""A"",""Q749"":""A"",""Q750"":""B"",""Q751"":""B"",""Q752"":""B"",""Q753"":""A"",""Q754"":""B"",""Q756"":""A"",""Q757"":""A"",""Q737"":""C"",""Q755"":""A""}"
SUB1788870565622,2026-09-08T12:29:25.622Z,ITEgovUltimate1,IT Systems & e-Governance Ultimate Test,Sahil,sahil21005@gmail.com,5,10,50,189,3,2,0,8,"{""Q2226"":""D"",""Q2227"":""D"",""Q2228"":""A"",""Q2229"":""B"",""Q2230"":""C""}"
SUB1788870794066,2026-09-08T12:33:14.066Z,ITEgovUltimate1,IT Systems & e-Governance Ultimate Test,Sahil,sahil21005@gmail.com,10,10,100,40,5,0,0,1,"{""Q2226"":""D"",""Q2227"":""D"",""Q2228"":""B"",""Q2229"":""B"",""Q2230"":""A""}"
SUB1788877577777,2026-09-08T14:26:17.777Z,GJK1308SIT,Geography Of J&K,Sahil Ashraf,wellwisher07779@gmail.com,23,20,115,548,13,6,1,7,"{""Q2726"":""D"",""Q2727"":""C"",""Q2728"":""A"",""Q2730"":""B"",""Q2731"":""A"",""Q2732"":""C"",""Q2733"":""C"",""Q2734"":""A"",""Q2735"":""B"",""Q2736"":""B"",""Q2737"":""C"",""Q2738"":""C"",""Q2739"":""B"",""Q2740"":""D"",""Q2741"":""C"",""Q2742"":""B"",""Q2743"":""B"",""Q2744"":""B"",""Q2745"":""B""}"
SUB1788879562471,2026-09-08T14:59:22.471Z,JKGK1SIT,UT Specific GK Test-1,Sahil Ashraf,wellwisher07779@gmail.com,17.5,60,29.17,923,11,9,10,5,"{""Q514"":""D"",""Q516"":""B"",""Q517"":""C"",""Q519"":""B"",""Q520"":""A"",""Q521"":""D"",""Q523"":""A"",""Q524"":""A"",""Q525"":""D"",""Q526"":""A"",""Q527"":""D"",""Q528"":""A"",""Q529"":""C"",""Q530"":""A"",""Q533"":""D"",""Q534"":""D"",""Q535"":""D"",""Q541"":""D"",""Q687"":""A"",""Q688"":""A""}"
SUB1788883029881,2026-09-08T15:57:09.881Z,ITEgovUltimate1,IT Systems & e-Governance Ultimate Test,Sahil,sahil21005@gmail.com,10,10,100,60,5,0,0,2,"{""Q2226"":""D"",""Q2227"":""D"",""Q2228"":""B"",""Q2229"":""B"",""Q2230"":""A""}"
SUB1788883463164,2026-09-08T16:04:23.164Z,GISIA2608,"Govt IT Systems, Interoperability & API",Sahil,sahil21005@gmail.com,0,20,0,383,2,8,0,3,"{""Q3166"":""B"",""Q3167"":""D"",""Q3168"":""A"",""Q3169"":""A"",""Q3170"":""B"",""Q3171"":""C"",""Q3172"":""C"",""Q3173"":""A"",""Q3174"":""A"",""Q3175"":""B""}"
SUB1788884581439,2026-09-08T16:23:01.439Z,GISIA2608,"Govt IT Systems, Interoperability & API",Sahil,sahil21005@gmail.com,20,20,100,131,10,0,0,1,"{""Q3166"":""B"",""Q3167"":""C"",""Q3168"":""A"",""Q3169"":""B"",""Q3170"":""A"",""Q3171"":""B"",""Q3172"":""A"",""Q3173"":""B"",""Q3174"":""D"",""Q3175"":""A""}"
SUB1788885016646,2026-09-08T16:30:16.646Z,CCFIG2508,"Cloud Computing Fundamentals, Data Centers, Backup & Recovery",Sahil,sahil21005@gmail.com,17.5,20,87.5,375,9,1,0,2,"{""Q3126"":""A"",""Q3127"":""D"",""Q3128"":""B"",""Q3129"":""C"",""Q3130"":""C"",""Q3131"":""D"",""Q3132"":""A"",""Q3133"":""B"",""Q3134"":""C"",""Q3135"":""D""}"
SUB1788885622049,2026-09-08T16:40:22.049Z,WABCS24008,Web App Basic & Client Server Architecture,Sahil,sahil21005@gmail.com,10,20,50,392,6,4,0,6,"{""Q3106"":""B"",""Q3107"":""B"",""Q3108"":""C"",""Q3109"":""C"",""Q3110"":""C"",""Q3111"":""B"",""Q3113"":""C"",""Q3114"":""D"",""Q3115"":""B"",""Q3112"":""C""}"
SUB1788887638020,2026-09-08T17:13:58.020Z,ITG1SIT,IT Systems & e-Governance Test 1,Sahil,sahil21005@gmail.com,28,60,46.67,1766,17,12,1,8,"{""Q1471"":""C"",""Q1472"":""B"",""Q1473"":""B"",""Q1474"":""B"",""Q1475"":""A"",""Q1476"":""B"",""Q1477"":""B"",""Q1478"":""C"",""Q1479"":""B"",""Q1480"":""B"",""Q1481"":""D"",""Q1482"":""A"",""Q1483"":""B"",""Q1484"":""C"",""Q1485"":""D"",""Q1486"":""A"",""Q1487"":""C"",""Q1488"":""D"",""Q1489"":""D"",""Q1490"":""C"",""Q1491"":""D"",""Q1492"":""C"",""Q1493"":""B"",""Q1494"":""D"",""Q1496"":""A"",""Q1497"":""A"",""Q1498"":""A"",""Q1499"":""C"",""Q1500"":""D""}"
SUB1788887689863,2026-09-08T17:14:49.863Z,JKR1408FAA,J&K Reorganisation Act,Bilal,bilal9596303059@gmail.com,10,10,100,100,10,0,0,1,"{""Q3636"":""A"",""Q3637"":""C"",""Q3638"":""B"",""Q3639"":""A"",""Q3640"":""C"",""Q3641"":""D"",""Q3642"":""C"",""Q3643"":""C"",""Q3644"":""C"",""Q3645"":""A""}"
SUB1788887991076,2026-09-08T17:19:51.076Z,IAP0709,Idioms & Phrases,Bilal,bilal9596303059@gmail.com,7.5,10,75,251,8,2,0,1,"{""Q3576"":""C"",""Q3577"":""B"",""Q3578"":""C"",""Q3579"":""D"",""Q3580"":""D"",""Q3581"":""B"",""Q3582"":""C"",""Q3583"":""D"",""Q3584"":""A"",""Q3585"":""B""}"
SUB1788897603779,2026-09-08T20:00:03.779Z,BN2SIT,Basic Numeracy Test 2,Akash Raina,rainaakash1811@gmail.com,26.5,60,44.17,2100,14,3,13,3,"{""Q834"":""B"",""Q835"":""B"",""Q836"":""B"",""Q838"":""C"",""Q839"":""B"",""Q840"":""B"",""Q841"":""B"",""Q850"":""B"",""Q851"":""C"",""Q852"":""B"",""Q853"":""D"",""Q854"":""B"",""Q855"":""C"",""Q856"":""B"",""Q857"":""B"",""Q859"":""D"",""Q860"":""C""}"
SUB1788926627769,2026-09-09T04:03:47.769Z,PSMC0609,"Primary and secondary data.
Methods of collecting Primary and Secondary Data
Preparation of questionaires",Nishant Sharma,nishantsharma3281@gmail.com,5,10,50,600,6,4,0,3,"{""Q3436"":""B"",""Q3437"":""C"",""Q3438"":""A"",""Q3439"":""C"",""Q3440"":""B"",""Q3441"":""C"",""Q3442"":""A"",""Q3443"":""C"",""Q3444"":""C"",""Q3445"":""B""}"
SUB1788927046253,2026-09-09T04:10:46.253Z,CAFAA0209,"Current Affairs Focusing On Science, 
Missions and International Events",Nishant Sharma,nishantsharma3281@gmail.com,2.75,10,27.5,207,4,5,0,2,"{""Q3356"":""D"",""Q3357"":""D"",""Q3358"":""B"",""Q3359"":""D"",""Q3360"":""D"",""Q3361"":""A"",""Q3362"":""B"",""Q3363"":""A"",""Q3364"":""C""}"
SUB1788927987231,2026-09-09T04:26:27.231Z,ITG1SIT,IT Systems & e-Governance Test 1,Kay4M,alikamran0103@gmail.com,39,60,65,1159,21,6,3,3,"{""Q1471"":""C"",""Q1472"":""B"",""Q1473"":""B"",""Q1474"":""A"",""Q1476"":""B"",""Q1477"":""B"",""Q1478"":""C"",""Q1479"":""B"",""Q1480"":""D"",""Q1481"":""D"",""Q1482"":""B"",""Q1483"":""B"",""Q1484"":""C"",""Q1485"":""D"",""Q1486"":""A"",""Q1487"":""D"",""Q1488"":""A"",""Q1489"":""C"",""Q1490"":""C"",""Q1491"":""A"",""Q1492"":""B"",""Q1493"":""B"",""Q1494"":""B"",""Q1496"":""A"",""Q1498"":""A"",""Q1499"":""C"",""Q1500"":""B""}"
SUB1788929104516,2026-09-09T04:45:04.516Z,ITG2SIT,IT Systems & e-Governance Test 2,Kay4M,alikamran0103@gmail.com,27.5,60,45.83,944,17,13,0,2,"{""Q1501"":""C"",""Q1502"":""C"",""Q1503"":""A"",""Q1504"":""B"",""Q1505"":""C"",""Q1506"":""D"",""Q1507"":""D"",""Q1508"":""A"",""Q1509"":""B"",""Q1510"":""D"",""Q1511"":""A"",""Q1512"":""C"",""Q1513"":""A"",""Q1514"":""C"",""Q1515"":""C"",""Q1516"":""A"",""Q1517"":""A"",""Q1518"":""B"",""Q1519"":""D"",""Q1520"":""C"",""Q1521"":""A"",""Q1522"":""B"",""Q1523"":""B"",""Q1524"":""A"",""Q1525"":""C"",""Q1526"":""D"",""Q1527"":""A"",""Q1528"":""B"",""Q1529"":""A"",""Q1530"":""C""}"
SUB1788933992447,2026-09-09T06:06:32.447Z,T001A,JKPSI_Telecom_T001A,Yasir,yasirnisar66@gmail.com,7.5,20,37.5,154,4,1,5,14,"{""Q202"":""D"",""Q204"":""C"",""Q205"":""A"",""Q208"":""C"",""Q210"":""A""}"
SUB1788934912725,2026-09-09T06:21:52.725Z,EMN2G0509,Evolution Of Mobile Networks: 2G to 5g,Bassam Majid,bhattibassam425@gmail.com,10,20,50,301,6,4,0,3,"{""Q3376"":""C"",""Q3377"":""A"",""Q3378"":""B"",""Q3379"":""C"",""Q3380"":""C"",""Q3381"":""A"",""Q3382"":""C"",""Q3383"":""B"",""Q3384"":""B"",""Q3385"":""A""}"
SUB1788935472433,2026-09-09T06:31:12.433Z,NDHRS0509,"Network Devices: Hub, Router, Switch",Bassam Majid,bhattibassam425@gmail.com,5.5,20,27.5,307,4,5,1,5,"{""Q3386"":""C"",""Q3387"":""D"",""Q3388"":""C"",""Q3389"":""C"",""Q3390"":""A"",""Q3391"":""A"",""Q3392"":""D"",""Q3393"":""B"",""Q3394"":""B""}"
SUB1788935732757,2026-09-09T06:35:32.757Z,OSITCP0109,OSI/TCP Models,Bassam Majid,bhattibassam425@gmail.com,8,20,40,195,5,4,1,5,"{""Q3286"":""C"",""Q3287"":""A"",""Q3288"":""B"",""Q3289"":""C"",""Q3290"":""B"",""Q3292"":""C"",""Q3293"":""B"",""Q3294"":""B"",""Q3295"":""C""}"
SUB1788935893017,2026-09-09T06:38:13.017Z,DMAFPQ2608,"Digital Modulation:ASK, FSK, PSK, QPSK",Bassam Majid,bhattibassam425@gmail.com,5,20,25,100,3,2,5,2,"{""Q3146"":""B"",""Q3147"":""B"",""Q3149"":""C"",""Q3151"":""B"",""Q3155"":""B""}"
SUB1788936214326,2026-09-09T06:43:34.326Z,APT2908,Antennas: Parameter & Types,Bassam Majid,bhattibassam425@gmail.com,3,20,15,258,3,6,1,2,"{""Q3246"":""B"",""Q3247"":""C"",""Q3248"":""B"",""Q3250"":""B"",""Q3251"":""B"",""Q3252"":""B"",""Q3253"":""C"",""Q3254"":""C"",""Q3255"":""B""}"
SUB1788936508840,2026-09-09T06:48:28.840Z,OSSIT0909,"Operating System: Process, Memory & File System",RENU Sharma,itrenusharma21@gmail.com,0.5,20,2.5,325,1,3,6,8,"{""Q3666"":""A"",""Q3667"":""D"",""Q3671"":""A"",""Q3672"":""A""}"
SUB1788936584409,2026-09-09T06:49:44.409Z,MAT06009,"Multiple Access Techniques: FDMA, TDMA, CDMA, OFDMA",Bassam Majid,bhattibassam425@gmail.com,13,20,65,224,7,2,1,2,"{""Q3416"":""B"",""Q3417"":""B"",""Q3418"":""C"",""Q3419"":""A"",""Q3420"":""B"",""Q3421"":""B"",""Q3423"":""C"",""Q3424"":""A"",""Q3425"":""C""}"
SUB1788937194589,2026-09-09T06:59:54.589Z,SQCS2508,"Sampling, Quantization, PCM, DPCM, DM",Bassam Majid,bhattibassam425@gmail.com,0,20,0,400,2,8,0,3,"{""Q3116"":""C"",""Q3117"":""C"",""Q3118"":""B"",""Q3119"":""C"",""Q3120"":""C"",""Q3121"":""B"",""Q3122"":""B"",""Q3123"":""A"",""Q3124"":""D"",""Q3125"":""D""}"
SUB1788937787458,2026-09-09T07:09:47.458Z,SQCS2508,"Sampling, Quantization, PCM, DPCM, DM",Bassam Majid,bhattibassam425@gmail.com,20,20,100,182,10,0,0,1,"{""Q3116"":""C"",""Q3117"":""B"",""Q3118"":""A"",""Q3119"":""D"",""Q3120"":""A"",""Q3121"":""B"",""Q3122"":""C"",""Q3123"":""C"",""Q3124"":""B"",""Q3125"":""C""}"
SUB1788938141698,2026-09-09T07:15:41.698Z,OOPS1009,Object Oriented Programming,Bassam Majid,bhattibassam425@gmail.com,3.5,20,17.5,293,3,5,2,7,"{""Q3566"":""A"",""Q3567"":""A"",""Q3568"":""A"",""Q3569"":""A"",""Q3570"":""B"",""Q3571"":""B"",""Q3572"":""C"",""Q3574"":""C""}"
SUB1788938453120,2026-09-09T07:20:53.120Z,OOPS1009,Object Oriented Programming,Bassam Majid,bhattibassam425@gmail.com,20,20,100,135,10,0,0,1,"{""Q3566"":""C"",""Q3567"":""D"",""Q3568"":""A"",""Q3569"":""D"",""Q3570"":""A"",""Q3571"":""B"",""Q3572"":""B"",""Q3573"":""A"",""Q3574"":""C"",""Q3575"":""A""}"
SUB1788939886698,2026-09-09T07:44:46.698Z,T001AA,JKPSI Telecom T01,Shahkar Bashir,shahkarbashir12@gmail.com,127,200,63.5,4586,68,18,14,3,"{""Q102"":""D"",""Q103"":""D"",""Q104"":""D"",""Q105"":""A"",""Q106"":""D"",""Q107"":""A"",""Q108"":""D"",""Q109"":""A"",""Q110"":""D"",""Q111"":""C"",""Q112"":""C"",""Q113"":""C"",""Q114"":""D"",""Q115"":""C"",""Q116"":""D"",""Q117"":""D"",""Q118"":""B"",""Q119"":""A"",""Q120"":""B"",""Q121"":""B"",""Q122"":""B"",""Q124"":""B"",""Q125"":""B"",""Q126"":""A"",""Q127"":""D"",""Q128"":""A"",""Q129"":""D"",""Q131"":""D"",""Q132"":""A"",""Q134"":""A"",""Q135"":""D"",""Q136"":""D"",""Q137"":""D"",""Q138"":""D"",""Q139"":""B"",""Q140"":""A"",""Q141"":""D"",""Q142"":""B"",""Q143"":""D"",""Q144"":""D"",""Q145"":""D"",""Q149"":""D"",""Q150"":""A"",""Q151"":""D"",""Q152"":""B"",""Q153"":""D"",""Q154"":""B"",""Q155"":""D"",""Q156"":""A"",""Q157"":""D"",""Q158"":""B"",""Q159"":""D"",""Q160"":""B"",""Q161"":""A"",""Q162"":""D"",""Q163"":""D"",""Q164"":""D"",""Q165"":""D"",""Q166"":""A"",""Q170"":""C"",""Q172"":""D"",""Q173"":""A"",""Q174"":""B"",""Q175"":""D"",""Q176"":""A"",""Q177"":""D"",""Q178"":""A"",""Q179"":""D"",""Q180"":""A"",""Q181"":""A"",""Q182"":""B"",""Q183"":""C"",""Q184"":""D"",""Q185"":""D"",""Q186"":""A"",""Q189"":""D"",""Q190"":""D"",""Q191"":""A"",""Q192"":""D"",""Q193"":""A"",""Q194"":""D"",""Q195"":""D"",""Q196"":""A"",""Q197"":""D"",""Q198"":""B"",""Q201"":""D""}"
SUB1788941136086,2026-09-09T08:05:36.086Z,DBMSUTSIT,DBMS Ultimate Test,Kay4M,alikamran0103@gmail.com,5.5,10,55,150,3,1,1,3,"{""Q2571"":""C"",""Q2572"":""C"",""Q2573"":""B"",""Q2574"":""D""}"
SUB1788947178424,2026-09-09T09:46:18.424Z,IOT1SIT,"IoT, Embedded Systems Test 1",Bassam Majid,bhattibassam425@gmail.com,8.5,60,14.17,226,5,3,22,10,"{""Q1651"":""A"",""Q1652"":""B"",""Q1653"":""B"",""Q1655"":""C"",""Q1656"":""C"",""Q1657"":""C"",""Q1658"":""B"",""Q1659"":""A""}"
SUB1788949257900,2026-09-09T10:20:57.901Z,CSLF1SIT,Cyber Security & Legal Framework Test 1,Valar Dohaeris,danyalbhat000@gmail.com,42.5,60,70.83,1572,23,7,0,7,"{""Q1381"":""B"",""Q1382"":""C"",""Q1383"":""B"",""Q1384"":""B"",""Q1385"":""C"",""Q1386"":""A"",""Q1387"":""B"",""Q1388"":""C"",""Q1389"":""B"",""Q1390"":""B"",""Q1391"":""C"",""Q1392"":""A"",""Q1393"":""D"",""Q1394"":""B"",""Q1395"":""A"",""Q1396"":""C"",""Q1397"":""C"",""Q1398"":""A"",""Q1399"":""C"",""Q1400"":""C"",""Q1401"":""C"",""Q1402"":""D"",""Q1403"":""D"",""Q1404"":""B"",""Q1405"":""A"",""Q1406"":""C"",""Q1407"":""B"",""Q1408"":""C"",""Q1409"":""D"",""Q1410"":""D""}"
SUB1788949282207,2026-09-09T10:21:22.207Z,COM1808,Analog and Digital Communication,Bassam Majid,bhattibassam425@gmail.com,8,20,40,437,5,4,1,1,"{""Q2826"":""B"",""Q2827"":""B"",""Q2829"":""A"",""Q2830"":""B"",""Q2831"":""B"",""Q2832"":""C"",""Q2833"":""B"",""Q2834"":""C"",""Q2835"":""C""}"
SUB1788953005961,2026-09-09T11:23:25.961Z,MSPDF0609,"MS Access, MS Powerpoint, PDF
Internet and E-mail",Nishant Sharma,nishantsharma3281@gmail.com,3.75,10,37.5,278,5,5,0,2,"{""Q3426"":""B"",""Q3427"":""B"",""Q3428"":""D"",""Q3429"":""A"",""Q3430"":""C"",""Q3431"":""B"",""Q3432"":""A"",""Q3433"":""A"",""Q3434"":""A"",""Q3435"":""B""}"
SUB1788957658431,2026-09-09T12:40:58.431Z,AICG2708,"Fundaments & Components, AI System in Engineering and Govt",Sahil,sahil21005@gmail.com,14,20,70,283,7,0,3,1,"{""Q3189"":""D"",""Q3190"":""A"",""Q3191"":""C"",""Q3192"":""C"",""Q3193"":""A"",""Q3194"":""C"",""Q3195"":""B""}"
SUB1788957805232,2026-09-09T12:43:25.232Z,CSLF2SIT,Cyber Security & Legal Framework Test 2,Valar Dohaeris,danyalbhat000@gmail.com,33,60,55,1215,19,10,0,1,"{""Q1411"":""C"",""Q1412"":""B"",""Q1414"":""A"",""Q1415"":""C"",""Q1416"":""B"",""Q1417"":""B"",""Q1418"":""A"",""Q1419"":""A"",""Q1420"":""C"",""Q1421"":""B"",""Q1422"":""A"",""Q1423"":""D"",""Q1424"":""B"",""Q1425"":""C"",""Q1426"":""A"",""Q1427"":""A"",""Q1428"":""C"",""Q1429"":""A"",""Q1430"":""C"",""Q1431"":""B"",""Q1432"":""C"",""Q1433"":""B"",""Q1434"":""A"",""Q1435"":""C"",""Q1436"":""B"",""Q1437"":""B"",""Q1438"":""C"",""Q1439"":""B"",""Q1440"":""B""}"
SUB1788959679336,2026-09-09T13:14:39.336Z,EMN2G0509,Evolution Of Mobile Networks: 2G to 5g,Manhas,manhasrahi164@gmail.com,5.5,20,27.5,403,4,5,1,5,"{""Q3376"":""D"",""Q3377"":""D"",""Q3378"":""D"",""Q3379"":""A"",""Q3380"":""C"",""Q3382"":""C"",""Q3383"":""A"",""Q3384"":""D"",""Q3385"":""B""}"
SUB1788960536812,2026-09-09T13:28:56.812Z,OSSIT0909,"Operating System: Process, Memory & File System",Manhas,manhasrahi164@gmail.com,20,20,100,236,10,0,0,1,"{""Q3666"":""B"",""Q3667"":""C"",""Q3668"":""C"",""Q3669"":""A"",""Q3673"":""C"",""Q3674"":""C"",""Q3675"":""D"",""Q3670"":""D"",""Q3671"":""A"",""Q3672"":""B""}"
SUB1788963393320,2026-09-09T14:16:33.320Z,JKR1408SIT,J&K Reorganisation Act,Sahil Ashraf,wellwisher07779@gmail.com,13.5,20,67.5,253,7,1,2,6,"{""Q2766"":""A"",""Q2767"":""C"",""Q2768"":""D"",""Q2769"":""A"",""Q2770"":""C"",""Q2771"":""D"",""Q2772"":""C"",""Q2775"":""A""}"
SUB1788967559787,2026-09-09T15:25:59.787Z,CSLF3SIT,Cyber Security & Legal Framework Test 3,Valar Dohaeris,danyalbhat000@gmail.com,33,60,55,1062,19,10,1,1,"{""Q1901"":""A"",""Q1902"":""A"",""Q1903"":""C"",""Q1904"":""A"",""Q1905"":""A"",""Q1906"":""C"",""Q1907"":""A"",""Q1908"":""C"",""Q1909"":""C"",""Q1910"":""B"",""Q1912"":""A"",""Q1913"":""D"",""Q1914"":""D"",""Q1915"":""A"",""Q1916"":""B"",""Q1917"":""A"",""Q1918"":""D"",""Q1919"":""A"",""Q1920"":""C"",""Q1921"":""B"",""Q1922"":""C"",""Q1923"":""B"",""Q1924"":""C"",""Q1925"":""D"",""Q1926"":""D"",""Q1927"":""A"",""Q1928"":""B"",""Q1929"":""A"",""Q1930"":""B""}"
SUB1788971126528,2026-09-09T16:25:26.528Z,ALECAI2908,Advantages limitation & Ethical Concern Of AI,Sahil,sahil21005@gmail.com,15.5,20,77.5,295,8,1,1,2,"{""Q3256"":""B"",""Q3257"":""A"",""Q3258"":""C"",""Q3259"":""C"",""Q3260"":""B"",""Q3261"":""C"",""Q3262"":""B"",""Q3263"":""B"",""Q3265"":""D""}"
SUB1788971790812,2026-09-09T16:36:30.812Z,BD2808,Big data and analytics in law enforcement,Sahil,sahil21005@gmail.com,10,20,50,333,6,4,0,2,"{""Q3216"":""B"",""Q3217"":""C"",""Q3218"":""B"",""Q3219"":""A"",""Q3220"":""B"",""Q3221"":""B"",""Q3222"":""B"",""Q3223"":""A"",""Q3224"":""C"",""Q3225"":""A""}"
SUB1788974466427,2026-09-09T17:21:06.427Z,AI1SIT,"AI, DS and Automation Test 1",Sahil,sahil21005@gmail.com,47.5,60,79.17,1115,25,5,0,8,"{""Q1741"":""A"",""Q1742"":""C"",""Q1743"":""A"",""Q1744"":""A"",""Q1745"":""C"",""Q1746"":""B"",""Q1747"":""C"",""Q1748"":""B"",""Q1749"":""A"",""Q1750"":""B"",""Q1751"":""A"",""Q1752"":""A"",""Q1753"":""A"",""Q1754"":""C"",""Q1755"":""B"",""Q1756"":""A"",""Q1757"":""B"",""Q1758"":""A"",""Q1759"":""B"",""Q1760"":""C"",""Q1761"":""A"",""Q1762"":""B"",""Q1763"":""B"",""Q1764"":""C"",""Q1765"":""B"",""Q1766"":""A"",""Q1767"":""C"",""Q1768"":""C"",""Q1769"":""C"",""Q1770"":""B""}"
SUB1788976488747,2026-09-09T17:54:48.747Z,IOT1SIT,"IoT, Embedded Systems Test 1",Sahil,sahil21005@gmail.com,45.5,60,75.83,1184,24,5,1,4,"{""Q1651"":""B"",""Q1652"":""B"",""Q1653"":""C"",""Q1654"":""B"",""Q1655"":""C"",""Q1656"":""B"",""Q1657"":""C"",""Q1658"":""B"",""Q1659"":""A"",""Q1660"":""D"",""Q1661"":""A"",""Q1662"":""A"",""Q1663"":""B"",""Q1664"":""A"",""Q1665"":""D"",""Q1666"":""C"",""Q1667"":""B"",""Q1669"":""C"",""Q1670"":""B"",""Q1671"":""A"",""Q1672"":""B"",""Q1673"":""A"",""Q1674"":""C"",""Q1675"":""A"",""Q1676"":""C"",""Q1677"":""C"",""Q1678"":""A"",""Q1679"":""C"",""Q1680"":""B""}"
SUB1788988212117,2026-09-09T21:10:12.117Z,AI1SIT,"AI, DS and Automation Test 1",Akash Raina,rainaakash1811@gmail.com,40,60,66.67,1710,22,8,0,13,"{""Q1741"":""B"",""Q1742"":""D"",""Q1743"":""A"",""Q1744"":""A"",""Q1745"":""C"",""Q1746"":""B"",""Q1747"":""A"",""Q1748"":""B"",""Q1749"":""D"",""Q1750"":""B"",""Q1751"":""A"",""Q1752"":""A"",""Q1753"":""B"",""Q1754"":""C"",""Q1755"":""B"",""Q1756"":""A"",""Q1757"":""B"",""Q1758"":""D"",""Q1759"":""B"",""Q1760"":""B"",""Q1761"":""C"",""Q1762"":""B"",""Q1763"":""A"",""Q1764"":""C"",""Q1765"":""B"",""Q1766"":""A"",""Q1767"":""C"",""Q1768"":""C"",""Q1769"":""D"",""Q1770"":""B""}"
SUB1789014642228,2026-09-10T04:30:42.228Z,MPSIT1208,Microprocessor Test 3,Faisal,peerzada604@gmail.com,8,20,40,233,5,4,1,3,"{""Q2666"":""A"",""Q2667"":""A"",""Q2668"":""A"",""Q2669"":""B"",""Q2670"":""D"",""Q2671"":""C"",""Q2672"":""B"",""Q2673"":""A"",""Q2675"":""A""}"
SUB1789015059171,2026-09-10T04:37:39.171Z,OSITCP0109,OSI/TCP Models,Iqbal,iqbalmaqbool33@gmail.com,1,20,5,204,2,6,2,11,"{""Q3286"":""A"",""Q3287"":""A"",""Q3288"":""C"",""Q3289"":""B"",""Q3291"":""B"",""Q3292"":""A"",""Q3294"":""B"",""Q3295"":""C""}"
SUB1789015431057,2026-09-10T04:43:51.057Z,MPSIT1208,Microprocessor Test 3,Faisal,peerzada604@gmail.com,20,20,100,58,10,0,0,1,"{""Q2666"":""C"",""Q2667"":""A"",""Q2668"":""A"",""Q2669"":""B"",""Q2670"":""B"",""Q2671"":""C"",""Q2672"":""B"",""Q2673"":""D"",""Q2674"":""C"",""Q2675"":""C""}"
SUB1789016184314,2026-09-10T04:56:24.314Z,OSITCP0109,OSI/TCP Models,Iqbal,iqbalmaqbool33@gmail.com,20,20,100,130,10,0,0,2,"{""Q3286"":""C"",""Q3287"":""D"",""Q3288"":""C"",""Q3289"":""A"",""Q3290"":""B"",""Q3291"":""D"",""Q3292"":""C"",""Q3293"":""B"",""Q3294"":""B"",""Q3295"":""B""}"
SUB1789016641876,2026-09-10T05:04:01.876Z,RIPOSPF0109,Routing Protocols: RIP & OSPF(Basics),Iqbal,iqbalmaqbool33@gmail.com,20,20,100,284,10,0,0,1,"{""Q3326"":""A"",""Q3327"":""D"",""Q3328"":""B"",""Q3329"":""D"",""Q3330"":""B"",""Q3331"":""C"",""Q3332"":""D"",""Q3333"":""B"",""Q3334"":""B"",""Q3335"":""A""}"
SUB1789016962980,2026-09-10T05:09:22.980Z,BD2808,Big data and analytics in law enforcement,Sareer Wani,sareerwani978@gmail.com,10.5,20,52.5,382,6,3,1,1,"{""Q3216"":""B"",""Q3217"":""B"",""Q3218"":""B"",""Q3219"":""A"",""Q3220"":""B"",""Q3222"":""A"",""Q3223"":""A"",""Q3224"":""A"",""Q3225"":""C""}"
SUB1789019138977,2026-09-10T05:45:38.977Z,TFAA02Full,FAA Full Length Test 1,Nishant Sharma,nishantsharma3281@gmail.com,44.75,120,37.29,6936,58,53,9,3,"{""Q3446"":""D"",""Q3447"":""B"",""Q3448"":""B"",""Q3449"":""C"",""Q3450"":""B"",""Q3451"":""C"",""Q3452"":""B"",""Q3454"":""A"",""Q3455"":""D"",""Q3456"":""C"",""Q3457"":""D"",""Q3458"":""A"",""Q3459"":""D"",""Q3460"":""B"",""Q3461"":""A"",""Q3463"":""B"",""Q3464"":""A"",""Q3465"":""D"",""Q3466"":""C"",""Q3467"":""A"",""Q3468"":""A"",""Q3469"":""B"",""Q3470"":""A"",""Q3471"":""C"",""Q3472"":""A"",""Q3473"":""B"",""Q3475"":""C"",""Q3476"":""A"",""Q3478"":""D"",""Q3479"":""B"",""Q3480"":""A"",""Q3481"":""B"",""Q3482"":""C"",""Q3483"":""C"",""Q3484"":""C"",""Q3485"":""B"",""Q3486"":""A"",""Q3487"":""B"",""Q3488"":""C"",""Q3489"":""A"",""Q3490"":""D"",""Q3491"":""B"",""Q3492"":""A"",""Q3493"":""B"",""Q3494"":""D"",""Q3495"":""D"",""Q3496"":""A"",""Q3497"":""A"",""Q3498"":""A"",""Q3499"":""C"",""Q3500"":""A"",""Q3502"":""A"",""Q3503"":""C"",""Q3505"":""C"",""Q3506"":""C"",""Q3507"":""B"",""Q3508"":""D"",""Q3509"":""B"",""Q3510"":""A"",""Q3511"":""C"",""Q3512"":""D"",""Q3513"":""B"",""Q3514"":""D"",""Q3515"":""A"",""Q3516"":""D"",""Q3517"":""D"",""Q3519"":""B"",""Q3520"":""C"",""Q3521"":""D"",""Q3522"":""C"",""Q3523"":""A"",""Q3524"":""B"",""Q3525"":""B"",""Q3526"":""C"",""Q3528"":""B"",""Q3529"":""C"",""Q3530"":""C"",""Q3531"":""B"",""Q3532"":""B"",""Q3533"":""D"",""Q3535"":""A"",""Q3536"":""C"",""Q3537"":""B"",""Q3538"":""C"",""Q3539"":""A"",""Q3540"":""A"",""Q3541"":""A"",""Q3542"":""C"",""Q3543"":""C"",""Q3544"":""D"",""Q3545"":""B"",""Q3546"":""B"",""Q3547"":""D"",""Q3548"":""B"",""Q3549"":""D"",""Q3550"":""C"",""Q3551"":""A"",""Q3552"":""C"",""Q3553"":""D"",""Q3554"":""B"",""Q3555"":""C"",""Q3556"":""C"",""Q3557"":""A"",""Q3558"":""B"",""Q3559"":""A"",""Q3560"":""D"",""Q3561"":""A"",""Q3562"":""C"",""Q3563"":""C"",""Q3564"":""D"",""Q3565"":""A""}"
SUB1789024529357,2026-09-10T07:15:29.357Z,ENG1SIT,General English Ultimate Test,Sanjay kumar,sanjaykumarskk.01@gmail.com,5,10,50,190,3,2,0,2,"{""Q2231"":""C"",""Q2232"":""C"",""Q2233"":""B"",""Q2234"":""D"",""Q2235"":""A""}"
SUB1789026539875,2026-09-10T07:48:59.875Z,OSSIT0909,"Operating System: Process, Memory & File System",Sahil Ashraf,wellwisher07779@gmail.com,7,20,35,370,4,2,4,4,"{""Q3666"":""A"",""Q3667"":""D"",""Q3670"":""D"",""Q3672"":""B"",""Q3674"":""C"",""Q3675"":""D""}"
SUB1789029405758,2026-09-10T08:36:45.758Z,IOT2SIT,"IoT, Embedded Systems Test 2",Bassam Majid,bhattibassam425@gmail.com,41,60,68.33,950,22,6,2,4,"{""Q1681"":""A"",""Q1682"":""A"",""Q1683"":""A"",""Q1684"":""A"",""Q1685"":""C"",""Q1686"":""A"",""Q1687"":""B"",""Q1688"":""A"",""Q1689"":""C"",""Q1690"":""A"",""Q1691"":""C"",""Q1692"":""A"",""Q1693"":""B"",""Q1694"":""C"",""Q1695"":""C"",""Q1696"":""B"",""Q1697"":""A"",""Q1698"":""A"",""Q1699"":""A"",""Q1700"":""C"",""Q1701"":""C"",""Q1702"":""C"",""Q1703"":""C"",""Q1705"":""A"",""Q1707"":""B"",""Q1708"":""A"",""Q1709"":""D"",""Q1710"":""B""}"
SUB1789037890368,2026-09-10T10:58:10.368Z,JKGK2SIT,UT Specific GK Test-2,Sahil Ashraf,wellwisher07779@gmail.com,41.5,60,69.17,1102,22,5,3,2,"{""Q542"":""D"",""Q543"":""A"",""Q544"":""A"",""Q545"":""C"",""Q546"":""D"",""Q547"":""D"",""Q548"":""A"",""Q549"":""D"",""Q550"":""A"",""Q551"":""B"",""Q552"":""D"",""Q553"":""A"",""Q554"":""C"",""Q555"":""A"",""Q556"":""D"",""Q557"":""C"",""Q558"":""A"",""Q559"":""B"",""Q560"":""C"",""Q561"":""D"",""Q562"":""D"",""Q563"":""A"",""Q564"":""D"",""Q566"":""D"",""Q568"":""C"",""Q694"":""D"",""Q695"":""A""}"
SUB1789039467575,2026-09-10T11:24:27.575Z,T001,JKPSI_Telecom_Unit1,Umer Nisar,loneumar166@gmail.com,133.5,198,67.42,1667,72,21,6,3,"{""Q003"":""A"",""Q004"":""B"",""Q005"":""C"",""Q006"":""A"",""Q007"":""A"",""Q008"":""B"",""Q009"":""C"",""Q010"":""C"",""Q011"":""B"",""Q012"":""B"",""Q013"":""C"",""Q014"":""B"",""Q015"":""B"",""Q016"":""B"",""Q017"":""B"",""Q018"":""A"",""Q019"":""B"",""Q020"":""B"",""Q022"":""A"",""Q023"":""B"",""Q024"":""B"",""Q025"":""A"",""Q026"":""C"",""Q027"":""B"",""Q028"":""B"",""Q029"":""C"",""Q031"":""C"",""Q032"":""D"",""Q033"":""C"",""Q034"":""A"",""Q035"":""B"",""Q036"":""B"",""Q037"":""A"",""Q038"":""B"",""Q039"":""C"",""Q040"":""D"",""Q041"":""B"",""Q043"":""C"",""Q044"":""B"",""Q046"":""C"",""Q047"":""B"",""Q048"":""B"",""Q049"":""B"",""Q050"":""B"",""Q052"":""C"",""Q053"":""C"",""Q054"":""B"",""Q055"":""B"",""Q056"":""B"",""Q057"":""A"",""Q058"":""B"",""Q059"":""D"",""Q060"":""B"",""Q061"":""C"",""Q062"":""B"",""Q063"":""C"",""Q064"":""D"",""Q065"":""C"",""Q066"":""C"",""Q067"":""C"",""Q068"":""C"",""Q069"":""C"",""Q070"":""D"",""Q071"":""A"",""Q072"":""B"",""Q073"":""C"",""Q074"":""A"",""Q075"":""B"",""Q076"":""C"",""Q077"":""B"",""Q078"":""B"",""Q079"":""B"",""Q080"":""B"",""Q081"":""B"",""Q082"":""A"",""Q083"":""B"",""Q084"":""B"",""Q085"":""A"",""Q086"":""B"",""Q087"":""C"",""Q088"":""A"",""Q089"":""C"",""Q090"":""B"",""Q091"":""B"",""Q093"":""B"",""Q094"":""B"",""Q095"":""B"",""Q096"":""C"",""Q097"":""B"",""Q098"":""B"",""Q099"":""B"",""Q100"":""B"",""Q101"":""D""}"
SUB1789044183893,2026-09-10T12:43:03.893Z,IPSC0109,"IP Addressing, Subnetting and CIDR",Iqbal,iqbalmaqbool33@gmail.com,10.5,20,52.5,630,6,3,1,1,"{""Q3296"":""B"",""Q3297"":""B"",""Q3298"":""A"",""Q3299"":""A"",""Q3300"":""C"",""Q3302"":""A"",""Q3303"":""A"",""Q3304"":""B"",""Q3305"":""A""}"
SUB1789066748602,2026-09-10T18:59:08.602Z,GS1SIT,GK & CA Test-1,Akash Raina,rainaakash1811@gmail.com,3,60,5,1600,3,6,21,2,"{""Q442"":""C"",""Q443"":""D"",""Q446"":""D"",""Q447"":""C"",""Q448"":""C"",""Q449"":""A"",""Q450"":""A"",""Q452"":""D"",""Q453"":""D""}"
SUB1789092973046,2026-09-11T02:16:13.046Z,T003A,Computer,Suresh kumar,sure_shan12385@yahoo.com,1.75,10,17.5,792,3,5,2,27,"{""Q252"":""D"",""Q254"":""C"",""Q255"":""C"",""Q256"":""C"",""Q257"":""A"",""Q258"":""A"",""Q260"":""C"",""Q261"":""D""}"
SUB1789092989963,2026-09-11T02:16:29.963Z,T003A,Computer,Suresh kumar,sure_shan12385@yahoo.com,1.75,10,17.5,792,3,5,2,28,"{""Q252"":""D"",""Q254"":""C"",""Q255"":""C"",""Q256"":""C"",""Q257"":""A"",""Q258"":""A"",""Q260"":""C"",""Q261"":""D""}"
SUB1789104577199,2026-09-11T05:29:37.199Z,JKPSI1608,JKPsi Telecom Full Length Test 2,Umar Rashid,umir0721@gmail.com,142.5,200,71.25,3870,76,19,5,1,"{""Q2986"":""B"",""Q2987"":""A"",""Q2988"":""B"",""Q2989"":""B"",""Q2990"":""C"",""Q2991"":""D"",""Q2992"":""A"",""Q2993"":""D"",""Q2994"":""D"",""Q2996"":""A"",""Q2997"":""B"",""Q2999"":""B"",""Q3000"":""A"",""Q3001"":""C"",""Q3002"":""B"",""Q3003"":""C"",""Q3004"":""A"",""Q3005"":""A"",""Q3006"":""A"",""Q3007"":""A"",""Q3009"":""D"",""Q3010"":""D"",""Q3011"":""B"",""Q3012"":""C"",""Q3015"":""B"",""Q3016"":""A"",""Q3018"":""B"",""Q3019"":""A"",""Q3020"":""A"",""Q3021"":""A"",""Q3022"":""D"",""Q3023"":""B"",""Q3024"":""A"",""Q3025"":""A"",""Q3026"":""A"",""Q3027"":""C"",""Q3028"":""A"",""Q3029"":""C"",""Q3030"":""C"",""Q3031"":""B"",""Q3033"":""C"",""Q3034"":""B"",""Q3035"":""A"",""Q3036"":""C"",""Q3037"":""B"",""Q3038"":""D"",""Q3039"":""A"",""Q3040"":""C"",""Q3041"":""B"",""Q3042"":""C"",""Q3043"":""A"",""Q3044"":""C"",""Q3045"":""A"",""Q3046"":""C"",""Q3047"":""D"",""Q3048"":""C"",""Q3049"":""B"",""Q3050"":""A"",""Q3051"":""B"",""Q3052"":""C"",""Q3053"":""A"",""Q3054"":""A"",""Q3055"":""B"",""Q3056"":""D"",""Q3059"":""A"",""Q3060"":""D"",""Q3061"":""A"",""Q3062"":""A"",""Q3063"":""C"",""Q3064"":""A"",""Q3065"":""D"",""Q3066"":""A"",""Q3067"":""C"",""Q3068"":""A"",""Q3069"":""A"",""Q3070"":""D"",""Q3072"":""A"",""Q3071"":""D"",""Q3073"":""A"",""Q3074"":""D"",""Q3075"":""D"",""Q3076"":""A"",""Q3077"":""C"",""Q3078"":""A"",""Q3079"":""B"",""Q3080"":""D"",""Q3081"":""A"",""Q3082"":""D"",""Q3083"":""A"",""Q3084"":""D"",""Q3085"":""C"",""Q3008"":""C"",""Q2995"":""C"",""Q2998"":""A"",""Q3032"":""C""}"
SUB1789105514885,2026-09-11T05:45:14.885Z,PFSIT0509,"Programming Fundamentals: Logic Building, Data Types, Loops, Functions",Murtaza,murtazaaziz519@gmail.com,18,20,90,221,9,0,1,1,"{""Q3406"":""C"",""Q3408"":""B"",""Q3409"":""D"",""Q3410"":""B"",""Q3411"":""A"",""Q3412"":""D"",""Q3413"":""C"",""Q3414"":""B"",""Q3415"":""D""}"
SUB1789105789368,2026-09-11T05:49:49.368Z,RIPOSPF0109,Routing Protocols: RIP & OSPF(Basics),Murtaza,murtazaaziz519@gmail.com,17.5,20,87.5,188,9,1,0,2,"{""Q3326"":""A"",""Q3327"":""D"",""Q3328"":""B"",""Q3329"":""A"",""Q3330"":""B"",""Q3331"":""C"",""Q3332"":""D"",""Q3333"":""B"",""Q3334"":""B"",""Q3335"":""A""}"
SUB1789106058258,2026-09-11T05:54:18.258Z,STSIT0209,Switching Techniques,Iqbal,iqbalmaqbool33@gmail.com,17.5,20,87.5,412,9,1,0,1,"{""Q3347"":""C"",""Q3349"":""C"",""Q3350"":""A"",""Q3351"":""C"",""Q3353"":""C"",""Q3354"":""A"",""Q3346"":""B"",""Q3348"":""B"",""Q3352"":""A"",""Q3355"":""A""}"
SUB1789107305353,2026-09-11T06:15:05.353Z,NSFIDS1009,"Network Security - Firewalls, IDS/IPS",Khalid iqbal,khalidiqbal26@gmail.com,6.5,20,32.5,496,4,3,3,3,"{""Q3686"":""D"",""Q3687"":""D"",""Q3688"":""B"",""Q3689"":""C"",""Q3690"":""C"",""Q3691"":""C"",""Q3692"":""C""}"
SUB1789121729915,2026-09-11T10:15:29.915Z,NDHRS0509,"Network Devices: Hub, Router, Switch",Iqbal,iqbalmaqbool33@gmail.com,8,20,40,264,5,4,1,3,"{""Q3386"":""B"",""Q3387"":""D"",""Q3388"":""A"",""Q3389"":""C"",""Q3390"":""A"",""Q3391"":""A"",""Q3392"":""D"",""Q3393"":""B"",""Q3395"":""B""}"
SUB1789123565377,2026-09-11T10:46:05.377Z,WifiBN0509,"Wireless Standards: Wifi(802.11 Family) Bluetooth, NFC",Priya Sharma,priyasharmajk123@gmail.com,10.5,20,52.5,216,6,3,1,2,"{""Q3396"":""B"",""Q3397"":""A"",""Q3398"":""B"",""Q3399"":""A"",""Q3400"":""C"",""Q3402"":""D"",""Q3403"":""B"",""Q3404"":""C"",""Q3405"":""A""}"
SUB1789131362286,2026-09-11T12:56:02.286Z,Prep0909Faa,Use of Preposition,Nishant Sharma,nishantsharma3281@gmail.com,1.25,10,12.5,441,3,7,0,2,"{""Q3607"":""B"",""Q3608"":""B"",""Q3609"":""A"",""Q3610"":""A"",""Q3611"":""C"",""Q3613"":""A"",""Q3614"":""C"",""Q3615"":""C"",""Q3612"":""C"",""Q3606"":""B""}"
SUB1789132118186,2026-09-11T13:08:38.186Z,T003A,Computer,Faizana Mushtaq,faizanabhatt@gmail.com,1.25,10,12.5,180,3,7,0,30,"{""Q252"":""A"",""Q253"":""A"",""Q254"":""C"",""Q255"":""A"",""Q256"":""B"",""Q257"":""B"",""Q258"":""C"",""Q259"":""D"",""Q260"":""A"",""Q261"":""A""}"
SUB1789132640923,2026-09-11T13:17:20.923Z,PSMC0609,"Primary and secondary data.
Methods of collecting Primary and Secondary Data
Preparation of questionaires",Faizana Mushtaq,faizanabhatt@gmail.com,7.5,10,75,235,8,2,0,2,"{""Q3436"":""B"",""Q3437"":""A"",""Q3438"":""A"",""Q3439"":""C"",""Q3440"":""D"",""Q3441"":""D"",""Q3442"":""A"",""Q3443"":""C"",""Q3444"":""B"",""Q3445"":""A""}"
SUB1789140688615,2026-09-11T15:31:28.615Z,JKR1408SIT,J&K Reorganisation Act,Sourav Sharma,sharmasourav3636@gmail.com,12.5,20,62.5,116,7,3,0,7,"{""Q2766"":""A"",""Q2767"":""A"",""Q2768"":""B"",""Q2769"":""C"",""Q2770"":""A"",""Q2771"":""D"",""Q2772"":""C"",""Q2773"":""C"",""Q2774"":""C"",""Q2775"":""A""}"
SUB1789146003627,2026-09-11T17:00:03.627Z,T001,JKPSI_Telecom_Unit1,Khalid iqbal,khalidiqbal26@gmail.com,23,198,11.62,384,12,2,85,37,"{""Q003"":""A"",""Q004"":""B"",""Q005"":""B"",""Q008"":""B"",""Q009"":""C"",""Q011"":""B"",""Q012"":""B"",""Q013"":""C"",""Q014"":""B"",""Q015"":""B"",""Q017"":""B"",""Q018"":""B"",""Q019"":""B"",""Q020"":""A""}"
SUB1789151734344,2026-09-11T18:35:34.344Z,T001C,JKPSI Telecom T001C,Khalid iqbal,khalidiqbal26@gmail.com,26.5,40,66.25,416,14,3,3,16,"{""Q232"":""B"",""Q233"":""A"",""Q234"":""C"",""Q235"":""C"",""Q236"":""A"",""Q237"":""B"",""Q239"":""B"",""Q240"":""A"",""Q241"":""B"",""Q242"":""A"",""Q243"":""B"",""Q244"":""A"",""Q245"":""A"",""Q246"":""B"",""Q249"":""A"",""Q250"":""B"",""Q251"":""B""}"
SUB1789151778792,2026-09-11T18:36:18.792Z,T001C,JKPSI Telecom T001C,Khalid iqbal,khalidiqbal26@gmail.com,26.5,40,66.25,416,14,3,3,17,"{""Q232"":""B"",""Q233"":""A"",""Q234"":""C"",""Q235"":""C"",""Q236"":""A"",""Q237"":""B"",""Q239"":""B"",""Q240"":""A"",""Q241"":""B"",""Q242"":""A"",""Q243"":""B"",""Q244"":""A"",""Q245"":""A"",""Q246"":""B"",""Q249"":""A"",""Q250"":""B"",""Q251"":""B""}"
SUB1789152069487,2026-09-11T18:41:09.487Z,LGBA1009,Logic gates & Boolean Algebra,Khalid iqbal,khalidiqbal26@gmail.com,2,20,10,157,1,0,9,4,"{""Q3697"":""C""}"
SUB1789181851580,2026-09-12T02:57:31.580Z,Prep0909Faa,Use of Preposition,Sarhil,karmabad961@gmail.com,7.5,10,75,216,8,2,0,1,"{""Q3606"":""A"",""Q3607"":""B"",""Q3608"":""D"",""Q3609"":""D"",""Q3610"":""A"",""Q3611"":""C"",""Q3612"":""C"",""Q3613"":""D"",""Q3614"":""A"",""Q3615"":""D""}"
SUB1789182448540,2026-09-12T03:07:28.540Z,VITFAA0909,"Vital Statistics- Measures of fertility, Crude fertility rates, specific fertility
rates, gross and net reproduction rates., Measures of Mortality",Sarhil,karmabad961@gmail.com,6.5,10,65,231,7,2,1,1,"{""Q3596"":""C"",""Q3597"":""A"",""Q3598"":""D"",""Q3599"":""B"",""Q3600"":""A"",""Q3601"":""B"",""Q3602"":""D"",""Q3604"":""D"",""Q3605"":""B""}"
SUB1789183819377,2026-09-12T03:30:19.377Z,EMN2G0509,Evolution Of Mobile Networks: 2G to 5g,Sareer Wani,sareerwani978@gmail.com,3,20,15,375,3,6,1,6,"{""Q3376"":""B"",""Q3377"":""A"",""Q3378"":""D"",""Q3379"":""B"",""Q3380"":""B"",""Q3382"":""D"",""Q3383"":""C"",""Q3384"":""D"",""Q3385"":""D""}"
SUB1789197145697,2026-09-12T07:12:25.697Z,MP1SIT,Microprocessors Test 1,Sourav Sharma,sharmasourav3636@gmail.com,38,40,95,306,19,0,1,2,"{""Q2201"":""B"",""Q2202"":""B"",""Q2203"":""C"",""Q2204"":""C"",""Q2205"":""C"",""Q2206"":""B"",""Q2207"":""A"",""Q2208"":""B"",""Q2209"":""B"",""Q2210"":""A"",""Q2211"":""C"",""Q2212"":""B"",""Q2213"":""B"",""Q2214"":""B"",""Q2215"":""C"",""Q2216"":""A"",""Q2217"":""C"",""Q2218"":""B"",""Q2220"":""B""}"
SUB1789197801067,2026-09-12T07:23:21.067Z,WifiBN0509,"Wireless Standards: Wifi(802.11 Family) Bluetooth, NFC",Iqbal,iqbalmaqbool33@gmail.com,15.5,20,77.5,331,8,1,1,1,"{""Q3396"":""B"",""Q3397"":""C"",""Q3398"":""B"",""Q3399"":""A"",""Q3400"":""D"",""Q3401"":""A"",""Q3403"":""B"",""Q3404"":""B"",""Q3405"":""C""}"
SUB1789237099797,2026-09-12T18:18:19.797Z,OSSIT0909,"Operating System: Process, Memory & File System",Waqar,waqarmaqbool9143@gmail.com,-5,20,-25,398,0,10,0,9,"{""Q3666"":""A"",""Q3667"":""D"",""Q3668"":""B"",""Q3669"":""B"",""Q3670"":""A"",""Q3671"":""D"",""Q3672"":""A"",""Q3673"":""D"",""Q3674"":""D"",""Q3675"":""A""}"
SUB1789237598295,2026-09-12T18:26:38.295Z,EDSIT1108,Electronic Devices Test 1,Akash Raina,rainaakash1811@gmail.com,6.5,20,32.5,600,4,3,3,2,"{""Q2638"":""B"",""Q2639"":""C"",""Q2640"":""D"",""Q2641"":""B"",""Q2642"":""B"",""Q2643"":""C"",""Q2644"":""C""}"
SUB1789273050171,2026-09-13T04:17:30.171Z,EDSIT1108,Electronic Devices Test 1,Waqar,waqarmaqbool9143@gmail.com,0.5,20,2.5,349,2,7,1,5,"{""Q2636"":""A"",""Q2637"":""D"",""Q2638"":""B"",""Q2639"":""A"",""Q2640"":""D"",""Q2641"":""D"",""Q2642"":""C"",""Q2643"":""D"",""Q2645"":""A""}"
SUB1789273793760,2026-09-13T04:29:53.760Z,CSUltimate1,Cyber Security & Legal Framework Ultimate Final Test,Valar Dohaeris,danyalbhat000@gmail.com,2.5,10,25,143,2,3,0,4,"{""Q2221"":""A"",""Q2222"":""A"",""Q2223"":""C"",""Q2224"":""D"",""Q2225"":""D""}"
SUB1789273876549,2026-09-13T04:31:16.549Z,CSUltimate1,Cyber Security & Legal Framework Ultimate Final Test,Valar Dohaeris,danyalbhat000@gmail.com,2.5,10,25,143,2,3,0,5,"{""Q2221"":""A"",""Q2222"":""A"",""Q2223"":""C"",""Q2224"":""D"",""Q2225"":""D""}"
SUB1789277530920,2026-09-13T05:32:10.920Z,CSNS1SIT,CS & Networking Systems Test 1,Valar Dohaeris,danyalbhat000@gmail.com,37,60,61.67,1033,20,6,4,4,"{""Q1291"":""B"",""Q1293"":""B"",""Q1294"":""D"",""Q1295"":""D"",""Q1296"":""C"",""Q1297"":""B"",""Q1298"":""C"",""Q1299"":""B"",""Q1300"":""B"",""Q1301"":""B"",""Q1303"":""A"",""Q1304"":""B"",""Q1305"":""B"",""Q1306"":""B"",""Q1307"":""C"",""Q1308"":""C"",""Q1309"":""A"",""Q1310"":""D"",""Q1311"":""D"",""Q1312"":""A"",""Q1313"":""B"",""Q1314"":""B"",""Q1316"":""A"",""Q1317"":""D"",""Q1318"":""C"",""Q1319"":""D""}"
SUB1789282929516,2026-09-13T07:02:09.516Z,EDSIT1108,Electronic Devices Test 1,vishal bhat,vishalbhat44@gmail.com,0,20,0,583,2,8,0,6,"{""Q2637"":""C"",""Q2638"":""A"",""Q2639"":""B"",""Q2640"":""A"",""Q2641"":""B"",""Q2642"":""B"",""Q2643"":""C"",""Q2644"":""A"",""Q2645"":""D"",""Q2636"":""C""}"
SUB1789283360234,2026-09-13T07:09:20.234Z,LGBA1009,Logic gates & Boolean Algebra,samit showkat dar,samitshowkat@gmail.com,7,20,35,596,4,2,4,3,"{""Q3697"":""C"",""Q3698"":""A"",""Q3699"":""D"",""Q3700"":""C"",""Q3702"":""A"",""Q3696"":""A""}"
SUB1789283654256,2026-09-13T07:14:14.256Z,ED1SITFree,Electronic Devices,vishal bhat,vishalbhat44@gmail.com,8,20,40,600,4,0,6,10,"{""Q2173"":""A"",""Q2174"":""B"",""Q2176"":""A"",""Q2177"":""B""}"
SUB1789284159004,2026-09-13T07:22:39.004Z,LGBA1009,Logic gates & Boolean Algebra,samit showkat dar,samitshowkat@gmail.com,14,20,70,47,7,0,3,1,"{""Q3696"":""D"",""Q3697"":""C"",""Q3698"":""A"",""Q3699"":""D"",""Q3700"":""D"",""Q3702"":""A"",""Q3703"":""C""}"
SUB1789285160338,2026-09-13T07:39:20.338Z,ACSIT0808,Analog Circuit Test 1,vishal bhat,vishalbhat44@gmail.com,9.5,20,47.5,600,5,1,4,4,"{""Q2576"":""B"",""Q2578"":""A"",""Q2579"":""B"",""Q2581"":""B"",""Q2582"":""A"",""Q2583"":""B""}"
SUB1789285170118,2026-09-13T07:39:30.118Z,EDSIT1108,Electronic Devices Test 1,Akash Raina,rainaakash1811@gmail.com,20,20,100,222,10,0,0,1,"{""Q2636"":""A"",""Q2637"":""A"",""Q2638"":""B"",""Q2639"":""C"",""Q2640"":""C"",""Q2641"":""A"",""Q2642"":""B"",""Q2643"":""C"",""Q2644"":""D"",""Q2645"":""C""}"
SUB1789285883471,2026-09-13T07:51:23.471Z,ACSIT0808,Analog Circuit Test 1,Akash Raina,rainaakash1811@gmail.com,10.5,20,52.5,600,6,3,1,2,"{""Q2578"":""A"",""Q2579"":""B"",""Q2580"":""A"",""Q2581"":""B"",""Q2582"":""A"",""Q2583"":""A"",""Q2584"":""B"",""Q2585"":""B"",""Q2576"":""B""}"
SUB1789287421148,2026-09-13T08:17:01.148Z,NT3007,Network Theory Test 1,vishal bhat,vishalbhat44@gmail.com,22.5,40,56.25,1500,12,3,5,3,"{""Q2351"":""B"",""Q2352"":""B"",""Q2353"":""A"",""Q2355"":""D"",""Q2357"":""A"",""Q2358"":""B"",""Q2360"":""B"",""Q2361"":""D"",""Q2362"":""D"",""Q2364"":""A"",""Q2365"":""B"",""Q2366"":""D"",""Q2369"":""C"",""Q2370"":""B"",""Q2367"":""A""}"
SUB1789288111702,2026-09-13T08:28:31.702Z,NT3007,Network Theory Test 1,Akash Raina,rainaakash1811@gmail.com,16.5,40,41.25,1500,9,3,8,4,"{""Q2351"":""C"",""Q2352"":""B"",""Q2355"":""D"",""Q2356"":""D"",""Q2357"":""A"",""Q2361"":""A"",""Q2362"":""B"",""Q2364"":""A"",""Q2366"":""D"",""Q2368"":""B"",""Q2369"":""C"",""Q2370"":""C""}"
SUB1789292144896,2026-09-13T09:35:44.896Z,CSNS2SIT,CS & Networking Systems Test 2,Danyal Bhat,danyalbhat000@gmail.com,10,60,16.67,1410,9,16,5,2,"{""Q1323"":""B"",""Q1324"":""A"",""Q1325"":""A"",""Q1326"":""A"",""Q1327"":""B"",""Q1328"":""B"",""Q1329"":""A"",""Q1330"":""D"",""Q1331"":""C"",""Q1332"":""B"",""Q1334"":""D"",""Q1335"":""A"",""Q1337"":""D"",""Q1338"":""B"",""Q1339"":""A"",""Q1340"":""A"",""Q1341"":""C"",""Q1344"":""A"",""Q1345"":""C"",""Q1346"":""A"",""Q1347"":""A"",""Q1348"":""C"",""Q1349"":""D"",""Q1350"":""C"",""Q1413"":""D""}"
SUB1789292191650,2026-09-13T09:36:31.650Z,CSNS2SIT,CS & Networking Systems Test 2,Danyal Bhat,danyalbhat000@gmail.com,10,60,16.67,1410,9,16,5,3,"{""Q1323"":""B"",""Q1324"":""A"",""Q1325"":""A"",""Q1326"":""A"",""Q1327"":""B"",""Q1328"":""B"",""Q1329"":""A"",""Q1330"":""D"",""Q1331"":""C"",""Q1332"":""B"",""Q1334"":""D"",""Q1335"":""A"",""Q1337"":""D"",""Q1338"":""B"",""Q1339"":""A"",""Q1340"":""A"",""Q1341"":""C"",""Q1344"":""A"",""Q1345"":""C"",""Q1346"":""A"",""Q1347"":""A"",""Q1348"":""C"",""Q1349"":""D"",""Q1350"":""C"",""Q1413"":""D""}"
SUB1789297910742,2026-09-13T11:11:50.742Z,CSNS3SIT,CS & Networking Systems Test 3,Danyal Bhat,danyalbhat000@gmail.com,25.5,60,42.5,1456,15,9,6,4,"{""Q1351"":""D"",""Q1354"":""D"",""Q1355"":""C"",""Q1356"":""B"",""Q1357"":""A"",""Q1358"":""C"",""Q1359"":""C"",""Q1360"":""B"",""Q1361"":""C"",""Q1364"":""A"",""Q1365"":""C"",""Q1366"":""B"",""Q1367"":""C"",""Q1368"":""B"",""Q1369"":""D"",""Q1370"":""C"",""Q1371"":""B"",""Q1372"":""C"",""Q1373"":""C"",""Q1374"":""D"",""Q1376"":""A"",""Q1377"":""A"",""Q1378"":""A"",""Q1379"":""B""}"
SUB1789319860636,2026-09-13T17:17:40.636Z,T001,JKPSI_Telecom_Unit1,Kafayat Ahmad,kafayatshafi@gmail.com,130.5,198,65.91,1578,72,27,0,4,"{""Q003"":""C"",""Q004"":""B"",""Q005"":""D"",""Q006"":""A"",""Q007"":""A"",""Q008"":""A"",""Q009"":""D"",""Q010"":""B"",""Q011"":""B"",""Q012"":""C"",""Q013"":""C"",""Q014"":""B"",""Q015"":""B"",""Q016"":""D"",""Q017"":""B"",""Q018"":""A"",""Q019"":""B"",""Q020"":""B"",""Q021"":""B"",""Q022"":""A"",""Q023"":""B"",""Q024"":""B"",""Q025"":""A"",""Q026"":""D"",""Q027"":""D"",""Q028"":""B"",""Q029"":""C"",""Q030"":""B"",""Q031"":""B"",""Q032"":""B"",""Q033"":""A"",""Q034"":""A"",""Q035"":""B"",""Q036"":""B"",""Q037"":""C"",""Q038"":""B"",""Q039"":""C"",""Q040"":""B"",""Q041"":""D"",""Q042"":""A"",""Q043"":""B"",""Q044"":""A"",""Q045"":""A"",""Q046"":""C"",""Q047"":""C"",""Q048"":""C"",""Q049"":""B"",""Q050"":""B"",""Q051"":""A"",""Q052"":""C"",""Q053"":""B"",""Q054"":""B"",""Q055"":""B"",""Q056"":""B"",""Q057"":""A"",""Q058"":""B"",""Q059"":""A"",""Q060"":""C"",""Q061"":""B"",""Q062"":""B"",""Q063"":""C"",""Q064"":""B"",""Q065"":""D"",""Q066"":""C"",""Q067"":""B"",""Q068"":""C"",""Q069"":""C"",""Q070"":""A"",""Q071"":""C"",""Q072"":""C"",""Q073"":""C"",""Q074"":""A"",""Q075"":""B"",""Q076"":""C"",""Q077"":""B"",""Q078"":""B"",""Q079"":""B"",""Q080"":""B"",""Q081"":""B"",""Q082"":""A"",""Q083"":""B"",""Q084"":""B"",""Q085"":""A"",""Q086"":""B"",""Q087"":""C"",""Q088"":""A"",""Q089"":""C"",""Q090"":""A"",""Q091"":""B"",""Q092"":""A"",""Q093"":""B"",""Q094"":""B"",""Q095"":""B"",""Q096"":""C"",""Q097"":""B"",""Q098"":""B"",""Q099"":""B"",""Q100"":""B"",""Q101"":""B""}"
SUB1789323518909,2026-09-13T18:18:38.909Z,GIR3SIT,GI & Reasoning Test 3,Akash Raina,rainaakash1811@gmail.com,44,60,73.33,1892,23,4,3,3,"{""Q758"":""C"",""Q759"":""D"",""Q760"":""D"",""Q761"":""A"",""Q762"":""C"",""Q763"":""B"",""Q764"":""B"",""Q765"":""B"",""Q766"":""A"",""Q767"":""A"",""Q768"":""A"",""Q769"":""A"",""Q770"":""B"",""Q771"":""B"",""Q772"":""C"",""Q773"":""A"",""Q774"":""A"",""Q775"":""D"",""Q776"":""D"",""Q777"":""A"",""Q778"":""C"",""Q779"":""C"",""Q780"":""D"",""Q784"":""B"",""Q785"":""A"",""Q786"":""D"",""Q787"":""A""}"
SUB1789324511620,2026-09-13T18:35:11.620Z,GECS3SIT,General English Test-3,vishal bhat,vishalbhat44@gmail.com,46,60,76.67,1067,24,4,2,1,"{""Q654"":""A"",""Q655"":""A"",""Q656"":""A"",""Q657"":""D"",""Q658"":""A"",""Q660"":""A"",""Q661"":""A"",""Q662"":""B"",""Q663"":""D"",""Q664"":""D"",""Q665"":""A"",""Q666"":""B"",""Q667"":""A"",""Q668"":""D"",""Q669"":""B"",""Q670"":""A"",""Q671"":""A"",""Q672"":""D"",""Q673"":""B"",""Q675"":""A"",""Q677"":""A"",""Q678"":""D"",""Q679"":""B"",""Q680"":""B"",""Q681"":""B"",""Q690"":""A"",""Q692"":""A"",""Q659"":""D""}"
SUB1789326324313,2026-09-13T19:05:24.313Z,GECS3SIT,General English Test-3,Akash Raina,rainaakash1811@gmail.com,36,60,60,1377,20,8,2,2,"{""Q655"":""A"",""Q656"":""B"",""Q657"":""B"",""Q658"":""C"",""Q659"":""D"",""Q660"":""B"",""Q661"":""A"",""Q662"":""B"",""Q663"":""D"",""Q664"":""D"",""Q665"":""A"",""Q666"":""C"",""Q667"":""A"",""Q668"":""D"",""Q669"":""B"",""Q670"":""A"",""Q671"":""A"",""Q672"":""C"",""Q673"":""D"",""Q675"":""A"",""Q676"":""B"",""Q677"":""A"",""Q678"":""B"",""Q679"":""B"",""Q680"":""B"",""Q681"":""B"",""Q690"":""C"",""Q692"":""A""}"
SUB1789326743846,2026-09-13T19:12:23.846Z,GIR3SIT,GI & Reasoning Test 3,vishal bhat,vishalbhat44@gmail.com,50,60,83.33,2095,26,4,0,1,"{""Q758"":""B"",""Q759"":""C"",""Q760"":""D"",""Q761"":""A"",""Q762"":""C"",""Q763"":""A"",""Q764"":""B"",""Q765"":""B"",""Q766"":""A"",""Q767"":""A"",""Q768"":""A"",""Q769"":""A"",""Q770"":""B"",""Q771"":""B"",""Q772"":""B"",""Q773"":""A"",""Q774"":""D"",""Q775"":""D"",""Q776"":""B"",""Q777"":""A"",""Q778"":""C"",""Q779"":""C"",""Q780"":""D"",""Q781"":""A"",""Q782"":""B"",""Q784"":""B"",""Q785"":""C"",""Q786"":""D"",""Q787"":""C"",""Q783"":""C""}"
SUB1789327876156,2026-09-13T19:31:16.156Z,JKGK2SIT,UT Specific GK Test-2,vishal bhat,vishalbhat44@gmail.com,42.5,60,70.83,699,23,7,0,1,"{""Q542"":""D"",""Q543"":""B"",""Q544"":""A"",""Q545"":""D"",""Q546"":""D"",""Q547"":""D"",""Q548"":""A"",""Q549"":""D"",""Q550"":""A"",""Q551"":""B"",""Q552"":""D"",""Q553"":""A"",""Q554"":""A"",""Q555"":""A"",""Q556"":""D"",""Q557"":""C"",""Q558"":""A"",""Q559"":""B"",""Q560"":""D"",""Q561"":""D"",""Q562"":""D"",""Q563"":""A"",""Q564"":""A"",""Q565"":""A"",""Q566"":""A"",""Q567"":""C"",""Q568"":""C"",""Q569"":""A"",""Q694"":""B"",""Q695"":""D""}"
SUB1789354808157,2026-09-14T03:00:08.158Z,HJK1308SIT,History Of J&K,Sohail gull,sohailkakroo@gmail.com,24.5,40,61.25,437,13,3,4,5,"{""Q2706"":""C"",""Q2708"":""C"",""Q2709"":""B"",""Q2710"":""C"",""Q2712"":""A"",""Q2713"":""B"",""Q2714"":""A"",""Q2715"":""C"",""Q2717"":""C"",""Q2718"":""C"",""Q2719"":""B"",""Q2720"":""C"",""Q2722"":""C"",""Q2723"":""B"",""Q2724"":""C"",""Q2725"":""C""}"
SUB1789357953329,2026-09-14T03:52:33.329Z,CTRPM1009,"Cyber Threat - Ransomeware, Phishing, Malware",Engineer-28,sa496625@gmail.com,12.5,20,62.5,541,7,3,0,10,"{""Q3676"":""B"",""Q3677"":""A"",""Q3678"":""B"",""Q3679"":""B"",""Q3680"":""C"",""Q3681"":""C"",""Q3682"":""B"",""Q3683"":""D"",""Q3684"":""B"",""Q3685"":""A""}"
SUB1789360635428,2026-09-14T04:37:15.428Z,ITG1SIT,IT Systems & e-Governance Test 1,Danyal Bhat,danyalbhat000@gmail.com,26,60,43.33,1310,16,12,2,9,"{""Q1472"":""B"",""Q1473"":""A"",""Q1475"":""A"",""Q1476"":""A"",""Q1477"":""C"",""Q1478"":""C"",""Q1479"":""B"",""Q1480"":""D"",""Q1481"":""B"",""Q1482"":""B"",""Q1483"":""B"",""Q1484"":""C"",""Q1485"":""B"",""Q1486"":""A"",""Q1487"":""C"",""Q1488"":""C"",""Q1489"":""D"",""Q1490"":""C"",""Q1493"":""B"",""Q1494"":""D"",""Q1495"":""A"",""Q1496"":""D"",""Q1497"":""C"",""Q1498"":""C"",""Q1499"":""C"",""Q1500"":""B"",""Q1492"":""A"",""Q1491"":""A""}"
SUB1789365875820,2026-09-14T06:04:35.820Z,MP1SIT,Microprocessors Test 1,Engineer-28,sa496625@gmail.com,36,40,90,264,18,0,2,3,"{""Q2201"":""B"",""Q2202"":""B"",""Q2203"":""C"",""Q2204"":""C"",""Q2205"":""C"",""Q2206"":""B"",""Q2207"":""A"",""Q2208"":""B"",""Q2209"":""B"",""Q2210"":""A"",""Q2211"":""C"",""Q2212"":""B"",""Q2213"":""B"",""Q2214"":""B"",""Q2215"":""C"",""Q2216"":""A"",""Q2217"":""C"",""Q2218"":""B""}"
SUB1789366214889,2026-09-14T06:10:14.889Z,DBMSUTSIT,DBMS Ultimate Test,Kay4M,alikamran0103@gmail.com,7.5,10,75,165,4,1,0,2,"{""Q2571"":""C"",""Q2572"":""B"",""Q2573"":""B"",""Q2574"":""C"",""Q2575"":""B""}"
SUB1789366970942,2026-09-14T06:22:50.943Z,T001B,JKPSI_Telecom_T001B,Zubair,zubairhassanmeh@gmail.com,30.5,40,76.25,984,16,3,1,7,"{""Q212"":""D"",""Q214"":""A"",""Q215"":""C"",""Q216"":""C"",""Q217"":""D"",""Q218"":""A"",""Q219"":""D"",""Q220"":""D"",""Q221"":""C"",""Q222"":""B"",""Q224"":""B"",""Q225"":""C"",""Q227"":""A"",""Q228"":""B"",""Q229"":""C"",""Q230"":""A"",""Q231"":""B"",""Q213"":""D"",""Q223"":""A""}"
SUB1789367778905,2026-09-14T06:36:18.905Z,NSCDE0909,Number System & Conversions,Abishek Choudhary,abishekchoudharyak@gmail.com,5.5,20,27.5,600,3,1,6,3,"{""Q3646"":""C"",""Q3648"":""D"",""Q3649"":""A"",""Q3647"":""D""}"
SUB1789370767388,2026-09-14T07:26:07.388Z,DBMS41209,DBMS Test 4,Kay4M,alikamran0103@gmail.com,33,60,55,1691,17,2,11,1,"{""Q3756"":""A"",""Q3757"":""D"",""Q3758"":""B"",""Q3759"":""C"",""Q3761"":""A"",""Q3762"":""C"",""Q3763"":""C"",""Q3764"":""D"",""Q3765"":""C"",""Q3766"":""A"",""Q3767"":""D"",""Q3769"":""B"",""Q3770"":""A"",""Q3771"":""D"",""Q3772"":""B"",""Q3773"":""B"",""Q3774"":""C"",""Q3777"":""A"",""Q3778"":""D""}"
SUB1789374023920,2026-09-14T08:20:23.920Z,EM4SITFree,Engineering Mathematics,Aqeel Nazir,aqeelnazir32@gmail.com,8,20,40,177,4,0,6,4,"{""Q981"":""B"",""Q983"":""B"",""Q986"":""C"",""Q987"":""B""}"
SUB1789380704576,2026-09-14T10:11:44.576Z,COMB1109,Combinational Circuits,Bassam Majid,bhattibassam425@gmail.com,7.5,20,37.5,347,5,5,0,2,"{""Q3736"":""C"",""Q3737"":""C"",""Q3738"":""B"",""Q3739"":""A"",""Q3740"":""A"",""Q3741"":""B"",""Q3742"":""A"",""Q3743"":""D"",""Q3744"":""B"",""Q3745"":""B""}"
SUB1789380713101,2026-09-14T10:11:53.101Z,COMB1109,Combinational Circuits,Bassam Majid,bhattibassam425@gmail.com,7.5,20,37.5,347,5,5,0,3,"{""Q3736"":""C"",""Q3737"":""C"",""Q3738"":""B"",""Q3739"":""A"",""Q3740"":""A"",""Q3741"":""B"",""Q3742"":""A"",""Q3743"":""D"",""Q3744"":""B"",""Q3745"":""B""}"
SUB1789381846838,2026-09-14T10:30:46.838Z,EMN2G0509,Evolution Of Mobile Networks: 2G to 5g,Bassam Majid,bhattibassam425@gmail.com,12.5,20,62.5,182,7,3,0,2,"{""Q3376"":""C"",""Q3377"":""A"",""Q3378"":""C"",""Q3379"":""C"",""Q3380"":""C"",""Q3381"":""A"",""Q3382"":""C"",""Q3383"":""C"",""Q3384"":""C"",""Q3385"":""C""}"
SUB1789391622637,2026-09-14T13:13:42.637Z,ITG2SIT,IT Systems & e-Governance Test 2,Danyal Bhat,danyalbhat000@gmail.com,38,60,63.33,740,21,8,1,1,"{""Q1501"":""C"",""Q1502"":""C"",""Q1503"":""A"",""Q1504"":""B"",""Q1505"":""A"",""Q1506"":""D"",""Q1507"":""B"",""Q1508"":""A"",""Q1509"":""D"",""Q1510"":""D"",""Q1511"":""A"",""Q1512"":""C"",""Q1513"":""B"",""Q1514"":""B"",""Q1515"":""A"",""Q1516"":""A"",""Q1517"":""A"",""Q1518"":""B"",""Q1519"":""A"",""Q1520"":""A"",""Q1521"":""A"",""Q1522"":""B"",""Q1523"":""D"",""Q1524"":""B"",""Q1525"":""B"",""Q1526"":""A"",""Q1527"":""B"",""Q1529"":""C"",""Q1530"":""C""}"
SUB1789410775830,2026-09-14T18:32:55.830Z,BN2SIT,Basic Numeracy Test 2,Akash Raina,rainaakash1811@gmail.com,38,60,63.33,2094,21,8,1,2,"{""Q824"":""B"",""Q825"":""B"",""Q826"":""B"",""Q828"":""B"",""Q829"":""B"",""Q830"":""C"",""Q831"":""A"",""Q832"":""A"",""Q833"":""B"",""Q834"":""B"",""Q835"":""B"",""Q836"":""B"",""Q837"":""C"",""Q838"":""C"",""Q839"":""B"",""Q840"":""B"",""Q841"":""C"",""Q849"":""D"",""Q850"":""B"",""Q851"":""C"",""Q852"":""B"",""Q853"":""D"",""Q854"":""B"",""Q855"":""C"",""Q856"":""B"",""Q857"":""A"",""Q858"":""C"",""Q859"":""D"",""Q860"":""A""}"
SUB1789415582008,2026-09-14T19:53:02.008Z,JKGK2SIT,UT Specific GK Test-2,Akash Raina,rainaakash1811@gmail.com,30.5,60,50.83,1057,18,11,1,4,"{""Q542"":""D"",""Q543"":""D"",""Q544"":""A"",""Q545"":""D"",""Q546"":""C"",""Q548"":""A"",""Q549"":""D"",""Q550"":""A"",""Q551"":""A"",""Q552"":""D"",""Q553"":""C"",""Q554"":""C"",""Q555"":""A"",""Q556"":""D"",""Q557"":""C"",""Q558"":""A"",""Q559"":""B"",""Q560"":""C"",""Q561"":""D"",""Q562"":""D"",""Q563"":""C"",""Q564"":""D"",""Q565"":""A"",""Q566"":""A"",""Q567"":""C"",""Q568"":""D"",""Q569"":""A"",""Q694"":""A"",""Q695"":""A""}"
SUB1789444680292,2026-09-15T03:58:00.292Z,DSA0909,Data Structure & Algorithms Conceptual,Waqar,waqarmaqbool9143@gmail.com,0,20,0,468,2,8,0,3,"{""Q3656"":""D"",""Q3657"":""A"",""Q3658"":""A"",""Q3659"":""D"",""Q3660"":""D"",""Q3661"":""C"",""Q3662"":""B"",""Q3663"":""A"",""Q3664"":""B"",""Q3665"":""A""}"
SUB1789444739385,2026-09-15T03:58:59.385Z,ITG3SIT,IT Systems & e-Governance Test 3,Danyal Bhat,danyalbhat000@gmail.com,45,60,75,789,24,6,0,1,"{""Q1531"":""B"",""Q1532"":""B"",""Q1533"":""A"",""Q1534"":""B"",""Q1535"":""B"",""Q1536"":""C"",""Q1537"":""B"",""Q1538"":""C"",""Q1539"":""C"",""Q1540"":""B"",""Q1541"":""B"",""Q1542"":""B"",""Q1543"":""B"",""Q1544"":""B"",""Q1545"":""A"",""Q1546"":""B"",""Q1547"":""B"",""Q1548"":""A"",""Q1549"":""D"",""Q1550"":""A"",""Q1551"":""C"",""Q1552"":""A"",""Q1553"":""C"",""Q1554"":""C"",""Q1555"":""C"",""Q1556"":""A"",""Q1557"":""B"",""Q1558"":""A"",""Q1559"":""A"",""Q1560"":""A""}"
SUB1789446299342,2026-09-15T04:24:59.342Z,IPSIT0708,Indian Polity,Danyal Bhat,danyalbhat000@gmail.com,35,40,87.5,315,18,2,0,1,"{""Q2531"":""B"",""Q2532"":""A"",""Q2533"":""A"",""Q2534"":""B"",""Q2535"":""A"",""Q2536"":""B"",""Q2537"":""B"",""Q2538"":""B"",""Q2539"":""A"",""Q2540"":""C"",""Q2541"":""B"",""Q2542"":""A"",""Q2543"":""C"",""Q2544"":""B"",""Q2545"":""D"",""Q2546"":""A"",""Q2547"":""C"",""Q2548"":""D"",""Q2549"":""C"",""Q2550"":""D""}"
SUB1789446337689,2026-09-15T04:25:37.689Z,IPSIT0708,Indian Polity,Danyal Bhat,danyalbhat000@gmail.com,35,40,87.5,315,18,2,0,2,"{""Q2531"":""B"",""Q2532"":""A"",""Q2533"":""A"",""Q2534"":""B"",""Q2535"":""A"",""Q2536"":""B"",""Q2537"":""B"",""Q2538"":""B"",""Q2539"":""A"",""Q2540"":""C"",""Q2541"":""B"",""Q2542"":""A"",""Q2543"":""C"",""Q2544"":""B"",""Q2545"":""D"",""Q2546"":""A"",""Q2547"":""C"",""Q2548"":""D"",""Q2549"":""C"",""Q2550"":""D""}"
SUB1789446339950,2026-09-15T04:25:39.950Z,IPSIT0708,Indian Polity,Danyal Bhat,danyalbhat000@gmail.com,35,40,87.5,315,18,2,0,3,"{""Q2531"":""B"",""Q2532"":""A"",""Q2533"":""A"",""Q2534"":""B"",""Q2535"":""A"",""Q2536"":""B"",""Q2537"":""B"",""Q2538"":""B"",""Q2539"":""A"",""Q2540"":""C"",""Q2541"":""B"",""Q2542"":""A"",""Q2543"":""C"",""Q2544"":""B"",""Q2545"":""D"",""Q2546"":""A"",""Q2547"":""C"",""Q2548"":""D"",""Q2549"":""C"",""Q2550"":""D""}"
SUB1789446347513,2026-09-15T04:25:47.513Z,IPSIT0708,Indian Polity,Danyal Bhat,danyalbhat000@gmail.com,35,40,87.5,315,18,2,0,4,"{""Q2531"":""B"",""Q2532"":""A"",""Q2533"":""A"",""Q2534"":""B"",""Q2535"":""A"",""Q2536"":""B"",""Q2537"":""B"",""Q2538"":""B"",""Q2539"":""A"",""Q2540"":""C"",""Q2541"":""B"",""Q2542"":""A"",""Q2543"":""C"",""Q2544"":""B"",""Q2545"":""D"",""Q2546"":""A"",""Q2547"":""C"",""Q2548"":""D"",""Q2549"":""C"",""Q2550"":""D""}"
SUB1789450125269,2026-09-15T05:28:45.269Z,GSHalfFreeSIT1,Part 1 GS Full Length Test,Sanjay kumar,sanjaykumarskk.01@gmail.com,33.5,60,55.83,1895,19,9,2,1,"{""Q2876"":""A"",""Q2877"":""C"",""Q2878"":""C"",""Q2879"":""B"",""Q2880"":""C"",""Q2881"":""C"",""Q2882"":""D"",""Q2883"":""C"",""Q2884"":""C"",""Q2885"":""A"",""Q2886"":""C"",""Q2888"":""C"",""Q2889"":""C"",""Q2890"":""B"",""Q2892"":""A"",""Q2887"":""D"",""Q2891"":""B"",""Q2893"":""B"",""Q2894"":""C"",""Q2897"":""A"",""Q2898"":""A"",""Q2899"":""B"",""Q2900"":""A"",""Q2902"":""B"",""Q2904"":""B"",""Q2905"":""A"",""Q2903"":""A"",""Q2901"":""A""}"
SUB1789450162480,2026-09-15T05:29:22.480Z,MP1SIT,Microprocessors Test 1,Bassam Majid,bhattibassam425@gmail.com,4.5,40,11.25,121,3,3,14,12,"{""Q2201"":""D"",""Q2202"":""B"",""Q2203"":""D"",""Q2204"":""C"",""Q2205"":""C"",""Q2206"":""A""}"
SUB1789451556624,2026-09-15T05:52:36.624Z,GECS1SIT,General English Test-1,Bassam Majid,bhattibassam425@gmail.com,6.5,60,10.83,347,4,3,23,15,"{""Q598"":""B"",""Q599"":""A"",""Q600"":""B"",""Q601"":""A"",""Q602"":""D"",""Q603"":""D"",""Q604"":""A""}"
SUB1789452857365,2026-09-15T06:14:17.365Z,DESIT1608,Digital Electronics Test 2,Bassam Majid,bhattibassam425@gmail.com,15,20,75,258,8,2,0,3,"{""Q2606"":""C"",""Q2607"":""B"",""Q2608"":""A"",""Q2609"":""C"",""Q2610"":""C"",""Q2611"":""B"",""Q2612"":""D"",""Q2613"":""C"",""Q2614"":""C"",""Q2615"":""B""}"
SUB1789466338128,2026-09-15T09:58:58.128Z,IOT1SIT,"IoT, Embedded Systems Test 1",Danyal Bhat,danyalbhat000@gmail.com,33,60,55,745,19,10,1,7,"{""Q1651"":""B"",""Q1652"":""B"",""Q1655"":""C"",""Q1656"":""A"",""Q1657"":""C"",""Q1658"":""B"",""Q1659"":""A"",""Q1661"":""A"",""Q1662"":""B"",""Q1663"":""B"",""Q1664"":""A"",""Q1665"":""D"",""Q1666"":""C"",""Q1667"":""B"",""Q1668"":""D"",""Q1669"":""B"",""Q1670"":""B"",""Q1671"":""D"",""Q1672"":""A"",""Q1673"":""A"",""Q1674"":""C"",""Q1675"":""A"",""Q1676"":""C"",""Q1677"":""C"",""Q1678"":""C"",""Q1679"":""D"",""Q1680"":""B"",""Q1653"":""D"",""Q1660"":""A""}"
SUB1789470546883,2026-09-15T11:09:06.883Z,IOT2SIT,"IoT, Embedded Systems Test 2",Danyal Bhat,danyalbhat000@gmail.com,42.5,60,70.83,854,23,7,0,2,"{""Q1681"":""A"",""Q1682"":""B"",""Q1683"":""C"",""Q1684"":""A"",""Q1685"":""D"",""Q1686"":""A"",""Q1687"":""B"",""Q1688"":""A"",""Q1689"":""C"",""Q1690"":""A"",""Q1691"":""C"",""Q1692"":""C"",""Q1693"":""B"",""Q1694"":""C"",""Q1695"":""C"",""Q1696"":""B"",""Q1697"":""A"",""Q1698"":""B"",""Q1700"":""C"",""Q1701"":""A"",""Q1702"":""C"",""Q1703"":""C"",""Q1704"":""A"",""Q1705"":""A"",""Q1706"":""C"",""Q1707"":""B"",""Q1708"":""A"",""Q1709"":""A"",""Q1710"":""B"",""Q1699"":""C""}"
SUB1789470586375,2026-09-15T11:09:46.375Z,IOT2SIT,"IoT, Embedded Systems Test 2",Danyal Bhat,danyalbhat000@gmail.com,42.5,60,70.83,854,23,7,0,3,"{""Q1681"":""A"",""Q1682"":""B"",""Q1683"":""C"",""Q1684"":""A"",""Q1685"":""D"",""Q1686"":""A"",""Q1687"":""B"",""Q1688"":""A"",""Q1689"":""C"",""Q1690"":""A"",""Q1691"":""C"",""Q1692"":""C"",""Q1693"":""B"",""Q1694"":""C"",""Q1695"":""C"",""Q1696"":""B"",""Q1697"":""A"",""Q1698"":""B"",""Q1700"":""C"",""Q1701"":""A"",""Q1702"":""C"",""Q1703"":""C"",""Q1704"":""A"",""Q1705"":""A"",""Q1706"":""C"",""Q1707"":""B"",""Q1708"":""A"",""Q1709"":""A"",""Q1710"":""B"",""Q1699"":""C""}"
SUB1789471509633,2026-09-15T11:25:09.633Z,OSSIT0909,"Operating System: Process, Memory & File System",Priya Sharma,priyasharmajk123@gmail.com,6.5,20,32.5,466,4,3,3,5,"{""Q3666"":""B"",""Q3667"":""D"",""Q3668"":""B"",""Q3670"":""D"",""Q3672"":""B"",""Q3674"":""B"",""Q3675"":""D""}"
SUB1789471527513,2026-09-15T11:25:27.513Z,OSSIT0909,"Operating System: Process, Memory & File System",Priya Sharma,priyasharmajk123@gmail.com,6.5,20,32.5,466,4,3,3,6,"{""Q3666"":""B"",""Q3667"":""D"",""Q3668"":""B"",""Q3670"":""D"",""Q3672"":""B"",""Q3674"":""B"",""Q3675"":""D""}"
SUB1789471556324,2026-09-15T11:25:56.324Z,OSSIT0909,"Operating System: Process, Memory & File System",Priya Sharma,priyasharmajk123@gmail.com,6.5,20,32.5,466,4,3,3,7,"{""Q3666"":""B"",""Q3667"":""D"",""Q3668"":""B"",""Q3670"":""D"",""Q3672"":""B"",""Q3674"":""B"",""Q3675"":""D""}"
SUB1789471890321,2026-09-15T11:31:30.321Z,OSSIT0909,"Operating System: Process, Memory & File System",Priya Sharma,priyasharmajk123@gmail.com,8.5,20,42.5,107,5,3,2,3,"{""Q3666"":""B"",""Q3667"":""D"",""Q3668"":""D"",""Q3670"":""D"",""Q3672"":""B"",""Q3673"":""C"",""Q3674"":""B"",""Q3675"":""D""}"
SUB1789475745681,2026-09-15T12:35:45.681Z,IOT3SIT,"IoT, Embedded Systems Test 3",Danyal Bhat,danyalbhat000@gmail.com,22,60,36.67,753,14,12,4,1,"{""Q1711"":""A"",""Q1712"":""A"",""Q1713"":""C"",""Q1714"":""C"",""Q1715"":""A"",""Q1716"":""B"",""Q1717"":""B"",""Q1718"":""C"",""Q1719"":""C"",""Q1720"":""A"",""Q1721"":""C"",""Q1722"":""D"",""Q1724"":""B"",""Q1726"":""D"",""Q1728"":""D"",""Q1729"":""D"",""Q1730"":""B"",""Q1731"":""A"",""Q1732"":""B"",""Q1733"":""C"",""Q1734"":""D"",""Q1735"":""C"",""Q1736"":""A"",""Q1738"":""D"",""Q1739"":""A"",""Q1740"":""B""}"
SUB1789478108223,2026-09-15T13:15:08.223Z,DBMS41209,DBMS Test 4,Sanjay kumar,sanjaykumarskk.01@gmail.com,12.5,60,20.83,1139,11,19,0,2,"{""Q3756"":""A"",""Q3757"":""D"",""Q3758"":""B"",""Q3759"":""A"",""Q3760"":""D"",""Q3761"":""B"",""Q3762"":""B"",""Q3763"":""D"",""Q3764"":""C"",""Q3765"":""A"",""Q3766"":""A"",""Q3767"":""D"",""Q3768"":""B"",""Q3769"":""A"",""Q3770"":""B"",""Q3771"":""B"",""Q3772"":""A"",""Q3773"":""B"",""Q3774"":""B"",""Q3775"":""C"",""Q3776"":""B"",""Q3777"":""A"",""Q3778"":""B"",""Q3779"":""D"",""Q3780"":""C"",""Q3781"":""C"",""Q3782"":""C"",""Q3783"":""B"",""Q3784"":""C"",""Q3785"":""C""}"
SUB1789478153816,2026-09-15T13:15:53.816Z,DBMS41209,DBMS Test 4,Sanjay kumar,sanjaykumarskk.01@gmail.com,12.5,60,20.83,1139,11,19,0,3,"{""Q3756"":""A"",""Q3757"":""D"",""Q3758"":""B"",""Q3759"":""A"",""Q3760"":""D"",""Q3761"":""B"",""Q3762"":""B"",""Q3763"":""D"",""Q3764"":""C"",""Q3765"":""A"",""Q3766"":""A"",""Q3767"":""D"",""Q3768"":""B"",""Q3769"":""A"",""Q3770"":""B"",""Q3771"":""B"",""Q3772"":""A"",""Q3773"":""B"",""Q3774"":""B"",""Q3775"":""C"",""Q3776"":""B"",""Q3777"":""A"",""Q3778"":""B"",""Q3779"":""D"",""Q3780"":""C"",""Q3781"":""C"",""Q3782"":""C"",""Q3783"":""B"",""Q3784"":""C"",""Q3785"":""C""}"
SUB1789478172153,2026-09-15T13:16:12.153Z,CTRPM1009,"Cyber Threat - Ransomeware, Phishing, Malware",Danyal Bhat,danyalbhat000@gmail.com,15,20,75,237,8,2,0,5,"{""Q3676"":""B"",""Q3677"":""A"",""Q3678"":""B"",""Q3679"":""B"",""Q3680"":""C"",""Q3681"":""C"",""Q3682"":""B"",""Q3683"":""D"",""Q3684"":""A"",""Q3685"":""B""}"
SUB1789478792747,2026-09-15T13:26:32.747Z,T002F,Computer Proficiency,Bablu,babluc95@gmail.com,39.5,60,65.83,544,21,5,4,6,"{""Q262"":""A"",""Q263"":""A"",""Q265"":""B"",""Q266"":""A"",""Q267"":""B"",""Q268"":""B"",""Q269"":""B"",""Q270"":""D"",""Q271"":""A"",""Q272"":""D"",""Q273"":""A"",""Q274"":""A"",""Q275"":""A"",""Q276"":""A"",""Q278"":""D"",""Q279"":""B"",""Q280"":""B"",""Q281"":""A"",""Q282"":""B"",""Q284"":""A"",""Q285"":""A"",""Q286"":""A"",""Q287"":""A"",""Q288"":""C"",""Q289"":""A"",""Q291"":""A""}"
SUB1789478916911,2026-09-15T13:28:36.911Z,GJK1308SIT,Geography Of J&K,Sanjay kumar,sanjaykumarskk.01@gmail.com,20,20,100,478,12,8,0,9,"{""Q2726"":""C"",""Q2727"":""C"",""Q2728"":""A"",""Q2729"":""C"",""Q2730"":""B"",""Q2731"":""A"",""Q2732"":""C"",""Q2733"":""C"",""Q2734"":""B"",""Q2735"":""B"",""Q2736"":""A"",""Q2737"":""C"",""Q2738"":""D"",""Q2739"":""B"",""Q2740"":""C"",""Q2741"":""C"",""Q2742"":""A"",""Q2743"":""B"",""Q2744"":""C"",""Q2745"":""C""}"
SUB1789480180930,2026-09-15T13:49:40.930Z,GSHalfFreeSIT1,Part 1 GS Full Length Test,Bablu,babluc95@gmail.com,14,60,23.33,569,10,12,8,2,"{""Q2876"":""C"",""Q2877"":""C"",""Q2878"":""C"",""Q2879"":""C"",""Q2880"":""C"",""Q2881"":""B"",""Q2882"":""B"",""Q2883"":""C"",""Q2884"":""A"",""Q2885"":""A"",""Q2886"":""C"",""Q2887"":""D"",""Q2888"":""C"",""Q2889"":""C"",""Q2890"":""B"",""Q2891"":""B"",""Q2892"":""A"",""Q2893"":""B"",""Q2894"":""B"",""Q2895"":""C"",""Q2896"":""D"",""Q2900"":""D""}"
SUB1789495126982,2026-09-15T17:58:46.982Z,PFSIT0509,"Programming Fundamentals: Logic Building, Data Types, Loops, Functions",Radha_Kri,rishb0831@gmail.com,12.5,20,62.5,330,7,3,0,2,"{""Q3406"":""A"",""Q3407"":""A"",""Q3408"":""B"",""Q3409"":""D"",""Q3410"":""D"",""Q3411"":""A"",""Q3412"":""D"",""Q3413"":""C"",""Q3414"":""B"",""Q3415"":""A""}"
SUB1789495918986,2026-09-15T18:11:58.986Z,OOPS1009,Object Oriented Programming,Radha_Kri,rishb0831@gmail.com,15,20,75,464,8,2,0,2,"{""Q3566"":""C"",""Q3567"":""D"",""Q3568"":""A"",""Q3569"":""D"",""Q3570"":""A"",""Q3571"":""D"",""Q3572"":""A"",""Q3573"":""A"",""Q3574"":""C"",""Q3575"":""A""}"
SUB1789538441888,2026-09-16T06:00:41.888Z,AI1SIT,"AI, DS and Automation Test 1",Danyal Bhat,danyalbhat000@gmail.com,52.5,60,87.5,772,27,3,0,4,"{""Q1741"":""B"",""Q1742"":""C"",""Q1743"":""A"",""Q1744"":""A"",""Q1745"":""C"",""Q1746"":""B"",""Q1748"":""B"",""Q1749"":""A"",""Q1750"":""B"",""Q1751"":""A"",""Q1752"":""A"",""Q1753"":""B"",""Q1754"":""C"",""Q1755"":""B"",""Q1756"":""C"",""Q1757"":""B"",""Q1758"":""A"",""Q1759"":""B"",""Q1760"":""B"",""Q1761"":""A"",""Q1762"":""D"",""Q1763"":""C"",""Q1764"":""C"",""Q1765"":""B"",""Q1766"":""A"",""Q1767"":""C"",""Q1768"":""A"",""Q1769"":""C"",""Q1770"":""B"",""Q1747"":""C""}"
SUB1789543155088,2026-09-16T07:19:15.088Z,AI2SIT,"AI, DS and Automation Test 2",Danyal Bhat,danyalbhat000@gmail.com,41.5,60,69.17,896,22,5,3,3,"{""Q1771"":""B"",""Q1772"":""B"",""Q1773"":""D"",""Q1774"":""A"",""Q1775"":""B"",""Q1776"":""A"",""Q1777"":""B"",""Q1778"":""C"",""Q1780"":""A"",""Q1781"":""C"",""Q1782"":""A"",""Q1783"":""B"",""Q1784"":""C"",""Q1785"":""A"",""Q1786"":""D"",""Q1787"":""B"",""Q1789"":""B"",""Q1790"":""D"",""Q1791"":""A"",""Q1792"":""A"",""Q1793"":""B"",""Q1794"":""A"",""Q1795"":""C"",""Q1797"":""A"",""Q1798"":""A"",""Q1799"":""B"",""Q1800"":""A""}"
SUB1789552804002,2026-09-16T10:00:04.002Z,AI3SIT,"AI, DS and Automation Test 3",Danyal Bhat,danyalbhat000@gmail.com,31,60,51.67,971,18,10,2,1,"{""Q1801"":""B"",""Q1802"":""C"",""Q1803"":""B"",""Q1804"":""A"",""Q1805"":""B"",""Q1806"":""A"",""Q1808"":""B"",""Q1809"":""A"",""Q1810"":""B"",""Q1811"":""C"",""Q1812"":""A"",""Q1813"":""D"",""Q1814"":""A"",""Q1815"":""A"",""Q1816"":""A"",""Q1817"":""D"",""Q1818"":""A"",""Q1819"":""A"",""Q1820"":""B"",""Q1821"":""C"",""Q1822"":""A"",""Q1823"":""D"",""Q1824"":""A"",""Q1825"":""C"",""Q1827"":""C"",""Q1828"":""D"",""Q1829"":""A"",""Q1830"":""B""}"
SUB1789552822906,2026-09-16T10:00:22.906Z,AI3SIT,"AI, DS and Automation Test 3",Danyal Bhat,danyalbhat000@gmail.com,31,60,51.67,971,18,10,2,2,"{""Q1801"":""B"",""Q1802"":""C"",""Q1803"":""B"",""Q1804"":""A"",""Q1805"":""B"",""Q1806"":""A"",""Q1808"":""B"",""Q1809"":""A"",""Q1810"":""B"",""Q1811"":""C"",""Q1812"":""A"",""Q1813"":""D"",""Q1814"":""A"",""Q1815"":""A"",""Q1816"":""A"",""Q1817"":""D"",""Q1818"":""A"",""Q1819"":""A"",""Q1820"":""B"",""Q1821"":""C"",""Q1822"":""A"",""Q1823"":""D"",""Q1824"":""A"",""Q1825"":""C"",""Q1827"":""C"",""Q1828"":""D"",""Q1829"":""A"",""Q1830"":""B""}"
SUB1789552855766,2026-09-16T10:00:55.766Z,AI3SIT,"AI, DS and Automation Test 3",Danyal Bhat,danyalbhat000@gmail.com,31,60,51.67,971,18,10,2,3,"{""Q1801"":""B"",""Q1802"":""C"",""Q1803"":""B"",""Q1804"":""A"",""Q1805"":""B"",""Q1806"":""A"",""Q1808"":""B"",""Q1809"":""A"",""Q1810"":""B"",""Q1811"":""C"",""Q1812"":""A"",""Q1813"":""D"",""Q1814"":""A"",""Q1815"":""A"",""Q1816"":""A"",""Q1817"":""D"",""Q1818"":""A"",""Q1819"":""A"",""Q1820"":""B"",""Q1821"":""C"",""Q1822"":""A"",""Q1823"":""D"",""Q1824"":""A"",""Q1825"":""C"",""Q1827"":""C"",""Q1828"":""D"",""Q1829"":""A"",""Q1830"":""B""}"
SUB1789552898422,2026-09-16T10:01:38.422Z,AI3SIT,"AI, DS and Automation Test 3",Danyal Bhat,danyalbhat000@gmail.com,31,60,51.67,971,18,10,2,4,"{""Q1801"":""B"",""Q1802"":""C"",""Q1803"":""B"",""Q1804"":""A"",""Q1805"":""B"",""Q1806"":""A"",""Q1808"":""B"",""Q1809"":""A"",""Q1810"":""B"",""Q1811"":""C"",""Q1812"":""A"",""Q1813"":""D"",""Q1814"":""A"",""Q1815"":""A"",""Q1816"":""A"",""Q1817"":""D"",""Q1818"":""A"",""Q1819"":""A"",""Q1820"":""B"",""Q1821"":""C"",""Q1822"":""A"",""Q1823"":""D"",""Q1824"":""A"",""Q1825"":""C"",""Q1827"":""C"",""Q1828"":""D"",""Q1829"":""A"",""Q1830"":""B""}"
SUB1789552949338,2026-09-16T10:02:29.338Z,AI3SIT,"AI, DS and Automation Test 3",Danyal Bhat,danyalbhat000@gmail.com,31,60,51.67,971,18,10,2,5,"{""Q1801"":""B"",""Q1802"":""C"",""Q1803"":""B"",""Q1804"":""A"",""Q1805"":""B"",""Q1806"":""A"",""Q1808"":""B"",""Q1809"":""A"",""Q1810"":""B"",""Q1811"":""C"",""Q1812"":""A"",""Q1813"":""D"",""Q1814"":""A"",""Q1815"":""A"",""Q1816"":""A"",""Q1817"":""D"",""Q1818"":""A"",""Q1819"":""A"",""Q1820"":""B"",""Q1821"":""C"",""Q1822"":""A"",""Q1823"":""D"",""Q1824"":""A"",""Q1825"":""C"",""Q1827"":""C"",""Q1828"":""D"",""Q1829"":""A"",""Q1830"":""B""}"
SUB1789553445694,2026-09-16T10:10:45.694Z,FMFS1409,Financial Management/ Financial Statements,Bilal,bilal9596303059@gmail.com,8.75,10,87.5,226,9,1,0,1,"{""Q3806"":""A"",""Q3807"":""B"",""Q3808"":""C"",""Q3809"":""B"",""Q3810"":""B"",""Q3811"":""A"",""Q3812"":""C"",""Q3813"":""C"",""Q3814"":""C"",""Q3815"":""A""}"
SUB1789553993977,2026-09-16T10:19:53.977Z,T001,JKPSI_Telecom_Unit1,Bablu,babluc95@gmail.com,57.5,198,29.04,676,31,9,59,31,"{""Q003"":""C"",""Q004"":""B"",""Q005"":""B"",""Q006"":""A"",""Q007"":""B"",""Q008"":""A"",""Q009"":""C"",""Q010"":""D"",""Q011"":""A"",""Q013"":""C"",""Q014"":""B"",""Q015"":""B"",""Q016"":""B"",""Q017"":""B"",""Q018"":""B"",""Q019"":""B"",""Q020"":""B"",""Q025"":""A"",""Q059"":""B"",""Q070"":""D"",""Q071"":""D"",""Q074"":""A"",""Q075"":""C"",""Q076"":""C"",""Q077"":""B"",""Q079"":""B"",""Q080"":""B"",""Q081"":""B"",""Q082"":""A"",""Q083"":""B"",""Q084"":""B"",""Q085"":""A"",""Q087"":""C"",""Q091"":""B"",""Q092"":""C"",""Q094"":""B"",""Q096"":""C"",""Q097"":""B"",""Q099"":""B"",""Q100"":""B""}"
SUB1789554782161,2026-09-16T10:33:02.161Z,T003A,Computer,Bablu,babluc95@gmail.com,5.75,10,57.5,320,6,1,3,13,"{""Q252"":""D"",""Q254"":""A"",""Q256"":""C"",""Q257"":""B"",""Q258"":""A"",""Q259"":""C"",""Q260"":""A""}"
SUB1789558121097,2026-09-16T11:28:41.097Z,CTRPM1009,"Cyber Threat - Ransomeware, Phishing, Malware",Iqbal,iqbalmaqbool33@gmail.com,13.5,20,67.5,535,7,1,2,7,"{""Q3676"":""B"",""Q3677"":""A"",""Q3678"":""B"",""Q3679"":""B"",""Q3680"":""C"",""Q3681"":""C"",""Q3684"":""A"",""Q3685"":""D""}"
SUB1789563131821,2026-09-16T12:52:11.821Z,CSNS1SIT,CS & Networking Systems Test 1,Sanjay kumar,sanjaykumarskk.01@gmail.com,40,60,66.67,1434,22,8,0,3,"{""Q1291"":""B"",""Q1292"":""C"",""Q1293"":""C"",""Q1294"":""D"",""Q1295"":""D"",""Q1296"":""C"",""Q1297"":""B"",""Q1298"":""A"",""Q1299"":""B"",""Q1300"":""C"",""Q1301"":""B"",""Q1302"":""B"",""Q1303"":""B"",""Q1304"":""B"",""Q1306"":""B"",""Q1307"":""C"",""Q1308"":""C"",""Q1310"":""B"",""Q1311"":""A"",""Q1312"":""D"",""Q1313"":""D"",""Q1314"":""D"",""Q1315"":""B"",""Q1316"":""A"",""Q1317"":""D"",""Q1318"":""C"",""Q1319"":""D"",""Q1320"":""B"",""Q1309"":""C"",""Q1305"":""B""}"
SUB1789563600781,2026-09-16T13:00:00.781Z,DSA0909,Data Structure & Algorithms Conceptual,Waqar,waqarmaqbool9143@gmail.com,2.5,20,12.5,239,3,7,0,2,"{""Q3656"":""A"",""Q3657"":""D"",""Q3658"":""D"",""Q3659"":""D"",""Q3660"":""D"",""Q3661"":""C"",""Q3662"":""B"",""Q3663"":""C"",""Q3664"":""A"",""Q3665"":""B""}"
SUB1789564128507,2026-09-16T13:08:48.507Z,EMN2G0509,Evolution Of Mobile Networks: 2G to 5g,Waqar,waqarmaqbool9143@gmail.com,7.5,20,37.5,168,5,5,0,4,"{""Q3376"":""D"",""Q3377"":""A"",""Q3378"":""D"",""Q3379"":""D"",""Q3380"":""C"",""Q3381"":""A"",""Q3382"":""D"",""Q3383"":""C"",""Q3384"":""B"",""Q3385"":""B""}"
SUB1789564716139,2026-09-16T13:18:36.139Z,JKGK2SIT,UT Specific GK Test-2,Sanjay kumar,sanjaykumarskk.01@gmail.com,35,60,58.33,1315,20,10,0,3,"{""Q542"":""D"",""Q543"":""B"",""Q544"":""A"",""Q545"":""D"",""Q546"":""D"",""Q547"":""B"",""Q548"":""A"",""Q549"":""C"",""Q550"":""A"",""Q551"":""C"",""Q552"":""D"",""Q553"":""C"",""Q554"":""C"",""Q555"":""A"",""Q556"":""A"",""Q557"":""C"",""Q558"":""A"",""Q559"":""A"",""Q560"":""B"",""Q561"":""D"",""Q562"":""D"",""Q563"":""A"",""Q564"":""D"",""Q565"":""A"",""Q566"":""A"",""Q567"":""C"",""Q568"":""A"",""Q569"":""D"",""Q694"":""C"",""Q695"":""A""}"
SUB1789566406344,2026-09-16T13:46:46.344Z,GSHalfFreeSIT1,Part 1 GS Full Length Test,Waqar,waqarmaqbool9143@gmail.com,5,60,8.33,792,5,10,15,3,"{""Q2876"":""C"",""Q2877"":""A"",""Q2879"":""C"",""Q2880"":""C"",""Q2886"":""B"",""Q2887"":""D"",""Q2888"":""C"",""Q2889"":""C"",""Q2890"":""B"",""Q2891"":""B"",""Q2892"":""D"",""Q2894"":""D"",""Q2896"":""C"",""Q2897"":""C"",""Q2900"":""D""}"
SUB1789575671897,2026-09-16T16:21:11.897Z,8085SIT1709,8085/8086 Architecture and instruction set basic,mmm,maazulhaq76@gmail.com,20,20,100,571,10,0,0,1,"{""Q3846"":""D"",""Q3847"":""A"",""Q3848"":""C"",""Q3849"":""B"",""Q3850"":""C"",""Q3851"":""B"",""Q3852"":""C"",""Q3853"":""D"",""Q3854"":""B"",""Q3855"":""A""}"
SUB1789575814208,2026-09-16T16:23:34.208Z,8085SIT1809,8085/8086 Architecture and instruction set basic,owais tohed,owaistohe@gmail.com,12.5,20,62.5,310,7,3,0,2,"{""Q3856"":""A"",""Q3857"":""D"",""Q3858"":""C"",""Q3859"":""C"",""Q3860"":""C"",""Q3861"":""A"",""Q3862"":""C"",""Q3863"":""C"",""Q3864"":""C"",""Q3865"":""A""}"
SUB1789576413355,2026-09-16T16:33:33.355Z,8085SIT1809,8085/8086 Architecture and instruction set basic,Manju,manjeetparihar39@gmail.com,10,20,50,349,6,4,0,5,"{""Q3856"":""A"",""Q3857"":""D"",""Q3858"":""C"",""Q3859"":""C"",""Q3860"":""B"",""Q3861"":""C"",""Q3862"":""C"",""Q3863"":""C"",""Q3864"":""A"",""Q3865"":""A""}"
SUB1789580162357,2026-09-16T17:36:02.357Z,T001B,JKPSI_Telecom_T001B,Sohail Abbas,sohailteaser3209@gmail.com,3.5,40,8.75,228,2,1,17,31,"{""Q212"":""D"",""Q213"":""C"",""Q214"":""D""}"
SUB1789580195146,2026-09-16T17:36:35.146Z,T001B,JKPSI_Telecom_T001B,Sohail Abbas,sohailteaser3209@gmail.com,3.5,40,8.75,228,2,1,17,32,"{""Q212"":""D"",""Q213"":""C"",""Q214"":""D""}"
SUB1789585320003,2026-09-16T19:02:00.003Z,8085SIT1709,8085/8086 Architecture and instruction set basic,Sahil kumar Dabotra,sahilkumar199819@gmail.com,3,20,15,298,2,2,6,4,"{""Q3846"":""D"",""Q3847"":""C"",""Q3848"":""C"",""Q3850"":""B""}"
SUB1789585336916,2026-09-16T19:02:16.916Z,8085SIT1709,8085/8086 Architecture and instruction set basic,Sahil kumar Dabotra,sahilkumar199819@gmail.com,3,20,15,298,2,2,6,5,"{""Q3846"":""D"",""Q3847"":""C"",""Q3848"":""C"",""Q3850"":""B""}"
SUB1789585491610,2026-09-16T19:04:51.610Z,8085SIT1709,8085/8086 Architecture and instruction set basic,Sahil kumar Dabotra,sahilkumar199819@gmail.com,3,20,15,48,2,2,6,3,"{""Q3846"":""D"",""Q3847"":""C"",""Q3848"":""C"",""Q3850"":""B""}"
SUB1789586044042,2026-09-16T19:14:04.042Z,GISIA2608,"Govt IT Systems, Interoperability & API",Sahil kumar Dabotra,sahilkumar199819@gmail.com,3,20,15,344,2,2,6,2,"{""Q3166"":""B"",""Q3167"":""C"",""Q3168"":""D"",""Q3170"":""C""}"
SUB1789587478652,2026-09-16T19:37:58.652Z,GECS1SIT,General English Test-1,Sahil kumar Dabotra,sahilkumar199819@gmail.com,27,60,45,1281,15,6,9,12,"{""Q598"":""C"",""Q599"":""A"",""Q600"":""A"",""Q601"":""D"",""Q603"":""D"",""Q605"":""A"",""Q606"":""B"",""Q607"":""A"",""Q608"":""A"",""Q609"":""A"",""Q610"":""B"",""Q611"":""A"",""Q612"":""D"",""Q613"":""D"",""Q616"":""D"",""Q617"":""D"",""Q621"":""A"",""Q622"":""C"",""Q689"":""A"",""Q696"":""B"",""Q697"":""D""}"
SUB1789625416866,2026-09-17T06:10:16.866Z,8085SIT1809,8085/8086 Architecture and instruction set basic,Muneeb,ahmedbalimuneeb@gmail.com,8,20,40,191,5,4,1,8,"{""Q3856"":""A"",""Q3857"":""B"",""Q3858"":""C"",""Q3859"":""A"",""Q3861"":""A"",""Q3862"":""C"",""Q3863"":""B"",""Q3864"":""A"",""Q3865"":""D""}"
SUB1789625718217,2026-09-17T06:15:18.217Z,8085SIT1809,8085/8086 Architecture and instruction set basic,Kay4M,alikamran0103@gmail.com,8.5,20,42.5,127,5,3,2,7,"{""Q3856"":""A"",""Q3857"":""B"",""Q3858"":""C"",""Q3861"":""C"",""Q3862"":""A"",""Q3863"":""D"",""Q3864"":""C"",""Q3865"":""D""}"
SUB1789629896139,2026-09-17T07:24:56.139Z,NSFIDS1009,"Network Security - Firewalls, IDS/IPS",Iqbal,iqbalmaqbool33@gmail.com,5,20,25,390,3,2,5,4,"{""Q3686"":""A"",""Q3687"":""C"",""Q3688"":""A"",""Q3689"":""D"",""Q3691"":""B""}"
SUB1789633969702,2026-09-17T08:32:49.702Z,OSITCP0109,OSI/TCP Models,Sareer Wani,sareerwani978@gmail.com,2,20,10,329,2,4,4,10,"{""Q3287"":""A"",""Q3288"":""C"",""Q3289"":""D"",""Q3290"":""C"",""Q3291"":""B"",""Q3292"":""C""}"
SUB1789638450067,2026-09-17T09:47:30.067Z,SQCS2508,"Sampling, Quantization, PCM, DPCM, DM",Priya Sharma,priyasharmajk123@gmail.com,0.5,20,2.5,454,1,3,6,2,"{""Q3125"":""B"",""Q3122"":""B"",""Q3120"":""A"",""Q3119"":""C""}"
SUB1789651636655,2026-09-17T13:27:16.655Z,Dhobi1609,Barber/Dhobi/Jr. Dhobi 15 Sept 2026,Mohammad idrees mir,meeridrees22@gmail.com,48.25,120,40.21,577,53,19,48,1,"{""Q3866"":""C"",""Q3867"":""C"",""Q3868"":""B"",""Q3869"":""B"",""Q3870"":""A"",""Q3871"":""C"",""Q3872"":""C"",""Q3873"":""A"",""Q3874"":""A"",""Q3875"":""B"",""Q3876"":""B"",""Q3877"":""B"",""Q3878"":""C"",""Q3879"":""B"",""Q3880"":""B"",""Q3881"":""C"",""Q3882"":""C"",""Q3883"":""B"",""Q3884"":""B"",""Q3885"":""B"",""Q3886"":""D"",""Q3887"":""A"",""Q3888"":""B"",""Q3889"":""A"",""Q3890"":""B"",""Q3891"":""A"",""Q3892"":""C"",""Q3893"":""C"",""Q3894"":""B"",""Q3895"":""B"",""Q3896"":""D"",""Q3897"":""B"",""Q3898"":""A"",""Q3899"":""B"",""Q3900"":""B"",""Q3901"":""D"",""Q3902"":""C"",""Q3903"":""B"",""Q3904"":""C"",""Q3905"":""A"",""Q3906"":""B"",""Q3907"":""B"",""Q3908"":""B"",""Q3909"":""B"",""Q3910"":""C"",""Q3911"":""B"",""Q3912"":""D"",""Q3913"":""B"",""Q3914"":""B"",""Q3916"":""A"",""Q3938"":""A"",""Q3939"":""A"",""Q3940"":""C"",""Q3941"":""D"",""Q3942"":""A"",""Q3943"":""C"",""Q3944"":""A"",""Q3945"":""B"",""Q3946"":""B"",""Q3947"":""B"",""Q3948"":""C"",""Q3949"":""C"",""Q3950"":""C"",""Q3951"":""A"",""Q3952"":""C"",""Q3953"":""A"",""Q3954"":""B"",""Q3955"":""A"",""Q3956"":""D"",""Q3957"":""A"",""Q3958"":""B"",""Q3959"":""C""}"
SUB1789652365388,2026-09-17T13:39:25.388Z,8085SIT1809,8085/8086 Architecture and instruction set basic,Umer Nisar,loneumar166@gmail.com,10,20,50,84,6,4,0,4,"{""Q3856"":""A"",""Q3857"":""C"",""Q3858"":""C"",""Q3859"":""C"",""Q3860"":""B"",""Q3861"":""C"",""Q3862"":""C"",""Q3863"":""C"",""Q3864"":""C"",""Q3865"":""B""}"
SUB1789657671956,2026-09-17T15:07:51.956Z,T003B,Accountancy,Faizana Mushtaq,faizanabhatt@gmail.com,12.5,30,41.67,578,16,14,0,22,"{""Q292"":""B"",""Q293"":""C"",""Q294"":""C"",""Q295"":""B"",""Q296"":""B"",""Q297"":""D"",""Q298"":""C"",""Q299"":""D"",""Q300"":""C"",""Q301"":""C"",""Q302"":""A"",""Q303"":""B"",""Q304"":""A"",""Q305"":""B"",""Q306"":""C"",""Q307"":""D"",""Q308"":""C"",""Q309"":""C"",""Q310"":""C"",""Q311"":""A"",""Q312"":""D"",""Q313"":""D"",""Q314"":""A"",""Q315"":""C"",""Q316"":""B"",""Q317"":""B"",""Q318"":""B"",""Q319"":""C"",""Q320"":""B"",""Q321"":""B""}"
SUB1789659760491,2026-09-17T15:42:40.491Z,PLABS1609,Profit Loss account and Balance Sheet,Sarhil,karmabad961@gmail.com,10,10,100,136,10,0,0,1,"{""Q3826"":""B"",""Q3827"":""C"",""Q3828"":""D"",""Q3829"":""C"",""Q3830"":""A"",""Q3832"":""B"",""Q3833"":""A"",""Q3835"":""D"",""Q3834"":""B"",""Q3831"":""C""}"
SUB1789660689062,2026-09-17T15:58:09.062Z,Partner1509,Partnership Accounts,Nishant Sharma,nishantsharma3281@gmail.com,0,10,0,497,2,8,0,1,"{""Q3816"":""B"",""Q3817"":""D"",""Q3818"":""B"",""Q3819"":""A"",""Q3820"":""A"",""Q3821"":""C"",""Q3822"":""A"",""Q3823"":""B"",""Q3824"":""C"",""Q3825"":""B""}"
SUB1789667497225,2026-09-17T17:51:37.225Z,EMN2G0509,Evolution Of Mobile Networks: 2G to 5g,Manjeet,anmolbandral7@gmail.com,-0.5,20,-2.5,57,0,1,9,7,"{""Q3376"":""B""}"
SUB1789672593555,2026-09-17T19:16:33.555Z,GIR1SIT,GI & Reasoning Test 1,Manjeet,anmolbandral7@gmail.com,0,60,0,43,0,0,30,8,{}
SUB1789702071524,2026-09-18T03:27:51.524Z,PLABS1609,Profit Loss account and Balance Sheet,Mohammad idrees mir,meeridrees22@gmail.com,8.75,10,87.5,246,9,1,0,2,"{""Q3826"":""B"",""Q3827"":""C"",""Q3828"":""D"",""Q3829"":""C"",""Q3830"":""A"",""Q3831"":""C"",""Q3832"":""C"",""Q3833"":""A"",""Q3834"":""B"",""Q3835"":""D""}"
SUB1789708210387,2026-09-18T05:10:10.387Z,AACSIT1109,Authentication And Access Control,Iqbal,iqbalmaqbool33@gmail.com,11.5,20,57.5,229,6,1,3,2,"{""Q3706"":""C"",""Q3707"":""B"",""Q3709"":""C"",""Q3710"":""A"",""Q3712"":""B"",""Q3713"":""A"",""Q3714"":""B""}"
SUB1789709774212,2026-09-18T05:36:14.212Z,EDSIT1108,Electronic Devices Test 1,Bassam Majid,bhattibassam425@gmail.com,5.5,20,27.5,602,4,5,1,4,"{""Q2636"":""A"",""Q2637"":""C"",""Q2638"":""B"",""Q2639"":""A"",""Q2640"":""C"",""Q2641"":""B"",""Q2642"":""B"",""Q2643"":""A"",""Q2644"":""B""}"
SUB1789710847576,2026-09-18T05:54:07.576Z,DMAFPQ2608,"Digital Modulation:ASK, FSK, PSK, QPSK",Priya Sharma,priyasharmajk123@gmail.com,-2.5,20,-12.5,221,1,9,0,3,"{""Q3146"":""B"",""Q3147"":""D"",""Q3148"":""B"",""Q3149"":""D"",""Q3150"":""D"",""Q3151"":""D"",""Q3152"":""D"",""Q3153"":""C"",""Q3154"":""A"",""Q3155"":""B""}"
SUB1789712425990,2026-09-18T06:20:25.990Z,HTTPSSSL1109,"Security Protocols: HTTPS, SSL/TLS(Basic Concepts)",Iqbal,iqbalmaqbool33@gmail.com,4.5,20,22.5,298,3,3,4,1,"{""Q3716"":""D"",""Q3717"":""B"",""Q3718"":""C"",""Q3720"":""D"",""Q3722"":""C"",""Q3724"":""D""}"
SUB1789714852474,2026-09-18T07:00:52.474Z,CTRPM1009,"Cyber Threat - Ransomeware, Phishing, Malware",Sourav Sharma,sharmasourav3636@gmail.com,15,20,75,315,8,2,0,6,"{""Q3676"":""D"",""Q3677"":""B"",""Q3678"":""B"",""Q3679"":""D"",""Q3680"":""C"",""Q3681"":""C"",""Q3682"":""B"",""Q3683"":""D"",""Q3684"":""A"",""Q3685"":""D""}"
SUB1789715508957,2026-09-18T07:11:48.957Z,CTRPM1009,"Cyber Threat - Ransomeware, Phishing, Malware",Sourav Sharma,sharmasourav3636@gmail.com,17.5,20,87.5,218,9,1,0,1,"{""Q3676"":""B"",""Q3677"":""A"",""Q3678"":""B"",""Q3679"":""D"",""Q3680"":""C"",""Q3681"":""C"",""Q3682"":""D"",""Q3683"":""D"",""Q3684"":""A"",""Q3685"":""D""}"
SUB1789715554416,2026-09-18T07:12:34.416Z,CTRPM1009,"Cyber Threat - Ransomeware, Phishing, Malware",Sourav Sharma,sharmasourav3636@gmail.com,17.5,20,87.5,218,9,1,0,2,"{""Q3676"":""B"",""Q3677"":""A"",""Q3678"":""B"",""Q3679"":""D"",""Q3680"":""C"",""Q3681"":""C"",""Q3682"":""D"",""Q3683"":""D"",""Q3684"":""A"",""Q3685"":""D""}"
SUB1789715588920,2026-09-18T07:13:08.920Z,CTRPM1009,"Cyber Threat - Ransomeware, Phishing, Malware",Sourav Sharma,sharmasourav3636@gmail.com,17.5,20,87.5,218,9,1,0,3,"{""Q3676"":""B"",""Q3677"":""A"",""Q3678"":""B"",""Q3679"":""D"",""Q3680"":""C"",""Q3681"":""C"",""Q3682"":""D"",""Q3683"":""D"",""Q3684"":""A"",""Q3685"":""D""}"
SUB1789715625195,2026-09-18T07:13:45.195Z,CTRPM1009,"Cyber Threat - Ransomeware, Phishing, Malware",Sourav Sharma,sharmasourav3636@gmail.com,17.5,20,87.5,218,9,1,0,4,"{""Q3676"":""B"",""Q3677"":""A"",""Q3678"":""B"",""Q3679"":""D"",""Q3680"":""C"",""Q3681"":""C"",""Q3682"":""D"",""Q3683"":""D"",""Q3684"":""A"",""Q3685"":""D""}"
SUB1789719042832,2026-09-18T08:10:42.833Z,CTRPM1009,"Cyber Threat - Ransomeware, Phishing, Malware",Kay4M,alikamran0103@gmail.com,12.5,20,62.5,444,7,3,0,9,"{""Q3676"":""D"",""Q3677"":""A"",""Q3678"":""B"",""Q3679"":""D"",""Q3680"":""C"",""Q3681"":""C"",""Q3682"":""D"",""Q3683"":""D"",""Q3684"":""B"",""Q3685"":""D""}"
SUB1789719995970,2026-09-18T08:26:35.970Z,NSFIDS1009,"Network Security - Firewalls, IDS/IPS",Kay4M,alikamran0103@gmail.com,9,20,45,600,5,2,3,2,"{""Q3686"":""A"",""Q3687"":""C"",""Q3688"":""B"",""Q3689"":""D"",""Q3690"":""C"",""Q3691"":""C"",""Q3692"":""C""}"
SUB1789730419686,2026-09-18T11:20:19.686Z,CRPTO1409,"Cryptography: Symmetric and Asymmetric Encryption, Hashing, Digital Signature",Iqbal,iqbalmaqbool33@gmail.com,12.5,20,62.5,376,7,3,0,1,"{""Q3786"":""C"",""Q3787"":""A"",""Q3788"":""A"",""Q3789"":""B"",""Q3790"":""B"",""Q3791"":""A"",""Q3792"":""A"",""Q3793"":""D"",""Q3794"":""B"",""Q3795"":""A""}"
SUB1789731753297,2026-09-18T11:42:33.297Z,CSUltimate1,Cyber Security & Legal Framework Ultimate Final Test,Iqbal,iqbalmaqbool33@gmail.com,2.5,10,25,112,2,3,0,3,"{""Q2221"":""D"",""Q2222"":""A"",""Q2223"":""C"",""Q2224"":""C"",""Q2225"":""B""}"
SUB1789735514233,2026-09-18T12:45:14.233Z,Social1709,"Concept of Social Accounting, Social Audit, and
 Cash Based Single Entry System of Accounting.",Tamanna Sharma,tamanna64135@gmail.com,7.5,10,75,512,8,2,0,1,"{""Q3836"":""C"",""Q3837"":""B"",""Q3838"":""A"",""Q3839"":""A"",""Q3840"":""A"",""Q3841"":""B"",""Q3842"":""B"",""Q3843"":""D"",""Q3844"":""C"",""Q3845"":""A""}"
SUB1789758229712,2026-09-18T19:03:49.712Z,OSITCP0109,OSI/TCP Models,Akash Raina,rainaakash1811@gmail.com,3,20,15,625,3,6,1,9,"{""Q3287"":""A"",""Q3288"":""B"",""Q3289"":""C"",""Q3291"":""A"",""Q3293"":""B"",""Q3294"":""D"",""Q3295"":""A"",""Q3286"":""C"",""Q3292"":""C""}"
SUB1789759028277,2026-09-18T19:17:08.277Z,RIPOSPF0109,Routing Protocols: RIP & OSPF(Basics),Akash Raina,rainaakash1811@gmail.com,12.5,20,62.5,376,7,3,0,5,"{""Q3326"":""A"",""Q3327"":""D"",""Q3329"":""A"",""Q3330"":""C"",""Q3331"":""C"",""Q3332"":""D"",""Q3333"":""B"",""Q3334"":""B"",""Q3335"":""C"",""Q3328"":""B""}"
SUB1789760594715,2026-09-18T19:43:14.715Z,STSIT0209,Switching Techniques,Akash Raina,rainaakash1811@gmail.com,8,20,40,429,5,4,1,3,"{""Q3346"":""A"",""Q3347"":""C"",""Q3348"":""C"",""Q3349"":""C"",""Q3350"":""A"",""Q3351"":""D"",""Q3353"":""C"",""Q3354"":""B"",""Q3355"":""B""}"
SUB1789761419552,2026-09-18T19:56:59.552Z,DSA0909,Data Structure & Algorithms Conceptual,Akash Raina,rainaakash1811@gmail.com,12.5,20,62.5,594,7,3,0,1,"{""Q3656"":""D"",""Q3657"":""D"",""Q3658"":""C"",""Q3659"":""C"",""Q3661"":""A"",""Q3662"":""B"",""Q3663"":""D"",""Q3664"":""A"",""Q3665"":""C"",""Q3660"":""B""}"
SUB1789762205724,2026-09-18T20:10:05.724Z,OOPS1009,Object Oriented Programming,Akash Raina,rainaakash1811@gmail.com,4,20,20,218,3,4,3,6,"{""Q3566"":""A"",""Q3567"":""A"",""Q3568"":""A"",""Q3569"":""B"",""Q3570"":""A"",""Q3573"":""C"",""Q3574"":""C""}"
SUB1789802486173,2026-09-19T07:21:26.173Z,DBMS1SIT,Database Management Systems Test 1,Danyal Bhat,danyalbhat000@gmail.com,23.5,60,39.17,859,15,13,2,7,"{""Q1561"":""B"",""Q1562"":""A"",""Q1563"":""D"",""Q1564"":""C"",""Q1565"":""A"",""Q1566"":""B"",""Q1567"":""C"",""Q1568"":""A"",""Q1569"":""C"",""Q1570"":""C"",""Q1571"":""A"",""Q1572"":""B"",""Q1573"":""A"",""Q1574"":""B"",""Q1575"":""C"",""Q1576"":""D"",""Q1577"":""A"",""Q1578"":""B"",""Q1579"":""C"",""Q1580"":""A"",""Q1581"":""D"",""Q1582"":""C"",""Q1583"":""B"",""Q1584"":""B"",""Q1585"":""B"",""Q1586"":""A"",""Q1587"":""B"",""Q1589"":""B""}"
SUB1789803594116,2026-09-19T07:39:54.116Z,T001B,JKPSI_Telecom_T001B,Shahkar Bashir,shahkarbashir12@gmail.com,28,40,70,1053,15,4,1,10,"{""Q212"":""D"",""Q213"":""D"",""Q214"":""D"",""Q216"":""D"",""Q218"":""D"",""Q219"":""D"",""Q220"":""D"",""Q221"":""D"",""Q222"":""B"",""Q223"":""A"",""Q224"":""B"",""Q225"":""C"",""Q226"":""B"",""Q227"":""B"",""Q228"":""B"",""Q229"":""C"",""Q230"":""A"",""Q231"":""B"",""Q215"":""B""}"
SUB1789806055170,2026-09-19T08:20:55.170Z,T001C,JKPSI Telecom T001C,Shahkar Bashir,shahkarbashir12@gmail.com,32.5,40,81.25,753,17,3,0,8,"{""Q232"":""D"",""Q233"":""A"",""Q234"":""C"",""Q235"":""C"",""Q236"":""C"",""Q237"":""B"",""Q238"":""C"",""Q239"":""B"",""Q240"":""A"",""Q241"":""C"",""Q242"":""B"",""Q243"":""B"",""Q244"":""A"",""Q245"":""A"",""Q246"":""B"",""Q247"":""A"",""Q248"":""C"",""Q249"":""A"",""Q250"":""B"",""Q251"":""B""}"
SUB1789807606798,2026-09-19T08:46:46.798Z,FMFS1409,Financial Management/ Financial Statements,Tamanna Sharma,tamanna64135@gmail.com,8,10,80,416,8,0,2,2,"{""Q3806"":""A"",""Q3807"":""B"",""Q3808"":""C"",""Q3809"":""D"",""Q3810"":""B"",""Q3811"":""A"",""Q3813"":""C"",""Q3814"":""C""}"
SUB1789808572696,2026-09-19T09:02:52.696Z,CSNS1SIT,CS & Networking Systems Test 1,RENU Sharma,itrenusharma21@gmail.com,15.5,60,25.83,1299,10,9,11,9,"{""Q1293"":""B"",""Q1295"":""D"",""Q1296"":""A"",""Q1297"":""B"",""Q1298"":""C"",""Q1299"":""B"",""Q1300"":""B"",""Q1302"":""C"",""Q1303"":""A"",""Q1306"":""A"",""Q1307"":""A"",""Q1308"":""B"",""Q1309"":""C"",""Q1310"":""B"",""Q1311"":""B"",""Q1313"":""A"",""Q1316"":""A"",""Q1317"":""A"",""Q1320"":""B""}"
SUB1789822326053,2026-09-19T12:52:06.053Z,DE01SIT,Digital Electronics Test 1,Rafiya Anwar,rafiyaanwar1@gmail.com,24,40,60,1335,13,4,3,5,"{""Q2181"":""B"",""Q2182"":""A"",""Q2183"":""C"",""Q2184"":""D"",""Q2185"":""B"",""Q2186"":""B"",""Q2187"":""A"",""Q2188"":""A"",""Q2189"":""A"",""Q2190"":""B"",""Q2191"":""C"",""Q2192"":""A"",""Q2193"":""C"",""Q2196"":""A"",""Q2197"":""B"",""Q2198"":""B"",""Q2200"":""B""}"
SUB1789822770406,2026-09-19T12:59:30.406Z,DE01SIT,Digital Electronics Test 1,Rafiya Anwar,rafiyaanwar1@gmail.com,0,40,0,6,0,0,20,8,{}
SUB1789870424736,2026-09-20T02:13:44.736Z,WifiBN0509,"Wireless Standards: Wifi(802.11 Family) Bluetooth, NFC",Sareer Wani,sareerwani978@gmail.com,2.5,20,12.5,231,3,7,0,3,"{""Q3396"":""B"",""Q3398"":""A"",""Q3400"":""C"",""Q3401"":""B"",""Q3403"":""C"",""Q3404"":""C"",""Q3405"":""A"",""Q3402"":""B"",""Q3399"":""A"",""Q3397"":""B""}"
SUB1789876664987,2026-09-20T03:57:44.987Z,RBIR10909,Role Of RBI,Shoaib,gameoverindian@gmail.com,4,10,40,286,5,4,1,1,"{""Q3626"":""D"",""Q3627"":""B"",""Q3628"":""B"",""Q3629"":""B"",""Q3630"":""A"",""Q3631"":""A"",""Q3632"":""A"",""Q3633"":""D"",""Q3634"":""A""}"
SUB1789877139146,2026-09-20T04:05:39.146Z,CF1508FAA,Computer Fundamentals & Hardwares,Shoaib,gameoverindian@gmail.com,1.5,10,15,234,3,6,1,5,"{""Q2787"":""C"",""Q2788"":""C"",""Q2786"":""C"",""Q2789"":""A"",""Q2790"":""D"",""Q2791"":""C"",""Q2792"":""C"",""Q2793"":""A"",""Q2795"":""B""}"
SUB1789886178085,2026-09-20T06:36:18.085Z,APT2908,Antennas: Parameter & Types,Sahil Ashraf,wellwisher07779@gmail.com,1.5,20,7.5,260,1,1,8,3,"{""Q3246"":""D"",""Q3248"":""C""}"
SUB1789886996052,2026-09-20T06:49:56.052Z,OFSC3108,Optical Fiber & Satelite Communication,Priya Sharma,priyasharmajk123@gmail.com,8,20,40,344,5,4,1,1,"{""Q3276"":""A"",""Q3277"":""B"",""Q3278"":""C"",""Q3279"":""A"",""Q3280"":""B"",""Q3281"":""A"",""Q3282"":""A"",""Q3284"":""B"",""Q3285"":""A""}"
SUB1789894239149,2026-09-20T08:50:39.149Z,GS2009,General Science,Deepu Sharma,deepusharmaudha2002@gmail.com,6.5,10,65,309,7,2,1,2,"{""Q4086"":""A"",""Q4088"":""B"",""Q4089"":""C"",""Q4090"":""B"",""Q4091"":""D"",""Q4092"":""C"",""Q4093"":""C"",""Q4094"":""A"",""Q4095"":""D""}"
SUB1789895003613,2026-09-20T09:03:23.613Z,T003A,Computer,Deepu Sharma,deepusharmaudha2002@gmail.com,5.25,10,52.5,554,6,3,1,18,"{""Q252"":""C"",""Q254"":""A"",""Q255"":""C"",""Q256"":""B"",""Q257"":""B"",""Q258"":""A"",""Q259"":""C"",""Q260"":""A"",""Q261"":""A""}"
SUB1789896904853,2026-09-20T09:35:04.853Z,NT3007,Network Theory Test 1,sameer Choudhary,choudharysameer287@gmail.com,6,40,15,1348,4,4,12,6,"{""Q2357"":""A"",""Q2352"":""B"",""Q2353"":""B"",""Q2355"":""D"",""Q2356"":""B"",""Q2365"":""B"",""Q2366"":""C"",""Q2359"":""D""}"
SUB1789899846198,2026-09-20T10:24:06.198Z,8085SIT1809,8085/8086 Architecture and instruction set basic,Sachin,sachintikoo14@gmail.com,7.5,20,37.5,57,5,5,0,9,"{""Q3856"":""A"",""Q3857"":""D"",""Q3858"":""C"",""Q3859"":""C"",""Q3860"":""A"",""Q3861"":""C"",""Q3862"":""B"",""Q3863"":""A"",""Q3864"":""C"",""Q3865"":""B""}"
SUB1789900416844,2026-09-20T10:33:36.844Z,T001,JKPSI_Telecom_Unit1,Sachin,sachintikoo14@gmail.com,12,198,6.06,549,10,16,73,41,"{""Q003"":""C"",""Q004"":""B"",""Q005"":""C"",""Q006"":""C"",""Q007"":""B"",""Q008"":""A"",""Q009"":""A"",""Q010"":""B"",""Q011"":""B"",""Q012"":""B"",""Q013"":""C"",""Q014"":""B"",""Q015"":""C"",""Q016"":""C"",""Q018"":""D"",""Q019"":""B"",""Q020"":""A"",""Q021"":""D"",""Q022"":""C"",""Q023"":""B"",""Q024"":""B"",""Q025"":""D"",""Q026"":""A"",""Q027"":""C"",""Q028"":""B"",""Q029"":""C""}"
SUB1789908275314,2026-09-20T12:44:35.314Z,DBMS2SIT,Database Management Systems Test 2,Danyal Bhat,danyalbhat000@gmail.com,17.5,60,29.17,904,13,17,0,4,"{""Q1591"":""A"",""Q1592"":""C"",""Q1593"":""C"",""Q1594"":""B"",""Q1595"":""D"",""Q1596"":""B"",""Q1597"":""D"",""Q1598"":""D"",""Q1599"":""B"",""Q1600"":""B"",""Q1601"":""A"",""Q1602"":""C"",""Q1603"":""D"",""Q1604"":""D"",""Q1605"":""D"",""Q1606"":""A"",""Q1607"":""A"",""Q1608"":""B"",""Q1609"":""C"",""Q1610"":""A"",""Q1611"":""A"",""Q1612"":""C"",""Q1613"":""B"",""Q1614"":""B"",""Q1615"":""B"",""Q1616"":""D"",""Q1617"":""A"",""Q1618"":""B"",""Q1619"":""C"",""Q1620"":""B""}"
SUB1789912219610,2026-09-20T13:50:19.610Z,T003B,Accountancy,Deepu Sharma,deepusharmaudha2002@gmail.com,25,30,83.33,1000,26,4,0,7,"{""Q292"":""B"",""Q293"":""A"",""Q294"":""C"",""Q295"":""B"",""Q296"":""B"",""Q297"":""D"",""Q298"":""D"",""Q299"":""B"",""Q300"":""A"",""Q301"":""C"",""Q302"":""A"",""Q303"":""B"",""Q304"":""A"",""Q305"":""B"",""Q306"":""D"",""Q307"":""B"",""Q308"":""B"",""Q309"":""B"",""Q310"":""C"",""Q311"":""A"",""Q312"":""B"",""Q313"":""C"",""Q314"":""D"",""Q315"":""B"",""Q316"":""B"",""Q317"":""B"",""Q318"":""B"",""Q319"":""C"",""Q320"":""B"",""Q321"":""A""}"
SUB1789912318522,2026-09-20T13:51:58.522Z,T003A,Computer,Ruqayya,ruqiaahmad06@gmail.com,4.75,10,47.5,257,5,1,4,20,"{""Q252"":""D"",""Q254"":""A"",""Q256"":""C"",""Q258"":""A"",""Q259"":""C"",""Q261"":""A""}"
SUB1789915149871,2026-09-20T14:39:09.871Z,8085SIT1709,8085/8086 Architecture and instruction set basic,Kay4M,alikamran0103@gmail.com,7,20,35,600,4,2,4,2,"{""Q3846"":""D"",""Q3847"":""B"",""Q3848"":""C"",""Q3849"":""B"",""Q3850"":""C"",""Q3852"":""B""}"
SUB1789916300707,2026-09-20T14:58:20.707Z,80511909,8051 Microcontrollor Basics,Kay4M,alikamran0103@gmail.com,10.5,20,52.5,197,6,3,1,1,"{""Q4016"":""C"",""Q4017"":""A"",""Q4019"":""C"",""Q4020"":""C"",""Q4021"":""B"",""Q4022"":""B"",""Q4023"":""A"",""Q4024"":""C"",""Q4025"":""C""}"
SUB1789916886345,2026-09-20T15:08:06.345Z,DSADM1909,Database System Architecture and data models,Kay4M,alikamran0103@gmail.com,15,20,75,202,8,2,0,1,"{""Q4006"":""C"",""Q4007"":""B"",""Q4008"":""C"",""Q4009"":""D"",""Q4010"":""B"",""Q4011"":""B"",""Q4012"":""A"",""Q4013"":""A"",""Q4014"":""B"",""Q4015"":""C""}"
SUB1789917898087,2026-09-20T15:24:58.087Z,SIEMaths2009,Mathematical Abilities,Kamran,kamuraza09@gmail.com,11.5,30,38.33,646,6,1,8,1,"{""Q4056"":""A"",""Q4057"":""C"",""Q4058"":""A"",""Q4059"":""B"",""Q4060"":""B"",""Q4062"":""C"",""Q4066"":""A""}"
SUB1789921688958,2026-09-20T16:28:08.958Z,DE01SIT,Digital Electronics Test 1,Rafiya Anwar,rafiyaanwar1@gmail.com,31.5,40,78.75,568,16,1,3,3,"{""Q2181"":""B"",""Q2182"":""B"",""Q2183"":""C"",""Q2184"":""A"",""Q2185"":""B"",""Q2186"":""B"",""Q2187"":""A"",""Q2188"":""A"",""Q2189"":""A"",""Q2190"":""B"",""Q2191"":""C"",""Q2192"":""A"",""Q2193"":""C"",""Q2195"":""A"",""Q2196"":""A"",""Q2197"":""B"",""Q2198"":""B""}"
SUB1789922720575,2026-09-20T16:45:20.575Z,DESIT1608,Digital Electronics Test 2,Rafiya Anwar,rafiyaanwar1@gmail.com,13,20,65,372,7,2,1,4,"{""Q2606"":""C"",""Q2607"":""B"",""Q2608"":""A"",""Q2609"":""C"",""Q2610"":""C"",""Q2611"":""B"",""Q2612"":""D"",""Q2613"":""A"",""Q2614"":""A""}"
SUB1789924599506,2026-09-20T17:16:39.506Z,DESIT1609,Digital Electronics Test 3,Rafiya Anwar,rafiyaanwar1@gmail.com,11.5,20,57.5,516,6,1,3,1,"{""Q2617"":""B"",""Q2618"":""A"",""Q2619"":""A"",""Q2620"":""C"",""Q2621"":""D"",""Q2622"":""C"",""Q2623"":""C""}"
SUB1789926443847,2026-09-20T17:47:23.847Z,SEQS1109,Sequential Circuits,Rafiya Anwar,rafiyaanwar1@gmail.com,7,20,35,400,4,2,4,1,"{""Q3746"":""B"",""Q3747"":""A"",""Q3749"":""D"",""Q3750"":""B"",""Q3752"":""D"",""Q3755"":""B""}"
SUB1789958601632,2026-09-21T02:43:21.632Z,GS2009,General Science,Murtaza,murtazafazli497@gmail.com,7.5,10,75,380,8,2,0,1,"{""Q4086"":""A"",""Q4087"":""B"",""Q4088"":""B"",""Q4089"":""C"",""Q4090"":""B"",""Q4091"":""D"",""Q4092"":""C"",""Q4093"":""C"",""Q4094"":""A"",""Q4095"":""A""}"
SUB1789968981764,2026-09-21T05:36:21.764Z,OOPS1009,Object Oriented Programming,Sareer Wani,sareerwani978@gmail.com,3,20,15,285,3,6,1,8,"{""Q3566"":""A"",""Q3568"":""A"",""Q3569"":""A"",""Q3570"":""B"",""Q3571"":""A"",""Q3572"":""A"",""Q3573"":""D"",""Q3574"":""C"",""Q3575"":""A""}"
SUB1789970172767,2026-09-21T05:56:12.767Z,RDSQL2009,Relational Database and SQL Concepts,Kay4M,alikamran0103@gmail.com,17.5,20,87.5,127,9,1,0,1,"{""Q4546"":""A"",""Q4547"":""C"",""Q4548"":""C"",""Q4549"":""B"",""Q4550"":""C"",""Q4551"":""A"",""Q4552"":""A"",""Q4553"":""C"",""Q4554"":""A"",""Q4555"":""A""}"
SUB1789971001333,2026-09-21T06:10:01.333Z,8085SIT1809,8085/8086 Architecture and instruction set basic,Mohd Rizwan Ghafoori,rizwanghafoori022@gmail.com,12.5,20,62.5,393,7,3,0,3,"{""Q3856"":""A"",""Q3857"":""D"",""Q3858"":""C"",""Q3859"":""C"",""Q3860"":""A"",""Q3861"":""C"",""Q3862"":""C"",""Q3863"":""D"",""Q3864"":""C"",""Q3865"":""A""}"
SUB1789971143019,2026-09-21T06:12:23.019Z,CTRPM1009,"Cyber Threat - Ransomeware, Phishing, Malware",Kay4M,alikamran0103@gmail.com,13,20,65,280,7,2,1,8,"{""Q3676"":""B"",""Q3677"":""A"",""Q3678"":""B"",""Q3679"":""C"",""Q3680"":""C"",""Q3682"":""B"",""Q3683"":""D"",""Q3684"":""A"",""Q3685"":""A""}"
SUB1789971680179,2026-09-21T06:21:20.179Z,NSFIDS1009,"Network Security - Firewalls, IDS/IPS",Kay4M,alikamran0103@gmail.com,11,20,55,443,6,2,2,1,"{""Q3686"":""A"",""Q3687"":""C"",""Q3688"":""A"",""Q3689"":""D"",""Q3690"":""C"",""Q3691"":""C"",""Q3692"":""C"",""Q3693"":""C""}"
SUB1789972073111,2026-09-21T06:27:53.111Z,AACSIT1109,Authentication And Access Control,Kay4M,alikamran0103@gmail.com,13.5,20,67.5,323,7,1,2,1,"{""Q3706"":""C"",""Q3708"":""B"",""Q3709"":""C"",""Q3710"":""D"",""Q3712"":""B"",""Q3713"":""A"",""Q3714"":""B"",""Q3715"":""C""}"
SUB1789972388520,2026-09-21T06:33:08.520Z,FAA2024,Finance Account Assistant 2024,Nishant Sharma,nishantsharma3281@gmail.com,49,120,40.83,3720,58,36,26,1,"{""Q4196"":""C"",""Q4197"":""B"",""Q4198"":""B"",""Q4199"":""B"",""Q4200"":""C"",""Q4201"":""C"",""Q4202"":""A"",""Q4204"":""A"",""Q4205"":""A"",""Q4206"":""D"",""Q4207"":""A"",""Q4208"":""D"",""Q4209"":""A"",""Q4210"":""D"",""Q4213"":""B"",""Q4214"":""C"",""Q4215"":""C"",""Q4216"":""C"",""Q4218"":""A"",""Q4219"":""C"",""Q4220"":""C"",""Q4221"":""D"",""Q4223"":""B"",""Q4224"":""C"",""Q4225"":""D"",""Q4226"":""D"",""Q4228"":""C"",""Q4229"":""D"",""Q4230"":""C"",""Q4231"":""B"",""Q4232"":""D"",""Q4233"":""A"",""Q4234"":""A"",""Q4236"":""C"",""Q4237"":""A"",""Q4238"":""A"",""Q4239"":""C"",""Q4241"":""D"",""Q4242"":""C"",""Q4243"":""A"",""Q4244"":""C"",""Q4245"":""B"",""Q4246"":""D"",""Q4247"":""D"",""Q4249"":""C"",""Q4250"":""A"",""Q4252"":""B"",""Q4253"":""A"",""Q4254"":""C"",""Q4255"":""A"",""Q4256"":""D"",""Q4257"":""A"",""Q4258"":""A"",""Q4259"":""A"",""Q4260"":""A"",""Q4261"":""A"",""Q4262"":""C"",""Q4263"":""A"",""Q4264"":""B"",""Q4265"":""D"",""Q4266"":""B"",""Q4267"":""D"",""Q4268"":""A"",""Q4269"":""B"",""Q4271"":""A"",""Q4273"":""A"",""Q4274"":""D"",""Q4277"":""C"",""Q4285"":""D"",""Q4286"":""B"",""Q4287"":""D"",""Q4288"":""D"",""Q4289"":""C"",""Q4290"":""D"",""Q4291"":""C"",""Q4292"":""B"",""Q4293"":""C"",""Q4294"":""C"",""Q4295"":""B"",""Q4296"":""A"",""Q4297"":""A"",""Q4299"":""A"",""Q4300"":""A"",""Q4301"":""A"",""Q4302"":""B"",""Q4303"":""D"",""Q4304"":""A"",""Q4305"":""B"",""Q4307"":""C"",""Q4309"":""B"",""Q4310"":""B"",""Q4311"":""D"",""Q4312"":""A"",""Q4313"":""B""}"
SUB1789974863112,2026-09-21T07:14:23.112Z,Dhobi1609,Barber/Dhobi/Jr. Dhobi 15 Sept 2026,Junaid,suhailwani0377@gmail.com,16.25,120,13.54,858,21,19,80,2,"{""Q3866"":""C"",""Q3867"":""C"",""Q3868"":""B"",""Q3869"":""B"",""Q3872"":""B"",""Q3873"":""B"",""Q3874"":""C"",""Q3875"":""C"",""Q3876"":""B"",""Q3877"":""B"",""Q3880"":""D"",""Q3882"":""B"",""Q3883"":""B"",""Q3884"":""C"",""Q3887"":""B"",""Q3888"":""A"",""Q3889"":""B"",""Q3890"":""C"",""Q3891"":""A"",""Q3892"":""C"",""Q3894"":""A"",""Q3897"":""B"",""Q3898"":""A"",""Q3899"":""B"",""Q3900"":""B"",""Q3902"":""C"",""Q3903"":""B"",""Q3904"":""B"",""Q3905"":""A"",""Q3906"":""B"",""Q3907"":""B"",""Q3908"":""A"",""Q3909"":""C"",""Q3910"":""C"",""Q3911"":""B"",""Q3912"":""B"",""Q3914"":""B"",""Q3916"":""A"",""Q3917"":""C"",""Q3918"":""C""}"
SUB1789975983878,2026-09-21T07:33:03.878Z,EMN2G0509,Evolution Of Mobile Networks: 2G to 5g,Priya Sharma,priyasharmajk123@gmail.com,16,20,80,138,8,0,2,1,"{""Q3376"":""C"",""Q3377"":""A"",""Q3379"":""C"",""Q3380"":""C"",""Q3381"":""A"",""Q3382"":""C"",""Q3383"":""C"",""Q3384"":""D""}"
SUB1789988293842,2026-09-21T10:58:13.842Z,CRPTO1409,"Cryptography: Symmetric and Asymmetric Encryption, Hashing, Digital Signature",Sahil kumar Dabotra,sahilkumar199819@gmail.com,2,20,10,354,2,4,4,2,"{""Q3786"":""C"",""Q3787"":""D"",""Q3789"":""A"",""Q3792"":""D"",""Q3793"":""D"",""Q3795"":""A""}"
SUB1789988439053,2026-09-21T11:00:39.053Z,CRPTO1409,"Cryptography: Symmetric and Asymmetric Encryption, Hashing, Digital Signature",Sahil kumar Dabotra,sahilkumar199819@gmail.com,0,20,0,14,0,0,10,3,{}
SUB1789989863641,2026-09-21T11:24:23.641Z,NT0608SIT,Network Theory Test 2,sameer Choudhary,choudharysameer287@gmail.com,22.5,40,56.25,111,12,3,5,3,"{""Q2511"":""D"",""Q2512"":""C"",""Q2513"":""B"",""Q2514"":""B"",""Q2515"":""B"",""Q2516"":""B"",""Q2517"":""C"",""Q2519"":""B"",""Q2520"":""A"",""Q2523"":""C"",""Q2524"":""B"",""Q2525"":""C"",""Q2527"":""A"",""Q2528"":""C"",""Q2529"":""C""}"
SUB1790001535069,2026-09-21T14:38:55.070Z,NSCDE0909,Number System & Conversions,Rafiya Anwar,rafiyaanwar1@gmail.com,10,20,50,600,5,0,5,2,"{""Q3646"":""C"",""Q3647"":""B"",""Q3648"":""D"",""Q3651"":""B"",""Q3652"":""D""}"
SUB1790002477334,2026-09-21T14:54:37.335Z,KMAPS1109,K Maps,Rafiya Anwar,rafiyaanwar1@gmail.com,10,20,50,421,6,4,0,8,"{""Q3726"":""B"",""Q3727"":""B"",""Q3728"":""C"",""Q3729"":""B"",""Q3730"":""A"",""Q3731"":""B"",""Q3732"":""C"",""Q3733"":""C"",""Q3734"":""B"",""Q3735"":""D""}"
SUB1790011648147,2026-09-21T17:27:28.147Z,OSSIT0909,"Operating System: Process, Memory & File System",Sahil Ashraf,wellwisher07779@gmail.com,12.5,20,62.5,554,7,3,0,2,"{""Q3666"":""B"",""Q3667"":""D"",""Q3668"":""C"",""Q3669"":""A"",""Q3670"":""D"",""Q3672"":""B"",""Q3673"":""C"",""Q3675"":""C"",""Q3674"":""A"",""Q3671"":""A""}"
SUB1790051199244,2026-09-22T04:26:39.244Z,AI2SIT,"AI, DS and Automation Test 2",Rafiya Anwar,rafiyaanwar1@gmail.com,11.5,60,19.17,1322,8,9,13,7,"{""Q1771"":""D"",""Q1772"":""D"",""Q1773"":""A"",""Q1774"":""A"",""Q1776"":""A"",""Q1777"":""B"",""Q1778"":""B"",""Q1779"":""B"",""Q1780"":""D"",""Q1782"":""A"",""Q1784"":""D"",""Q1786"":""D"",""Q1787"":""B"",""Q1788"":""C"",""Q1792"":""D"",""Q1794"":""A"",""Q1796"":""D""}"
SUB1790053748145,2026-09-22T05:09:08.145Z,ACAFP2408,"Analog Communication: AM, FM, PM",Priya Sharma,priyasharmajk123@gmail.com,12.5,20,62.5,296,7,3,0,3,"{""Q3086"":""C"",""Q3087"":""B"",""Q3088"":""D"",""Q3089"":""B"",""Q3090"":""A"",""Q3091"":""B"",""Q3092"":""C"",""Q3093"":""A"",""Q3094"":""C"",""Q3095"":""A""}"
SUB1790056451326,2026-09-22T05:54:11.326Z,T001B,JKPSI_Telecom_T001B,Kay4M,alikamran0103@gmail.com,35.5,40,88.75,481,18,1,1,3,"{""Q212"":""D"",""Q213"":""D"",""Q214"":""D"",""Q215"":""C"",""Q216"":""D"",""Q217"":""D"",""Q218"":""A"",""Q219"":""D"",""Q220"":""D"",""Q221"":""C"",""Q222"":""B"",""Q224"":""B"",""Q225"":""C"",""Q226"":""B"",""Q227"":""B"",""Q228"":""B"",""Q229"":""C"",""Q230"":""A"",""Q231"":""B""}"
SUB1790058533463,2026-09-22T06:28:53.463Z,AI1SIT,"AI, DS and Automation Test 1",Sahil Ashraf,wellwisher07779@gmail.com,51.5,60,85.83,995,26,1,3,5,"{""Q1741"":""B"",""Q1742"":""C"",""Q1743"":""A"",""Q1744"":""A"",""Q1745"":""C"",""Q1746"":""B"",""Q1747"":""C"",""Q1748"":""B"",""Q1749"":""A"",""Q1750"":""B"",""Q1751"":""A"",""Q1752"":""A"",""Q1754"":""C"",""Q1755"":""B"",""Q1756"":""B"",""Q1757"":""B"",""Q1758"":""A"",""Q1759"":""B"",""Q1760"":""C"",""Q1761"":""A"",""Q1763"":""C"",""Q1764"":""C"",""Q1765"":""B"",""Q1766"":""A"",""Q1768"":""C"",""Q1769"":""C"",""Q1770"":""B""}"
SUB1790061265232,2026-09-22T07:14:25.232Z,GIRSIE2009,General Intelligence & Reasoning:,Peerzada Farhat,peerzadafarhat68@gmail.com,2,30,6.67,780,1,0,14,1,"{""Q4071"":""A""}"
SUB1790062478736,2026-09-22T07:34:38.736Z,RIPOSPF0109,Routing Protocols: RIP & OSPF(Basics),Sahil Ashraf,wellwisher07779@gmail.com,17.5,20,87.5,373,9,1,0,3,"{""Q3326"":""A"",""Q3327"":""D"",""Q3329"":""D"",""Q3330"":""B"",""Q3331"":""C"",""Q3332"":""D"",""Q3333"":""B"",""Q3334"":""B"",""Q3335"":""A"",""Q3328"":""D""}"
SUB1790062747873,2026-09-22T07:39:07.873Z,WPGSW3008,"Wave Propagation: Ground, Sky, Space wave",Priya Sharma,priyasharmajk123@gmail.com,8,20,40,243,5,4,1,3,"{""Q3266"":""B"",""Q3267"":""D"",""Q3269"":""A"",""Q3270"":""C"",""Q3271"":""A"",""Q3272"":""B"",""Q3273"":""C"",""Q3274"":""C"",""Q3275"":""B""}"
SUB1790063273595,2026-09-22T07:47:53.595Z,NDHRS0509,"Network Devices: Hub, Router, Switch",Sahil Ashraf,wellwisher07779@gmail.com,0,20,0,455,2,8,0,7,"{""Q3386"":""D"",""Q3387"":""B"",""Q3388"":""A"",""Q3389"":""C"",""Q3390"":""D"",""Q3391"":""A"",""Q3392"":""D"",""Q3393"":""B"",""Q3394"":""C"",""Q3395"":""B""}"
SUB1790066564009,2026-09-22T08:42:44.009Z,MAT06009,"Multiple Access Techniques: FDMA, TDMA, CDMA, OFDMA",Priya Sharma,priyasharmajk123@gmail.com,10.5,20,52.5,149,6,3,1,3,"{""Q3416"":""D"",""Q3417"":""D"",""Q3418"":""A"",""Q3419"":""A"",""Q3420"":""B"",""Q3421"":""D"",""Q3422"":""A"",""Q3424"":""A"",""Q3425"":""C""}"
SUB1790075054965,2026-09-22T11:04:14.965Z,GIR3SIT,GI & Reasoning Test 3,sameer Choudhary,choudharysameer287@gmail.com,31.5,60,52.5,2115,17,5,8,5,"{""Q759"":""C"",""Q761"":""A"",""Q763"":""B"",""Q764"":""B"",""Q765"":""B"",""Q766"":""A"",""Q767"":""A"",""Q768"":""A"",""Q769"":""A"",""Q771"":""B"",""Q770"":""B"",""Q773"":""A"",""Q774"":""C"",""Q775"":""D"",""Q776"":""B"",""Q778"":""C"",""Q780"":""C"",""Q782"":""A"",""Q785"":""A"",""Q786"":""D"",""Q760"":""C"",""Q781"":""B""}"
SUB1790081513358,2026-09-22T12:51:53.358Z,AB1008,Accounting Equation & Journal Entry,Tamanna Sharma,tamanna64135@gmail.com,6.25,10,62.5,563,7,3,0,7,"{""Q2676"":""B"",""Q2677"":""A"",""Q2678"":""D"",""Q2679"":""B"",""Q2680"":""C"",""Q2681"":""A"",""Q2682"":""D"",""Q2683"":""C"",""Q2684"":""A"",""Q2685"":""A""}"
SUB1790090559468,2026-09-22T15:22:39.468Z,GJK1308SIT,Geography Of J&K,Rafiya Anwar,rafiyaanwar1@gmail.com,23,20,115,509,13,6,1,6,"{""Q2726"":""A"",""Q2727"":""C"",""Q2728"":""A"",""Q2729"":""C"",""Q2730"":""B"",""Q2732"":""C"",""Q2733"":""C"",""Q2734"":""A"",""Q2735"":""D"",""Q2736"":""C"",""Q2737"":""B"",""Q2738"":""B"",""Q2739"":""B"",""Q2740"":""B"",""Q2741"":""C"",""Q2742"":""A"",""Q2743"":""B"",""Q2744"":""C"",""Q2745"":""C""}"
SUB1790091722577_96c6a9d1,2026-09-22T15:42:02.578Z,MEM2009,Memory interfacing (conceptual),Kay4M,alikamran0103@gmail.com,0,20,0,19,2,8,0,1,"{""Q4556"":""A"",""Q4557"":""D"",""Q4558"":""A"",""Q4559"":""D"",""Q4560"":""A"",""Q4561"":""B"",""Q4562"":""D"",""Q4563"":""C"",""Q4564"":""B"",""Q4565"":""D""}"
SUB1790091847225_209c4958,2026-09-22T15:44:07.228Z,HJK1308SIT,History Of J&K,Rafiya Anwar,rafiyaanwar1@gmail.com,15,40,37.5,577,9,6,5,8,"{""Q2706"":""A"",""Q2707"":""D"",""Q2708"":""C"",""Q2709"":""D"",""Q2710"":""A"",""Q2712"":""B"",""Q2713"":""B"",""Q2714"":""A"",""Q2717"":""C"",""Q2718"":""C"",""Q2719"":""A"",""Q2720"":""C"",""Q2721"":""A"",""Q2723"":""B"",""Q2724"":""C""}"
SUB1790091874383_9d55875c,2026-09-22T15:44:34.383Z,HJK1308SIT,History Of J&K,Rafiya Anwar,rafiyaanwar1@gmail.com,15,40,37.5,577,9,6,5,9,"{""Q2706"":""A"",""Q2707"":""D"",""Q2708"":""C"",""Q2709"":""D"",""Q2710"":""A"",""Q2712"":""B"",""Q2713"":""B"",""Q2714"":""A"",""Q2717"":""C"",""Q2718"":""C"",""Q2719"":""A"",""Q2720"":""C"",""Q2721"":""A"",""Q2723"":""B"",""Q2724"":""C""}"
SUB1790093088734_df6e5cb9,2026-09-22T16:04:48.735Z,GS2009,General Science,Kay4M,alikamran0103@gmail.com,0,10,0,11,0,0,10,5,{}
SUB1790094443632_9f7d30b2,2026-09-22T16:27:23.632Z,JKGK1SIT,UT Specific GK Test-1,Rafiya Anwar,rafiyaanwar1@gmail.com,29,60,48.33,1080,17,10,3,2,"{""Q514"":""D"",""Q515"":""A"",""Q516"":""A"",""Q517"":""A"",""Q518"":""D"",""Q519"":""C"",""Q520"":""A"",""Q522"":""A"",""Q523"":""D"",""Q524"":""D"",""Q525"":""D"",""Q526"":""A"",""Q527"":""D"",""Q528"":""C"",""Q529"":""C"",""Q530"":""A"",""Q532"":""D"",""Q533"":""D"",""Q534"":""D"",""Q535"":""D"",""Q536"":""A"",""Q537"":""A"",""Q539"":""D"",""Q540"":""D"",""Q541"":""D"",""Q687"":""A"",""Q688"":""A""}"
SUB1790095333164_6a12aa31,2026-09-22T16:42:13.165Z,NDHRS0509,"Network Devices: Hub, Router, Switch",Mohim Mahmood khan,mohimk565@gmail.com,6,20,30,371,4,4,2,4,"{""Q3386"":""D"",""Q3387"":""D"",""Q3388"":""C"",""Q3389"":""A"",""Q3390"":""B"",""Q3392"":""D"",""Q3393"":""B"",""Q3395"":""C""}"
SUB1790100028929_6bfe7bda,2026-09-22T18:00:28.932Z,AI1SIT,"AI, DS and Automation Test 1",Sahil Ashraf,wellwisher07779@gmail.com,40,60,66.67,1347,21,4,5,12,"{""Q1741"":""B"",""Q1742"":""C"",""Q1743"":""A"",""Q1744"":""A"",""Q1745"":""C"",""Q1746"":""A"",""Q1747"":""B"",""Q1748"":""B"",""Q1749"":""A"",""Q1750"":""B"",""Q1751"":""A"",""Q1752"":""A"",""Q1753"":""A"",""Q1754"":""C"",""Q1755"":""B"",""Q1757"":""B"",""Q1758"":""A"",""Q1759"":""B"",""Q1760"":""C"",""Q1761"":""A"",""Q1764"":""C"",""Q1765"":""B"",""Q1766"":""A"",""Q1767"":""C"",""Q1768"":""C""}"
SUB1790100496144_7196acd6,2026-09-22T18:08:16.145Z,ACSIT0808,Analog Circuit Test 1,Sourav Sharma,sharmasourav3636@gmail.com,9.5,20,47.5,140,5,1,4,3,"{""Q2576"":""D"",""Q2578"":""A"",""Q2580"":""A"",""Q2583"":""B"",""Q2584"":""C"",""Q2585"":""B""}"
SUB1790140792815_6fcb608f,2026-09-23T05:19:52.816Z,8085SIT1809,8085/8086 Architecture and instruction set basic,Yasir,yasirnisar66@gmail.com,9.5,20,47.5,157,5,1,4,6,"{""Q3856"":""A"",""Q3858"":""C"",""Q3859"":""C"",""Q3860"":""B"",""Q3862"":""C"",""Q3864"":""C""}"
SUB1790144674342_94a8f147,2026-09-23T06:24:34.343Z,NT3007,Network Theory Test 1,Bassam Majid,bhattibassam425@gmail.com,6.5,40,16.25,382,4,3,13,5,"{""Q2351"":""B"",""Q2352"":""B"",""Q2353"":""B"",""Q2355"":""C"",""Q2356"":""C"",""Q2357"":""A"",""Q2358"":""B""}"
SUB1790147034802_737cc461,2026-09-23T07:03:54.803Z,WMC0109,Wireless & Mobile Communication,Priya Sharma,priyasharmajk123@gmail.com,5.5,20,27.5,143,3,1,6,2,"{""Q3316"":""C"",""Q3318"":""A"",""Q3319"":""A"",""Q3323"":""A""}"
SUB1790147056933_752d8820,2026-09-23T07:04:16.934Z,WMC0109,Wireless & Mobile Communication,Priya Sharma,priyasharmajk123@gmail.com,5.5,20,27.5,143,3,1,6,3,"{""Q3316"":""C"",""Q3318"":""A"",""Q3319"":""A"",""Q3323"":""A""}"
SUB1790150615381_f21e2f54,2026-09-23T08:03:35.383Z,GSHalfFreeSIT1,Part 1 GS Full Length Test,Ruhi Saini,ruhisaini223@gmail.com,-2,60,-3.33,200,0,4,26,4,"{""Q2876"":""C"",""Q2877"":""D"",""Q2878"":""C"",""Q2879"":""C""}"
SUB1790151174885_76004d63,2026-09-23T08:12:54.886Z,8085SIT1809,8085/8086 Architecture and instruction set basic,MOHD HABEEB,mohdhabeeb2021@gmail.com,13,20,65,301,7,2,1,1,"{""Q3856"":""A"",""Q3857"":""B"",""Q3858"":""C"",""Q3859"":""A"",""Q3860"":""B"",""Q3861"":""C"",""Q3862"":""C"",""Q3863"":""B"",""Q3864"":""C""}"
SUB1790152332974_f592e4c2,2026-09-23T08:32:12.980Z,LGBA1009,Logic gates & Boolean Algebra,Mohd Aslam,aqidnazir11@gmail.com,13,20,65,600,7,2,1,2,"{""Q3696"":""D"",""Q3697"":""C"",""Q3699"":""D"",""Q3700"":""D"",""Q3701"":""B"",""Q3702"":""D"",""Q3703"":""C"",""Q3705"":""A"",""Q3698"":""A""}"
SUB1790153496916_de8e389f,2026-09-23T08:51:36.916Z,KMAPS1109,K Maps,Mohd Aslam,aqidnazir11@gmail.com,20,20,100,354,10,0,0,1,"{""Q3726"":""B"",""Q3727"":""C"",""Q3728"":""C"",""Q3729"":""B"",""Q3730"":""C"",""Q3731"":""D"",""Q3732"":""C"",""Q3733"":""B"",""Q3734"":""B"",""Q3735"":""D""}"
SUB1790153763543_e97c18ae,2026-09-23T08:56:03.551Z,COMB1109,Combinational Circuits,Sam,shahidkkhan535@gmail.com,10.5,20,52.5,422,6,3,1,1,"{""Q3736"":""C"",""Q3737"":""C"",""Q3739"":""D"",""Q3740"":""B"",""Q3745"":""B"",""Q3744"":""B"",""Q3743"":""C"",""Q3742"":""D"",""Q3741"":""B""}"
SUB1790154397827_8c335713,2026-09-23T09:06:37.828Z,MP1SIT,Microprocessors Test 1,Sourav Sharma,sharmasourav3636@gmail.com,38,40,95,192,19,0,1,1,"{""Q2201"":""B"",""Q2202"":""B"",""Q2203"":""C"",""Q2204"":""C"",""Q2205"":""C"",""Q2206"":""B"",""Q2207"":""A"",""Q2208"":""B"",""Q2209"":""B"",""Q2210"":""A"",""Q2211"":""C"",""Q2212"":""B"",""Q2213"":""B"",""Q2214"":""B"",""Q2215"":""C"",""Q2216"":""A"",""Q2217"":""C"",""Q2218"":""B"",""Q2220"":""B""}"
SUB1790154431064_8d028862,2026-09-23T09:07:11.065Z,ED1SITFree,Electronic Devices,Aqeel Nazir,aqeelnazir32@gmail.com,1.5,20,7.5,162,1,1,8,18,"{""Q2171"":""A"",""Q2172"":""A""}"
SUB1790155723691_77eefd2f,2026-09-23T09:28:43.692Z,NT3007,Network Theory Test 1,Sam,shahidkkhan535@gmail.com,33.5,40,83.75,1089,17,1,2,1,"{""Q2351"":""B"",""Q2352"":""B"",""Q2353"":""C"",""Q2354"":""C"",""Q2355"":""D"",""Q2356"":""D"",""Q2357"":""A"",""Q2358"":""B"",""Q2359"":""B"",""Q2360"":""B"",""Q2361"":""A"",""Q2362"":""C"",""Q2363"":""C"",""Q2364"":""A"",""Q2366"":""D"",""Q2367"":""B"",""Q2368"":""B"",""Q2370"":""B""}"
SUB1790156797027_f57c1636,2026-09-23T09:46:37.028Z,IPSPSPFR2209,"Indian Polity: Preamble, Fundamental Rights & 
Duties, Directive Principles of State Policy",Umer Nisar,loneumar166@gmail.com,7.5,20,37.5,140,5,5,0,4,"{""Q4616"":""B"",""Q4617"":""C"",""Q4618"":""A"",""Q4619"":""A"",""Q4620"":""A"",""Q4621"":""A"",""Q4622"":""C"",""Q4623"":""C"",""Q4624"":""C"",""Q4625"":""A""}"
SUB1790158270658_7a98bd39,2026-09-23T10:11:10.658Z,IOTAM2M2209,IOT Architecture and M2M Communication,Manhas,manhasrahi164@gmail.com,0,20,0,515,2,8,0,1,"{""Q4578"":""A"",""Q4580"":""C"",""Q4581"":""C"",""Q4582"":""B"",""Q4583"":""B"",""Q4584"":""C"",""Q4585"":""B"",""Q4577"":""B"",""Q4579"":""B"",""Q4576"":""D""}"
SUB1790158914490_366c1506,2026-09-23T10:21:54.490Z,RIPOSPF0109,Routing Protocols: RIP & OSPF(Basics),Manhas,manhasrahi164@gmail.com,5.5,20,27.5,467,4,5,1,6,"{""Q3326"":""A"",""Q3327"":""D"",""Q3328"":""D"",""Q3330"":""D"",""Q3331"":""C"",""Q3334"":""B"",""Q3332"":""B"",""Q3329"":""C"",""Q3333"":""A""}"
SUB1790161651005_03c10ab3,2026-09-23T11:07:31.006Z,T001C,JKPSI Telecom T001C,y,yogeetasharma3001@gmail.com,30,40,75,865,15,0,5,11,"{""Q232"":""B"",""Q233"":""A"",""Q234"":""C"",""Q235"":""C"",""Q237"":""B"",""Q238"":""D"",""Q239"":""B"",""Q240"":""A"",""Q241"":""C"",""Q243"":""B"",""Q244"":""A"",""Q246"":""B"",""Q249"":""A"",""Q250"":""B"",""Q251"":""B""}"
SUB1790163259503_99bb35d7,2026-09-23T11:34:19.503Z,T001B,JKPSI_Telecom_T001B,y,yogeetasharma3001@gmail.com,36,40,90,979,18,0,2,2,"{""Q212"":""D"",""Q213"":""D"",""Q214"":""D"",""Q215"":""C"",""Q218"":""A"",""Q220"":""D"",""Q221"":""C"",""Q222"":""B"",""Q224"":""B"",""Q225"":""C"",""Q226"":""B"",""Q227"":""B"",""Q228"":""B"",""Q229"":""C"",""Q230"":""A"",""Q231"":""B"",""Q217"":""D"",""Q216"":""A""}"
SUB1790164954014_47cca96a,2026-09-23T12:02:34.015Z,KMAPS1109,K Maps,shahzareen,shahzareenarather07@gmail.com,10,20,50,347,6,4,0,2,"{""Q3726"":""B"",""Q3727"":""D"",""Q3728"":""C"",""Q3729"":""B"",""Q3730"":""C"",""Q3731"":""B"",""Q3732"":""C"",""Q3733"":""D"",""Q3734"":""B"",""Q3735"":""C""}"
SUB1790164989086_3c524014,2026-09-23T12:03:09.086Z,KMAPS1109,K Maps,shahzareen,shahzareenarather07@gmail.com,10,20,50,347,6,4,0,3,"{""Q3726"":""B"",""Q3727"":""D"",""Q3728"":""C"",""Q3729"":""B"",""Q3730"":""C"",""Q3731"":""B"",""Q3732"":""C"",""Q3733"":""D"",""Q3734"":""B"",""Q3735"":""C""}"
SUB1790165016318_db0fb284,2026-09-23T12:03:36.319Z,KMAPS1109,K Maps,shahzareen,shahzareenarather07@gmail.com,10,20,50,347,6,4,0,4,"{""Q3726"":""B"",""Q3727"":""D"",""Q3728"":""C"",""Q3729"":""B"",""Q3730"":""C"",""Q3731"":""B"",""Q3732"":""C"",""Q3733"":""D"",""Q3734"":""B"",""Q3735"":""C""}"
SUB1790165052352_e79328e6,2026-09-23T12:04:12.353Z,KMAPS1109,K Maps,shahzareen,shahzareenarather07@gmail.com,10,20,50,347,6,4,0,5,"{""Q3726"":""B"",""Q3727"":""D"",""Q3728"":""C"",""Q3729"":""B"",""Q3730"":""C"",""Q3731"":""B"",""Q3732"":""C"",""Q3733"":""D"",""Q3734"":""B"",""Q3735"":""C""}"
SUB1790165087032_c91f609a,2026-09-23T12:04:47.033Z,KMAPS1109,K Maps,shahzareen,shahzareenarather07@gmail.com,10,20,50,347,6,4,0,6,"{""Q3726"":""B"",""Q3727"":""D"",""Q3728"":""C"",""Q3729"":""B"",""Q3730"":""C"",""Q3731"":""B"",""Q3732"":""C"",""Q3733"":""D"",""Q3734"":""B"",""Q3735"":""C""}"
SUB1790165102583_a39cdd6b,2026-09-23T12:05:02.583Z,KMAPS1109,K Maps,shahzareen,shahzareenarather07@gmail.com,10,20,50,347,6,4,0,7,"{""Q3726"":""B"",""Q3727"":""D"",""Q3728"":""C"",""Q3729"":""B"",""Q3730"":""C"",""Q3731"":""B"",""Q3732"":""C"",""Q3733"":""D"",""Q3734"":""B"",""Q3735"":""C""}"
SUB1790165970628_42f2e9f5,2026-09-23T12:19:30.629Z,JKR1408SIT,J&K Reorganisation Act,Rafiya Anwar,rafiyaanwar1@gmail.com,15,20,75,282,8,2,0,4,"{""Q2766"":""A"",""Q2767"":""C"",""Q2768"":""D"",""Q2769"":""A"",""Q2770"":""C"",""Q2771"":""D"",""Q2772"":""C"",""Q2773"":""B"",""Q2774"":""C"",""Q2775"":""A""}"
SUB1790167853979_49fe8c2b,2026-09-23T12:50:53.980Z,IPSPSPFR2209,"Indian Polity: Preamble, Fundamental Rights & 
Duties, Directive Principles of State Policy",Kay4M,alikamran0103@gmail.com,20,20,100,111,10,0,0,1,"{""Q4616"":""A"",""Q4617"":""B"",""Q4618"":""A"",""Q4619"":""A"",""Q4620"":""B"",""Q4621"":""C"",""Q4622"":""C"",""Q4623"":""C"",""Q4624"":""C"",""Q4625"":""D""}"
SUB1790167901914_3aae49df,2026-09-23T12:51:41.915Z,IPSPSPFR2209,"Indian Polity: Preamble, Fundamental Rights & 
Duties, Directive Principles of State Policy",Kay4M,alikamran0103@gmail.com,20,20,100,111,10,0,0,2,"{""Q4616"":""A"",""Q4617"":""B"",""Q4618"":""A"",""Q4619"":""A"",""Q4620"":""B"",""Q4621"":""C"",""Q4622"":""C"",""Q4623"":""C"",""Q4624"":""C"",""Q4625"":""D""}"
SUB1790173043309_3df5cdf4,2026-09-23T14:17:23.309Z,GS2009,General Science,Muhammad Sammy,usernamesammy500@gmail.com,2.75,10,27.5,281,4,5,1,3,"{""Q4086"":""A"",""Q4088"":""B"",""Q4089"":""A"",""Q4090"":""B"",""Q4091"":""D"",""Q4092"":""D"",""Q4093"":""B"",""Q4094"":""A"",""Q4095"":""B""}"
SUB1790173880903_282920a6,2026-09-23T14:31:20.905Z,ECO2009,General Economics,Bilal,bilal9596303059@gmail.com,8.75,10,87.5,126,9,1,0,1,"{""Q4046"":""C"",""Q4047"":""A"",""Q4048"":""C"",""Q4049"":""B"",""Q4050"":""A"",""Q4051"":""A"",""Q4052"":""B"",""Q4053"":""C"",""Q4054"":""D"",""Q4055"":""C""}"
SUB1790223106395_48c473a5,2026-09-24T04:11:46.396Z,ACAFP2408,"Analog Communication: AM, FM, PM",Yasir,yasirnisar66@gmail.com,15,20,75,463,8,2,0,1,"{""Q3086"":""A"",""Q3087"":""B"",""Q3088"":""C"",""Q3089"":""B"",""Q3090"":""A"",""Q3092"":""C"",""Q3093"":""A"",""Q3094"":""B"",""Q3095"":""C"",""Q3091"":""A""}"
SUB1790223179532_01c0a86a,2026-09-24T04:12:59.533Z,AI2SIT,"AI, DS and Automation Test 2",Umar Rashid,umir0721@gmail.com,38.5,60,64.17,1180,21,7,2,4,"{""Q1771"":""D"",""Q1772"":""A"",""Q1773"":""A"",""Q1774"":""A"",""Q1775"":""B"",""Q1776"":""A"",""Q1777"":""B"",""Q1779"":""A"",""Q1780"":""A"",""Q1781"":""C"",""Q1782"":""A"",""Q1783"":""B"",""Q1784"":""C"",""Q1785"":""A"",""Q1786"":""D"",""Q1787"":""B"",""Q1788"":""A"",""Q1789"":""C"",""Q1791"":""A"",""Q1792"":""D"",""Q1793"":""C"",""Q1794"":""A"",""Q1795"":""B"",""Q1796"":""C"",""Q1797"":""A"",""Q1798"":""A"",""Q1799"":""B"",""Q1800"":""A""}"
SUB1790242715099_3e3374f3,2026-09-24T09:38:35.100Z,IPSPSPFR2209,"Indian Polity: Preamble, Fundamental Rights & 
Duties, Directive Principles of State Policy",BASIT WAKEEL,basitwani377@gmail.com,10,20,50,257,6,4,0,3,"{""Q4616"":""B"",""Q4617"":""B"",""Q4618"":""C"",""Q4619"":""A"",""Q4620"":""C"",""Q4621"":""C"",""Q4622"":""C"",""Q4623"":""C"",""Q4624"":""C"",""Q4625"":""A""}"
SUB1790244237802_4d1fecba,2026-09-24T10:03:57.802Z,T001B,JKPSI_Telecom_T001B,BASIT WAKEEL,basitwani377@gmail.com,25,40,62.5,620,14,6,0,12,"{""Q212"":""D"",""Q213"":""A"",""Q214"":""D"",""Q215"":""C"",""Q216"":""A"",""Q217"":""D"",""Q218"":""D"",""Q219"":""D"",""Q220"":""D"",""Q221"":""B"",""Q222"":""B"",""Q223"":""C"",""Q224"":""D"",""Q225"":""C"",""Q226"":""B"",""Q227"":""B"",""Q228"":""B"",""Q229"":""C"",""Q230"":""A"",""Q231"":""C""}"
SUB1790245050771_33269cfd,2026-09-24T10:17:30.772Z,T001C,JKPSI Telecom T001C,BASIT WAKEEL,basitwani377@gmail.com,20,40,50,529,12,8,0,25,"{""Q232"":""C"",""Q233"":""A"",""Q234"":""C"",""Q235"":""A"",""Q236"":""B"",""Q237"":""A"",""Q238"":""C"",""Q239"":""B"",""Q240"":""A"",""Q241"":""A"",""Q242"":""B"",""Q243"":""B"",""Q244"":""A"",""Q245"":""A"",""Q246"":""B"",""Q247"":""C"",""Q248"":""C"",""Q249"":""A"",""Q250"":""B"",""Q251"":""B""}"
SUB1790261732595_bf6b534b,2026-09-24T14:55:32.595Z,GS2009,General Science,Faizana Mushtaq,faizanabhatt@gmail.com,2.5,10,25,151,4,6,0,4,"{""Q4086"":""C"",""Q4087"":""D"",""Q4088"":""B"",""Q4089"":""C"",""Q4090"":""D"",""Q4091"":""B"",""Q4092"":""A"",""Q4093"":""D"",""Q4094"":""B"",""Q4095"":""B""}"
SUB1790266066176_614b4da2,2026-09-24T16:07:46.177Z,NSCDE0909,Number System & Conversions,Mohd Aslam,aqidnazir11@gmail.com,15,20,75,591,8,2,0,1,"{""Q3646"":""C"",""Q3647"":""B"",""Q3648"":""D"",""Q3650"":""C"",""Q3651"":""B"",""Q3652"":""D"",""Q3653"":""A"",""Q3654"":""A"",""Q3655"":""B"",""Q3649"":""D""}"